Workbook

Sheet Appendix A
B1: Enhet | C1: Case1 | D1: Case2 | E1: Case3 | F1: Case4 | G1: Case5 | H1: Case6 | I1: Case7 | J1: Case8 | N1: Absorber-høyder | P1: Stripper høyder | R1: Case | S1: Tot Avvik | T1: KPI avvik
A2: CO2_IN | B2: dry % | C2: 3.52 | D2: 6.77 | E2: 7.41 | F2: 3.57 | G2: 3.9 | H2: 5.41 | I2: 4.57 | J2: 1.55 | N2: 1 | P2: 0 | R2: 1 | S2: 5.3414388 | T2: 9.8841281
A3: CO2_OUT | B3: dry % | C3: 0.29 | D3: 1.19 | E3: 3.05 | F3: 0 | G3: 0.44 | H3: 3.09 | I3: 1.38 | J3: 0 | N3: 2 | P3: 1 | R3: 2 | S3: 9.0133989 | T3: 8.2608676
A4: FT_100 | B4: kg/h | C4: 166.93 | D4: 172.33 | E4: 152.07 | F4: 142.13 | G4: 240.87 | H4: 178.72 | I4: 238.82 | J4: 239.09 | N4: 3 | P4: 2 | R4: 3 | S4: 9.1575025 | T4: 5.0984884
A5: FT_101 | B5: kg/h | C5: 171.04 | D5: 179.79 | E5: 156.95 | F5: 146.43 | G5: 246.13 | H5: 180.31 | I5: 241.74 | J5: 240.34 | N5: 4 | P5: 3 | R5: 5 | S5: 5.6683996 | T5: 7.2986775
A6: FT06 | B6: m³/h | C6: 89.77 | D6: 90.09 | E6: 127.02 | F6: 100.1 | G6: 125.94 | H6: 118.96 | I6: 118.87 | J6: 118.57 | N6: 5 | P6: 4 | R6: 6 | S6: 8.1796378 | T6: 15.201889
A7: FT_EH | B7: kg/h | C7: 2.91 | D7: 4.16 | E7: 4.6 | F7: 3.93 | G7: 5.56 | H7: 2.11 | I7: 3.49 | J7: 5.42 | N7: 6 | R7: 7 | S7: 8.5353452 | T7: 18.876674
A8: FT_EM | B8: kg/h | C8: 4.41 | D8: 7.71 | E8: 8.99 | F8: 6.53 | G8: 7.21 | H8: 4.95 | I8: 6.63 | J8: 3.25 | N8: 7
A9: FT_VASK | B9: kg/h | C9: 23.51 | D9: 23.21 | E9: 294.18 | F9: 271 | G9: 264.18 | H9: 196.66 | I9: 228.23 | J9: 251.49
A10: HE_04/05/06 | B10: kW | C10: 6.82 | D10: 9.23 | E10: 10.02 | F10: 8.29 | G10: 10.35 | H10: 6.13 | I10: 8.33 | J10: 8.26
A11: LT_01 | B11: L | C11: 11.32 | D11: 11.32 | E11: 11.32 | F11: 11.32 | G11: 11.67 | H11: 11.95 | I11: 11.95 | J11: 11.95
A12: LT_02 | B12: L | C12: 54.03 | D12: 53.31 | E12: 53.84 | F12: 53.67 | G12: 53.67 | H12: 54.75 | I12: 54.39 | J12: 54.4
A13: PI_100 | B13: mbar | C13: 1014.07 | D13: 1002.74 | E13: 1040.05 | F13: 1027.44 | G13: 1012.1 | H13: 1030.53 | I13: 1031.27 | J13: 1001.61
A14: PI_102 | B14: mbar | C14: 1019.19 | D14: 1005.78 | E14: 1048.13 | F14: 1032.3 | G14: 1020.73 | H14: 1038.75 | I14: 1041.48 | J14: 1010.21
A15: PI_103 | B15: mbar | C15: 1016.6 | D15: 1010.37 | E15: 1056.4 | F15: 1035.01 | G15: 1029 | H15: 1042.66 | I15: 1045.31 | J15: 1014.5
A16: PT_02 | B16: barg | C16: 0.9 | D16: 0.9 | E16: 0.9 | F16: 0.9 | G16: 0.9 | H16: 0.7 | I16: 0.7 | J16: 0.7
A17: PT_04 | B17: barg | C17: 0.89 | D17: 0.88 | E17: 0.88 | F17: 0.89 | G17: 0.88 | H17: 0.69 | I17: 0.68 | J17: 0.7
A18: PT11 | B18: L | C18: 6.48 | D18: 6.89 | E18: 6.97 | F18: 5.86 | G18: 6.6 | H18: 6.49 | I18: 6.78 | J18: 5.67
A19: QT_100 | B19: kg/l | C19: 1.069 | D19: 1.065 | E19: 1.053 | F19: 1.057 | G19: 1.069 | H19: 1.075 | I19: 1.071 | J19: 1.059
A20: QT_101 | B20: kg/l | C20: 1.091 | D20: 1.097 | E20: 1.102 | F20: 1.097 | G20: 1.092 | H20: 1.102 | I20: 1.096 | J20: 1.073
... A51: TV5 | B51: °C | C51: 43.26 | D51: 50.54 | E51: 49.37 | F51: 43.55 | G51: 47.16 | H51: 40.71 | I51: 41.86 | J51: 37.87
A52: Test | C52: 10 | D52: 55

Sheet SS case 1
A1: Timeline: | B1: Engineering
A2: Model server: | B2: ProcessModel
A4: Case: | B4: 1
A6: Fargevisning:
A7: Grønn: | B7: 0 | C7: 5
A8: Gul: | B8: 5 | C8: 10
A9: Rød: | B9: 10 | C9: 100
A11: TAG in literature | B11: Value from Appendix A | C11: TAG in model | D11: Data-tag in model | E11: SimulatedValue | F11: unit | G11: % deviation | H11: Comment
A12: SETPOINTS SET IN MCL
A13: FT06 | B13: =IFERROR(_xlfn.XLOOKUP(A13,'Appendix A'!A:A,'Appendix A'!C:C),"") -> 89.77 | C13: 00FIC001 | D13: 00FIC001:InternalSetpoint | E13: {=_xll.ReadKSpice(_xlfn.CONCAT("/",$B$1,"/",$B$2,"/",D13,"@V_Unit=",F13))} -> #N/A | F13: m3/h | G13: =100*(E13-B13)/B13 -> #N/A | H13: Gas Flow Rate
A14: FT_100 | B14: =IFERROR(_xlfn.XLOOKUP(A14,'Appendix A'!A:A,'Appendix A'!C:C),"") -> 166.93 | C14: 00FC001 | D14: 00FC001:InternalSetpoint | E14: {=_xll.ReadKSpice(_xlfn.CONCAT("/",$B$1,"/",$B$2,"/",D14,"@V_Unit=",F14))} -> #N/A | F14: kg/h | G14: =100*(E14-B14)/B14 -> #N/A | H14: Solvent Flow Rate Lean input
A15: TA08 | B15: =IFERROR(_xlfn.XLOOKUP(A15,'Appendix A'!A:A,'Appendix A'!C:C),"") -> 49.1 | C15: LeanMEA_inn | D15: LeanMEA_inn:InstructorTemperature | E15: {=_xll.ReadKSpice(_xlfn.CONCAT("/",$B$1,"/",$B$2,"/",D15,"@V_Unit=",F15))} -> #N/A | F15: degC | G15: =100*(E15-B15)/B15 -> #N/A | H15: Temperature Lean Solvent LeanMEA_inn
A16: TA08 | B16: =IFERROR(_xlfn.XLOOKUP(A16,'Appendix A'!A:A,'Appendix A'!C:C),"") -> 49.1 | C16: 02TIC002 | D16: 02TIC002:InternalSetpoint | E16: {=_xll.ReadKSpice(_xlfn.CONCAT("/",$B$1,"/",$B$2,"/",D16,"@V_Unit=",F16))} -> #N/A | F16: degC | G16: =100*(E16-B16)/B16 -> #N/A | H16: Temperature Lean Solvent LeanMEA_ut
A17: HE_04/05/06 | B17: =IFERROR(_xlfn.XLOOKUP(A17,'Appendix A'!A:A,'Appendix A'!C:C),"") -> 6.82 | C17: 02QIC001 | D17: 02QIC001:InternalSetpoint | E17: {=_xll.ReadKSpice(_xlfn.CONCAT("/",$B$1,"/",$B$2,"/",D17,"@V_Unit=",F17))} -> #N/A | F17: kW | G17: =100*(E17-B17)/B17 -> #N/A | H17: Reboiler Duty
A18: TAB | B18: =IFERROR(_xlfn.XLOOKUP(A18,'Appendix A'!A:A,'Appendix A'!C:C),"") -> 42.18 | C18: 00TIC000 | D18: 00TIC000:InternalSetpoint | E18: {=_xll.ReadKSpice(_xlfn.CONCAT("/",$B$1,"/",$B$2,"/",D18,"@V_Unit=",F18))} -> #N/A | F18: degC | G18: =100*(E18-B18)/B18 -> #N/A | H18: Absorber Inlet CO2 Temperature
B19: 0.3 | C19: LAL_IN | D19: LAL_IN:Output | E19: {=_xll.ReadKSpice(_xlfn.CONCAT("/",$B$1,"/",$B$2,"/",D19,"@V_Unit=",F19))} -> #N/A | F19: mol/mol | G19: =100*(E19-B19)/B19 -> #N/A | H19: CO2 Loading Lean input
A20: PI_100 | B20: =IFERROR(_xlfn.XLOOKUP(A20,'Appendix A'!A:A,'Appendix A'!C:C),"") -> 1014.07 | C20: 00PIC002 | D20: 00PIC002:InternalSetpoint | E20: {=_xll.ReadKSpice(_xlfn.CONCAT("/",$B$1,"/",$B$2,"/",D20,"@V_Unit=",F20))} -> #N/A | F20: mbara | G20: =100*(E20-B20)/B20 -> #N/A | H20: Pressure in absorber
A21: PT_02 | B21: =IFERROR(_xlfn.XLOOKUP(A21,'Appendix A'!A:A,'Appendix A'!C:C),"") -> 0.9 | C21: 04PIC001 | D21: 04PIC001:InternalSetpoint | E21: {=_xll.ReadKSpice(_xlfn.CONCAT("/",$B$1,"/",$B$2,"/",D21,"@V_Unit=",F21))} -> #N/A | F21: barg | G21: =100*(E21-B21)/B21 -> #N/A | H21: Pressure in reboiler
A22: TT_01 | B22: =IFERROR(_xlfn.XLOOKUP(A22,'Appendix A'!A:A,'Appendix A'!C:C),"") -> 30.65 | C22: 03TIC001 | D22: 03TIC001:InternalSetpoint | E22: {=_xll.ReadKSpice(_xlfn.CONCAT("/",$B$1,"/",$B$2,"/",D22,"@V_Unit=",F22))} -> #N/A | F22: degC | G22: =100*(E22-B22)/B22 -> #N/A | H22: EX03 cooling loop
A23: TT_02 | B23: =IFERROR(_xlfn.XLOOKUP(A23,'Appendix A'!A:A,'Appendix A'!C:C),"") -> 18.08 | C23: 04TIC001 | D23: 04TIC001:InternalSetpoint | E23: {=_xll.ReadKSpice(_xlfn.CONCAT("/",$B$1,"/",$B$2,"/",D23,"@V_Unit=",F23))} -> #N/A | F23: degC | G23: =100*(E23-B23)/B23 -> #N/A | H23: EX04 cooling loop
A25: FLOW INTO ABSORBER
A26: FT06 | B26: =IFERROR(_xlfn.XLOOKUP(A26,'Appendix A'!A:A,'Appendix A'!C:C),"") -> 89.77 | C26: 00FT001 | D26: 00FT001:MeasuredValue | E26: {=_xll.ReadKSpice(_xlfn.CONCAT("/",$B$1,"/",$B$2,"/",D26,"@V_Unit=",F26))} -> #N/A | F26: m3/h | G26: =100*(E26-B26)/B26 -> #N/A
A27: PI_103 | B27: =IFERROR(_xlfn.XLOOKUP(A27,'Appendix A'!A:A,'Appendix A'!C:C),"") -> 1016.6 | C27: 00PT001 | D27: 00PT001:MeasuredValue | E27: {=_xll.ReadKSpice(_xlfn.CONCAT("/",$B$1,"/",$B$2,"/",D27,"@V_Unit=",F27))} -> #N/A | F27: mbara | G27: =100*(E27-B27)/B27 -> #N/A
A28: TV5 | B28: =IFERROR(_xlfn.XLOOKUP(A28,'Appendix A'!A:A,'Appendix A'!C:C),"") -> 43.26 | C28: 00TAB000 | D28: 00TAB000:MeasuredValue | E28: {=_xll.ReadKSpice(_xlfn.CONCAT("/",$B$1,"/",$B$2,"/",D28,"@V_Unit=",F28))} -> #N/A | F28: degC | G28: =100*(E28-B28)/B28 -> #N/A
A29: FT_100 | B29: =IFERROR(_xlfn.XLOOKUP(A29,'Appendix A'!A:A,'Appendix A'!C:C),"") -> 166.93 | C29: 00FT003 | D29: 00FT003:MeasuredValue | E29: {=_xll.ReadKSpice(_xlfn.CONCAT("/",$B$1,"/",$B$2,"/",D29,"@V_Unit=",F29))} -> #N/A | F29: kg/h | G29: =100*(E29-B29)/B29 -> #N/A
A30: TA08 | B30: =IFERROR(_xlfn.XLOOKUP(A30,'Appendix A'!A:A,'Appendix A'!C:C),"") -> 49.1 | C30: LeanAmineInput | D30: LeanAmineInput:OutletStream.t | E30: {=_xll.ReadKSpice(_xlfn.CONCAT("/",$B$1,"/",$B$2,"/",D30,"@V_Unit=",F30))} -> #N/A | F30: degC | G30: =100*(E30-B30)/B30 -> #N/A | H30: Temperature Lean Solvent LeanMEA_inn
A31: TA08 | B31: =IFERROR(_xlfn.XLOOKUP(A31,'Appendix A'!A:A,'Appendix A'!C:C),"") -> 49.1 | C31: 02TT002 | D31: 02TT002:MeasuredValue | E31: {=_xll.ReadKSpice(_xlfn.CONCAT("/",$B$1,"/",$B$2,"/",D31,"@V_Unit=",F31))} -> #N/A | F31: degC | G31: =100*(E31-B31)/B31 -> #N/A | H31: Temperature Lean Solvent LeanMEA_ut
A33: ABSORBER
A34: CO2_IN | B34: =IFERROR(_xlfn.XLOOKUP(A34,'Appendix A'!A:A,'Appendix A'!C:C),"") -> 3.52 | C34: GasToAbsorber | D34: GasToAbsorber:OutputCompositionVector[4] | E34: {=_xll.ReadKSpice(_xlfn.CONCAT("/",$B$1,"/",$B$2,"/",D34,"@V_Unit=",F34))} -> #N/A | F34: % | G34: =100*(E34-B34)/B34 -> #N/A | H34: % CO2
A35: CO2_OUT (Gas) | B35: =IFERROR(_xlfn.XLOOKUP(A35,'Appendix A'!A:A,'Appendix A'!D:D),"") | C35: GasFromAbsorber | D35: GasFromAbsorber:OutputCompositionVector[4] | E35: {=_xll.ReadKSpice(_xlfn.CONCAT("/",$B$1,"/",$B$2,"/",D35,"@V_Unit=",F35))} -> #N/A | F35: % | H35: CO2 in gas form
A36: CO2_OUT (In MEA) | B36: =IFERROR(_xlfn.XLOOKUP(A36,'Appendix A'!A:A,'Appendix A'!D:D),"") | C36: GasFromAbsorber | D36: GasFromAbsorber:OutputCompositionVector[2] | E36: {=_xll.ReadKSpice(_xlfn.CONCAT("/",$B$1,"/",$B$2,"/",D36,"@V_Unit=",F36))} -> #N/A | F36: % | H36: CO2 in MEA
A37: CO2_OUT | B37: =IFERROR(_xlfn.XLOOKUP(A37,'Appendix A'!A:A,'Appendix A'!C:C),"") -> 0.29 | C37: GasFromAbsorber | E37: =E36+E35 -> #N/A | F37: % | G37: =100*(E37-B37)/B37 -> #N/A | H37: Combined CO2 % in treated gas
A38: PI_100 | B38: =IFERROR(_xlfn.XLOOKUP(A38,'Appendix A'!A:A,'Appendix A'!C:C),"") -> 1014.07 | C38: 00PI100 | D38: 00PI100:MeasuredValue | E38: {=_xll.ReadKSpice(_xlfn.CONCAT("/",$B$1,"/",$B$2,"/",D38,"@V_Unit=",F38))} -> #N/A | F38: mbara | G38: =100*(E38-B38)/B38 -> #N/A
A39: PI_102 | B39: =IFERROR(_xlfn.XLOOKUP(A39,'Appendix A'!A:A,'Appendix A'!C:C),"") -> 1019.19 | C39: 00PI102 | D39: 00PI102:MeasuredValue | E39: {=_xll.ReadKSpice(_xlfn.CONCAT("/",$B$1,"/",$B$2,"/",D39,"@V_Unit=",F39))} -> #N/A | F39: mbara | G39: =100*(E39-B39)/B39 -> #N/A
A40: TAB | B40: =IFERROR(_xlfn.XLOOKUP(A40,'Appendix A'!A:A,'Appendix A'!C:C),"") -> 42.18 | C40: 00TAB000 | D40: 00TAB000:MeasuredValue | E40: {=_xll.ReadKSpice(_xlfn.CONCAT("/",$B$1,"/",$B$2,"/",D40,"@V_Unit=",F40))} -> #N/A | F40: degC | G40: =100*(E40-B40)/B40 -> #N/A | H40: Lik TV5? Det er samme transpimmer i K-spice
A41: TA00 | B41: =IFERROR(_xlfn.XLOOKUP(A41,'Appendix A'!A:A,'Appendix A'!C:C),"") -> 45.14 | C41: 00TA000 | D41: 00TA000:MeasuredValue | E41: {=_xll.ReadKSpice(_xlfn.CONCAT("/",$B$1,"/",$B$2,"/",D41,"@V_Unit=",F41))} -> #N/A | F41: degC | G41: =100*(E41-B41)/B41 -> #N/A
A42: TA01 | B42: =IFERROR(_xlfn.XLOOKUP(A42,'Appendix A'!A:A,'Appendix A'!C:C),"") -> 46.62 | C42: 00TA001 | D42: 00TA001:MeasuredValue | E42: {=_xll.ReadKSpice(_xlfn.CONCAT("/",$B$1,"/",$B$2,"/",D42,"@V_Unit=",F42))} -> #N/A | F42: degC | G42: =100*(E42-B42)/B42 -> #N/A
A43: TA02 | B43: =IFERROR(_xlfn.XLOOKUP(A43,'Appendix A'!A:A,'Appendix A'!C:C),"") -> 49.38 | C43: 00TA002 | D43: 00TA002:MeasuredValue | E43: {=_xll.ReadKSpice(_xlfn.CONCAT("/",$B$1,"/",$B$2,"/",D43,"@V_Unit=",F43))} -> #N/A | F43: degC | G43: =100*(E43-B43)/B43 -> #N/A
A44: TA03 | B44: =IFERROR(_xlfn.XLOOKUP(A44,'Appendix A'!A:A,'Appendix A'!C:C),"") -> 50.97 | C44: 00TA003 | D44: 00TA003:MeasuredValue | E44: {=_xll.ReadKSpice(_xlfn.CONCAT("/",$B$1,"/",$B$2,"/",D44,"@V_Unit=",F44))} -> #N/A | F44: degC | G44: =100*(E44-B44)/B44 -> #N/A
A45: TA04 | B45: =IFERROR(_xlfn.XLOOKUP(A45,'Appendix A'!A:A,'Appendix A'!C:C),"") -> 52.49 | C45: 00TA004 | D45: 00TA004:MeasuredValue | E45: {=_xll.ReadKSpice(_xlfn.CONCAT("/",$B$1,"/",$B$2,"/",D45,"@V_Unit=",F45))} -> #N/A | F45: degC | G45: =100*(E45-B45)/B45 -> #N/A
A46: TA05 | B46: =IFERROR(_xlfn.XLOOKUP(A46,'Appendix A'!A:A,'Appendix A'!C:C),"") -> 56.29 | C46: 00TA005 | D46: 00TA005:MeasuredValue | E46: {=_xll.ReadKSpice(_xlfn.CONCAT("/",$B$1,"/",$B$2,"/",D46,"@V_Unit=",F46))} -> #N/A | F46: degC | G46: =100*(E46-B46)/B46 -> #N/A
A47: TA06 | B47: =IFERROR(_xlfn.XLOOKUP(A47,'Appendix A'!A:A,'Appendix A'!C:C),"") -> 57.47 | C47: 00TA006 | D47: 00TA006:MeasuredValue | E47: {=_xll.ReadKSpice(_xlfn.CONCAT("/",$B$1,"/",$B$2,"/",D47,"@V_Unit=",F47))} -> #N/A | F47: degC | G47: =100*(E47-B47)/B47 -> #N/A
A48: TA07 | B48: =IFERROR(_xlfn.XLOOKUP(A48,'Appendix A'!A:A,'Appendix A'!C:C),"") -> 56.03 | C48: 00TA007 | D48: 00TA007:MeasuredValue | E48: {=_xll.ReadKSpice(_xlfn.CONCAT("/",$B$1,"/",$B$2,"/",D48,"@V_Unit=",F48))} -> #N/A | F48: degC | G48: =100*(E48-B48)/B48 -> #N/A
A49: TI_15 | B49: =IFERROR(_xlfn.XLOOKUP(A49,'Appendix A'!A:A,'Appendix A'!C:C),"") -> 48.35 | C49: 00TI015 | D49: 00TI015:MeasuredValue | E49: {=_xll.ReadKSpice(_xlfn.CONCAT("/",$B$1,"/",$B$2,"/",D49,"@V_Unit=",F49))} -> #N/A | F49: degC | G49: =100*(E49-B49)/B49 -> #N/A
A50: PT11 | B50: =IFERROR(_xlfn.XLOOKUP(A50,'Appendix A'!A:A,'Appendix A'!C:C),"") -> 6.48 | F50: l
A51: LT_01 | B51: =IFERROR(_xlfn.XLOOKUP(A51,'Appendix A'!A:A,'Appendix A'!C:C),"") -> 11.32 | F51: l | H51: Antar dette er extra column (dp)
A52: PT11 + LT_01 | B52: =B50+B51 -> 17.8 | C52: 00QIT001 | D52: 00QIT001:MeasuredValue | E52: {=_xll.ReadKSpice(_xlfn.CONCAT("/",$B$1,"/",$B$2,"/",D52,"@V_Unit=",F52))} -> #N/A | F52: l | G52: =100*(E52-B52)/B52 -> #N/A | H52: Absorber drum i K-spice = PT11 + LT_01
A54: FLOW OUT OF ABSORBER
A55: FT_101 | B55: =IFERROR(_xlfn.XLOOKUP(A55,'Appendix A'!A:A,'Appendix A'!C:C),"") -> 171.04 | C55: 00FT101 | D55: 00FT101:MeasuredValue | E55: {=_xll.ReadKSpice(_xlfn.CONCAT("/",$B$1,"/",$B$2,"/",D55,"@V_Unit=",F55))} -> #N/A | F55: kg/h | G55: =100*(E55-B55)/B55 -> #N/A
A56: TI_01 | B56: =IFERROR(_xlfn.XLOOKUP(A56,'Appendix A'!A:A,'Appendix A'!C:C),"") -> 44.96 | F56: degC | H56: Denne eksisterer ikke i K-Spice
A57: TI_03 | B57: =IFERROR(_xlfn.XLOOKUP(A57,'Appendix A'!A:A,'Appendix A'!C:C),"") -> 43.37 | C57: 00TI003 | D57: 00TI003:MeasuredValue | E57: {=_xll.ReadKSpice(_xlfn.CONCAT("/",$B$1,"/",$B$2,"/",D57,"@V_Unit=",F57))} -> #N/A | F57: degC | G57: =100*(E57-B57)/B57 -> #N/A
A58: TI_04 | B58: =IFERROR(_xlfn.XLOOKUP(A58,'Appendix A'!A:A,'Appendix A'!C:C),"") -> 44.15 | C58: 00TI004 | D58: 00TI004:MeasuredValue | E58: {=_xll.ReadKSpice(_xlfn.CONCAT("/",$B$1,"/",$B$2,"/",D58,"@V_Unit=",F58))} -> #N/A | F58: degC | G58: =100*(E58-B58)/B58 -> #N/A
A60: DESORBER
A61: TS01 | B61: =IFERROR(_xlfn.XLOOKUP(A61,'Appendix A'!A:A,'Appendix A'!C:C),"") -> 116.73 | C61: 01TS001 | D61: 01TS001:MeasuredValue | E61: {=_xll.ReadKSpice(_xlfn.CONCAT("/",$B$1,"/",$B$2,"/",D61,"@V_Unit=",F61))} -> #N/A | F61: degC | G61: =100*(E61-B61)/B61 -> #N/A
A62: TS02 | B62: =IFERROR(_xlfn.XLOOKUP(A62,'Appendix A'!A:A,'Appendix A'!C:C),"") -> 109.2 | C62: 01TS002 | D62: 01TS002:MeasuredValue | E62: {=_xll.ReadKSpice(_xlfn.CONCAT("/",$B$1,"/",$B$2,"/",D62,"@V_Unit=",F62))} -> #N/A | F62: degC | G62: =100*(E62-B62)/B62 -> #N/A
A63: TS03 | B63: =IFERROR(_xlfn.XLOOKUP(A63,'Appendix A'!A:A,'Appendix A'!C:C),"") -> 106.76 | C63: 01TS003 | D63: 01TS003:MeasuredValue | E63: {=_xll.ReadKSpice(_xlfn.CONCAT("/",$B$1,"/",$B$2,"/",D63,"@V_Unit=",F63))} -> #N/A | F63: degC | G63: =100*(E63-B63)/B63 -> #N/A
A64: TS04 | B64: =IFERROR(_xlfn.XLOOKUP(A64,'Appendix A'!A:A,'Appendix A'!C:C),"") -> 106.59 | C64: 01TS004 | D64: 01TS004:MeasuredValue | E64: {=_xll.ReadKSpice(_xlfn.CONCAT("/",$B$1,"/",$B$2,"/",D64,"@V_Unit=",F64))} -> #N/A | F64: degC | G64: =100*(E64-B64)/B64 -> #N/A
A65: TS05 | B65: =IFERROR(_xlfn.XLOOKUP(A65,'Appendix A'!A:A,'Appendix A'!C:C),"") -> 107.02 | C65: 01TS005 | D65: 01TS005:MeasuredValue | E65: {=_xll.ReadKSpice(_xlfn.CONCAT("/",$B$1,"/",$B$2,"/",D65,"@V_Unit=",F65))} -> #N/A | F65: degC | G65: =100*(E65-B65)/B65 -> #N/A
A66: TI_07 | B66: =IFERROR(_xlfn.XLOOKUP(A66,'Appendix A'!A:A,'Appendix A'!C:C),"") -> 107.81 | C66: 01TI007 | D66: 01TI007:MeasuredValue | E66: {=_xll.ReadKSpice(_xlfn.CONCAT("/",$B$1,"/",$B$2,"/",D66,"@V_Unit=",F66))} -> #N/A | F66: degC | G66: =100*(E66-B66)/B66 -> #N/A
A67: TI_09 | B67: =IFERROR(_xlfn.XLOOKUP(A67,'Appendix A'!A:A,'Appendix A'!C:C),"") -> 112.66 | C67: 01TI009 | D67: 01TI009:MeasuredValue | E67: {=_xll.ReadKSpice(_xlfn.CONCAT("/",$B$1,"/",$B$2,"/",D67,"@V_Unit=",F67))} -> #N/A | F67: degC | G67: =100*(E67-B67)/B67 -> #N/A
A68: TI_11 | B68: =IFERROR(_xlfn.XLOOKUP(A68,'Appendix A'!A:A,'Appendix A'!C:C),"") -> 105.46 | C68: 01TI011 | D68: 01TI011:MeasuredValue | E68: {=_xll.ReadKSpice(_xlfn.CONCAT("/",$B$1,"/",$B$2,"/",D68,"@V_Unit=",F68))} -> #N/A | F68: degC | G68: =100*(E68-B68)/B68 -> #N/A
A70: REBOILER
A71: FT_EH | B71: =IFERROR(_xlfn.XLOOKUP(A71,'Appendix A'!A:A,'Appendix A'!C:C),"") -> 2.91 | C71: 04FT001 | D71: 04FT001:MeasuredValue | E71: {=_xll.ReadKSpice(_xlfn.CONCAT("/",$B$1,"/",$B$2,"/",D71,"@V_Unit=",F71))} -> #N/A | F71: kg/h | G71: =100*(E71-B71)/B71 -> #N/A
A72: HE_04/05/06 | B72: =IFERROR(_xlfn.XLOOKUP(A72,'Appendix A'!A:A,'Appendix A'!C:C),"") -> 6.82 | C72: 02QI001 | D72: 02QI001:MeasuredValue | E72: {=_xll.ReadKSpice(_xlfn.CONCAT("/",$B$1,"/",$B$2,"/",D72,"@V_Unit=",F72))} -> #N/A | F72: kW | G72: =100*(E72-B72)/B72 -> #N/A
A73: LT_02 | B73: =IFERROR(_xlfn.XLOOKUP(A73,'Appendix A'!A:A,'Appendix A'!C:C),"") -> 54.03 | C73: 02QIT001 | D73: 02QIT001:MeasuredValue | E73: {=_xll.ReadKSpice(_xlfn.CONCAT("/",$B$1,"/",$B$2,"/",D73,"@V_Unit=",F73))} -> #N/A | F73: l | G73: =100*(E73-B73)/B73 -> #N/A
A74: PT_02 | B74: =IFERROR(_xlfn.XLOOKUP(A74,'Appendix A'!A:A,'Appendix A'!C:C),"") -> 0.9 | C74: 02PI002 | D74: 02PI002:MeasuredValue | E74: {=_xll.ReadKSpice(_xlfn.CONCAT("/",$B$1,"/",$B$2,"/",D74,"@V_Unit=",F74))} -> #N/A | F74: barg | G74: =100*(E74-B74)/B74 -> #N/A
A75: TI_08 | B75: =IFERROR(_xlfn.XLOOKUP(A75,'Appendix A'!A:A,'Appendix A'!C:C),"") -> 15.7 | C75: 04TI008 | D75: 04TI008:MeasuredValue | E75: {=_xll.ReadKSpice(_xlfn.CONCAT("/",$B$1,"/",$B$2,"/",D75,"@V_Unit=",F75))} -> #N/A | F75: degC | G75: =100*(E75-B75)/B75 -> #N/A
A76: TI10 | B76: =IFERROR(_xlfn.XLOOKUP(A76,'Appendix A'!A:A,'Appendix A'!C:C),"") -> 117.57 | C76: 02TI010 | D76: 02TI010:MeasuredValue | E76: {=_xll.ReadKSpice(_xlfn.CONCAT("/",$B$1,"/",$B$2,"/",D76,"@V_Unit=",F76))} -> #N/A | F76: degC | G76: =100*(E76-B76)/B76 -> #N/A
A78: CONDENSER
A79: FT_EM | B79: =IFERROR(_xlfn.XLOOKUP(A79,'Appendix A'!A:A,'Appendix A'!C:C),"") -> 4.41 | C79: 04FT004 | D79: 04FT004:MeasuredValue | E79: {=_xll.ReadKSpice(_xlfn.CONCAT("/",$B$1,"/",$B$2,"/",D79,"@V_Unit=",F79))} -> #N/A | F79: kg/h | G79: =100*(E79-B79)/B79 -> #N/A
A80: PT_04 | B80: =IFERROR(_xlfn.XLOOKUP(A80,'Appendix A'!A:A,'Appendix A'!C:C),"") -> 0.89 | C80: 04PT004 | D80: 04PT004:MeasuredValue | E80: {=_xll.ReadKSpice(_xlfn.CONCAT("/",$B$1,"/",$B$2,"/",D80,"@V_Unit=",F80))} -> #N/A | F80: barg | G80: =100*(E80-B80)/B80 -> #N/A
A82: EX01 | B82: =IFERROR(_xlfn.XLOOKUP(A82,'Appendix A'!A:A,'Appendix A'!D:D),"")
A83: TT103 | B83: =IFERROR(_xlfn.XLOOKUP(A83,'Appendix A'!A:A,'Appendix A'!C:C),"") -> 48.25 | C83: 01TT103 | D83: 01TT103:MeasuredValue | E83: {=_xll.ReadKSpice(_xlfn.CONCAT("/",$B$1,"/",$B$2,"/",D83,"@V_Unit=",F83))} -> #N/A | F83: degC | G83: =100*(E83-B83)/B83 -> #N/A
A84: TI_20 | C84: 02TI020 | D84: 02TI020:MeasuredValue | E84: {=_xll.ReadKSpice(_xlfn.CONCAT("/",$B$1,"/",$B$2,"/",D84,"@V_Unit=",F84))} -> #N/A | F84: degC | G84: =100*(E84-B84)/B84 -> #N/A | H84: Finnes ikke i Appendix A
A85: TI_06 | B85: =IFERROR(_xlfn.XLOOKUP(A85,'Appendix A'!A:A,'Appendix A'!C:C),"") -> 109.87 | C85: 01TI006 | D85: 01TI006:MeasuredValue | E85: {=_xll.ReadKSpice(_xlfn.CONCAT("/",$B$1,"/",$B$2,"/",D85,"@V_Unit=",F85))} -> #N/A | F85: degC | G85: =100*(E85-B85)/B85 -> #N/A
A87: EX03
A88: TT_01 | B88: =IFERROR(_xlfn.XLOOKUP(A88,'Appendix A'!A:A,'Appendix A'!C:C),"") -> 30.65 | C88: 03TT001 | D88: 03TT001:MeasuredValue | E88: {=_xll.ReadKSpice(_xlfn.CONCAT("/",$B$1,"/",$B$2,"/",D88,"@V_Unit=",F88))} -> #N/A | F88: degC | G88: =100*(E88-B88)/B88 -> #N/A
A90: EX04
A91: TT_02 | B91: =IFERROR(_xlfn.XLOOKUP(A91,'Appendix A'!A:A,'Appendix A'!C:C),"") -> 18.08 | C91: 04TT002 | D91: 04TT002:MeasuredValue | E91: {=_xll.ReadKSpice(_xlfn.CONCAT("/",$B$1,"/",$B$2,"/",D91,"@V_Unit=",F91))} -> #N/A | F91: degC | G91: =100*(E91-B91)/B91 -> #N/A
A93: UKJENT PLASSERING
A94: FT_VASK | B94: =IFERROR(_xlfn.XLOOKUP(A94,'Appendix A'!A:A,'Appendix A'!C:C),"") -> 23.51 | E94: {=_xll.ReadKSpice(_xlfn.CONCAT("/",$B$1,"/",$B$2,"/",D94,"@V_Unit=",F94))} -> #N/A | F94: kg/h | G94: =100*(E94-B94)/B94 -> #N/A
A95: QT_100 | B95: =IFERROR(_xlfn.XLOOKUP(A95,'Appendix A'!A:A,'Appendix A'!C:C),"") -> 1.069 | E95: {=_xll.ReadKSpice(_xlfn.CONCAT("/",$B$1,"/",$B$2,"/",D95,"@V_Unit=",F95))} -> #N/A | F95: kg/l | G95: =100*(E95-B95)/B95 -> #N/A
A96: QT_101 | B96: =IFERROR(_xlfn.XLOOKUP(A96,'Appendix A'!A:A,'Appendix A'!C:C),"") -> 1.091 | E96: {=_xll.ReadKSpice(_xlfn.CONCAT("/",$B$1,"/",$B$2,"/",D96,"@V_Unit=",F96))} -> #N/A | F96: kg/l | G96: =100*(E96-B96)/B96 -> #N/A
A97: TI_05 | B97: =IFERROR(_xlfn.XLOOKUP(A97,'Appendix A'!A:A,'Appendix A'!C:C),"") -> 36.06 | E97: {=_xll.ReadKSpice(_xlfn.CONCAT("/",$B$1,"/",$B$2,"/",D97,"@V_Unit=",F97))} -> #N/A | F97: degC | G97: =100*(E97-B97)/B97 -> #N/A
A98: TT_03 | B98: =IFERROR(_xlfn.XLOOKUP(A98,'Appendix A'!A:A,'Appendix A'!C:C),"") -> 36.8 | E98: {=_xll.ReadKSpice(_xlfn.CONCAT("/",$B$1,"/",$B$2,"/",D98,"@V_Unit=",F98))} -> #N/A | F98: degC | G98: =100*(E98-B98)/B98 -> #N/A
A100: KPIs
A101: table 8 | B101: 0.42 | C101: RAL | D101: RAL:Output | E101: {=_xll.ReadKSpice(_xlfn.CONCAT("/",$B$1,"/",$B$2,"/",D101,"@V_Unit=",F101))} -> #N/A | F101: kg/h | G101: =100*(E101-B101)/B101 -> #N/A
A102: table 8 | B102: 0.3 | C102: LAL | D102: LAL:Output | E102: {=_xll.ReadKSpice(_xlfn.CONCAT("/",$B$1,"/",$B$2,"/",D102,"@V_Unit=",F102))} -> #N/A | F102: mol/mol | G102: =100*(E102-B102)/B102 -> #N/A | H102: Lean amine output (sinked)
A103: Beregnet | B103: =((B34-B37)/B34)*100 -> 91.761364 | C103: CCR | D103: CCR:Output | E103: {=_xll.ReadKSpice(_xlfn.CONCAT("/",$B$1,"/",$B$2,"/",D103,"@V_Unit=",F103))} -> #N/A | F103: % | G103: =100*(E103-B103)/B103 -> #N/A | H103: Carbon capture ratio
A104: Beregnet | C104: SRD | D104: SRD:Output | E104: {=_xll.ReadKSpice(_xlfn.CONCAT("/",$B$1,"/",$B$2,"/",D104,"@V_Unit=",F104))} -> #N/A | F104: GJ/tonCO2 | G104: =100*(E104-B104)/B104 -> #N/A | H104: Spesific reboiler Duty
C105: SSMB | D105: SSMB:Output | E105: {=_xll.ReadKSpice(_xlfn.CONCAT("/",$B$1,"/",$B$2,"/",D105,"@V_Unit=",F105))} -> #N/A | F105: % | G105: =100*(E105-B105)/B105 -> #N/A | H105: Steady State Mass Balance

Sheet SS case 1 (v19.5)
A1: Timeline: | B1: Engineering
A2: Model server: | B2: ProcessModel
A4: Case: | B4: 1
A6: Fargevisning:
A7: Grønn: | B7: 0 | C7: 5
A8: Gul: | B8: 5 | C8: 10
A9: Rød: | B9: 10 | C9: 100 | F9: GJ KPI avvik: | G9: {=AVERAGE(ABS(G101:G104))} -> 9.8841281
F10: Gj. Avvik: | G10: {=AVERAGE(ABS(G26:G31),ABS(G34),ABS(G37:G49),ABS(G52),ABS(G55),ABS(G57:G58),ABS(G61:G68),ABS(G71:G76),ABS(G79),ABS(G80),ABS(G83),ABS(G85),ABS(G88),ABS(G91),ABS(G101:G103))} -> 5.3414388
A11: TAG in literature | B11: Value from Appendix A | C11: TAG in model | D11: Data-tag in model | E11: SimulatedValue | F11: unit | G11: % deviation | H11: Comment
A12: SETPOINTS SET IN MCL
A13: FT06 | B13: 89.77 | C13: 00FIC001 | D13: 00FIC001:InternalSetpoint | E13: 89.77 | F13: m3/h | G13: 0 | H13: Gas Flow Rate
A14: FT_100 | B14: 166.93 | C14: 00FC001 | D14: 00FC001:InternalSetpoint | E14: 166.9 | F14: kg/h | G14: -0.017971605 | H14: Solvent Flow Rate Lean input
A15: TA08 | B15: 49.1 | C15: LeanMEA_inn | D15: LeanMEA_inn:InstructorTemperature | E15: 49.1 | F15: degC | G15: 4.3414016e-14 | H15: Temperature Lean Solvent LeanMEA_inn
A16: TA08 | B16: 49.1 | C16: 02TIC002 | D16: 02TIC002:InternalSetpoint | E16: 49.1 | F16: degC | G16: 4.3414016e-14 | H16: Temperature Lean Solvent LeanMEA_ut
A17: HE_04/05/06 | B17: 6.82 | C17: 02QIC001 | D17: 02QIC001:InternalSetpoint | E17: 6.8 | F17: kW | G17: -0.29325513 | H17: Reboiler Duty
A18: TAB | B18: 42.18 | C18: 00TIC000 | D18: 00TIC000:InternalSetpoint | E18: 42.18 | F18: degC | G18: 1.6845489e-14 | H18: Absorber Inlet CO2 Temperature
B19: 0.3 | C19: LAL_IN | D19: LAL_IN:Output | E19: 0.29999017 | F19: mol/mol | G19: -0.00327592 | H19: CO2 Loading Lean input
A20: PI_100 | B20: 1014.07 | C20: 00PIC002 | D20: 00PIC002:InternalSetpoint | E20: 1014.07 | F20: mbara | G20: 0 | H20: Pressure in absorber
A21: PT_02 | B21: 0.9 | C21: 04PIC001 | D21: 04PIC001:InternalSetpoint | E21: 0.9 | F21: barg | G21: 1.2335811e-14 | H21: Pressure in reboiler
A22: TT_01 | B22: 30.65 | C22: 03TIC001 | D22: 03TIC001:InternalSetpoint | E22: 30.65 | F22: degC | G22: -6.9547413e-14 | H22: EX03 cooling loop
A23: TT_02 | B23: 18.08 | C23: 04TIC001 | D23: 04TIC001:InternalSetpoint | E23: 18.08 | F23: degC | G23: -7.859986e-14 | H23: EX04 cooling loop
A25: FLOW INTO ABSORBER
A26: FT06 | B26: 89.77 | C26: 00FT001 | D26: 00FT001:MeasuredValue | E26: 89.77 | F26: m3/h | G26: 1.5949654e-08
A27: PI_103 | B27: 1016.6 | C27: 00PT001 | D27: 00PT001:MeasuredValue | E27: 1016.9171 | F27: mbara | G27: 0.03119264
A28: TV5 | B28: 43.26 | C28: 00TAB000 | D28: 00TAB000:MeasuredValue | E28: 42.18 | F28: degC | G28: -2.4965326
A29: FT_100 | B29: 166.93 | C29: 00FT003 | D29: 00FT003:MeasuredValue | E29: 166.9 | F29: kg/h | G29: -0.017971605
A30: TA08 | B30: 49.1 | C30: LeanAmineInput | D30: LeanAmineInput:OutletStream.t | E30: 49.105499 | F30: degC | G30: 0.011200039 | H30: Temperature Lean Solvent LeanMEA_inn
A31: TA08 | B31: 49.1 | C31: 02TT002 | D31: 02TT002:MeasuredValue | E31: 43.271168 | F31: degC | G31: -11.871349 | H31: Temperature Lean Solvent LeanMEA_ut
A33: ABSORBER
A34: CO2_IN | B34: 3.52 | C34: GasToAbsorber | D34: GasToAbsorber:OutputCompositionVector[4] | E34: 3.657213 | F34: % | G34: 3.8980954 | H34: % CO2
A35: CO2_OUT (Gas) | C35: GasFromAbsorber | D35: GasFromAbsorber:OutputCompositionVector[4] | E35: 0.12217625 | F35: % | H35: CO2 in gas form
A36: CO2_OUT (In MEA) | C36: GasFromAbsorber | D36: GasFromAbsorber:OutputCompositionVector[2] | E36: 0.066244726 | F36: % | H36: CO2 in MEA
A37: CO2_OUT | B37: 0.29 | C37: GasFromAbsorber | E37: 0.18842097 | F37: % | G37: -35.027251 | H37: Combined CO2 % in treated gas
A38: PI_100 | B38: 1014.07 | C38: 00PI100 | D38: 00PI100:MeasuredValue | E38: 1014.07 | F38: mbara | G38: -4.689394e-08
A39: PI_102 | B39: 1019.19 | C39: 00PI102 | D39: 00PI102:MeasuredValue | E39: 1016.7288 | F39: mbara | G39: -0.24148628
A40: TAB | B40: 42.18 | C40: 00TAB000 | D40: 00TAB000:MeasuredValue | E40: 42.18 | F40: degC | G40: -3.5656847e-10 | H40: Lik TV5? Det er samme transpimmer i K-spice
A41: TA00 | B41: 45.14 | C41: 00TA000 | D41: 00TA000:MeasuredValue | E41: 42.885413 | F41: degC | G41: -4.9946555
A42: TA01 | B42: 46.62 | C42: 00TA001 | D42: 00TA001:MeasuredValue | E42: 42.857455 | F42: degC | G42: -8.0706679
A43: TA02 | B43: 49.38 | C43: 00TA002 | D43: 00TA002:MeasuredValue | E43: 50.898921 | F43: degC | G43: 3.0759843
A44: TA03 | B44: 50.97 | C44: 00TA003 | D44: 00TA003:MeasuredValue | E44: 51.254026 | F44: degC | G44: 0.55724169
A45: TA04 | B45: 52.49 | C45: 00TA004 | D45: 00TA004:MeasuredValue | E45: 51.250125 | F45: degC | G45: -2.3621158
A46: TA05 | B46: 56.29 | C46: 00TA005 | D46: 00TA005:MeasuredValue | E46: 51.2275 | F46: degC | G46: -8.9936047
A47: TA06 | B47: 57.47 | C47: 00TA006 | D47: 00TA006:MeasuredValue | E47: 51.183418 | F47: degC | G47: -10.938893
A48: TA07 | B48: 56.03 | C48: 00TA007 | D48: 00TA007:MeasuredValue | E48: 51.060845 | F48: degC | G48: -8.8687406
A49: TI_15 | B49: 48.35 | C49: 00TI015 | D49: 00TI015:MeasuredValue | E49: 49.179976 | F49: degC | G49: 1.7165998
A50: PT11 | B50: 6.48 | F50: l
A51: LT_01 | B51: 11.32 | F51: l | H51: Antar dette er extra column (dp)
A52: PT11 + LT_01 | B52: 17.8 | C52: 00QIT001 | D52: 00QIT001:MeasuredValue | E52: 17.450574 | F52: l | G52: -1.9630659 | H52: Absorber drum i K-spice = PT11 + LT_01
A54: FLOW OUT OF ABSORBER
A55: FT_101 | B55: 171.04 | C55: 00FT101 | D55: 00FT101:MeasuredValue | E55: 165.79994 | F55: kg/h | G55: -3.0636464
A56: TI_01 | B56: 44.96 | F56: degC | H56: Denne eksisterer ikke i K-Spice
A57: TI_03 | B57: 43.37 | C57: 00TI003 | D57: 00TI003:MeasuredValue | E57: 50.216884 | F57: degC | G57: 15.787144
A58: TI_04 | B58: 44.15 | C58: 00TI004 | D58: 00TI004:MeasuredValue | E58: 42.925234 | F58: degC | G58: -2.7741014
A60: DESORBER
A61: TS01 | B61: 116.73 | C61: 01TS001 | D61: 01TS001:MeasuredValue | E61: 110.43462 | F61: degC | G61: -5.393114
A62: TS02 | B62: 109.2 | C62: 01TS002 | D62: 01TS002:MeasuredValue | E62: 107.52152 | F62: degC | G62: -1.5370663
A63: TS03 | B63: 106.76 | C63: 01TS003 | D63: 01TS003:MeasuredValue | E63: 105.74951 | F63: degC | G63: -0.94650771
A64: TS04 | B64: 106.59 | C64: 01TS004 | D64: 01TS004:MeasuredValue | E64: 104.89105 | F64: degC | G64: -1.593907
A65: TS05 | B65: 107.02 | C65: 01TS005 | D65: 01TS005:MeasuredValue | E65: 104.54082 | F65: degC | G65: -2.3165588
A66: TI_07 | B66: 107.81 | C66: 01TI007 | D66: 01TI007:MeasuredValue | E66: 104.31041 | F66: degC | G66: -3.2460756
A67: TI_09 | B67: 112.66 | C67: 01TI009 | D67: 01TI009:MeasuredValue | E67: 111.67043 | F67: degC | G67: -0.8783666
A68: TI_11 | B68: 105.46 | C68: 01TI011 | D68: 01TI011:MeasuredValue | E68: 104.40612 | F68: degC | G68: -0.99932062
A70: REBOILER
A71: FT_EH | B71: 2.91 | C71: 04FT001 | D71: 04FT001:MeasuredValue | E71: 3.886707 | F71: kg/h | G71: 33.563814 | H71: Returnerer mer vann fra kondenser
A72: HE_04/05/06 | B72: 6.82 | C72: 02QI001 | D72: 02QI001:MeasuredValue | E72: 6.7999993 | F72: kW | G72: -0.29326609
A73: LT_02 | B73: 54.03 | C73: 02QIT001 | D73: 02QIT001:MeasuredValue | E73: 53.669266 | F73: l | G73: -0.66765539
A74: PT_02 | B74: 0.9 | C74: 02PI002 | D74: 02PI002:MeasuredValue | E74: 0.89996719 | F74: barg | G74: -0.0036461068
A75: TI_08 | B75: 15.7 | C75: 04TI008 | D75: 04TI008:MeasuredValue | E75: 18.107182 | F75: degC | G75: 15.332372
A76: TI10 | B76: 117.57 | C76: 02TI010 | D76: 02TI010:MeasuredValue | E76: 115.79093 | F76: degC | G76: -1.5131974
A78: CONDENSER
A79: FT_EM | B79: 4.41 | C79: 04FT004 | D79: 04FT004:MeasuredValue | E79: 5.6841391 | F79: kg/h | G79: 28.892044 | H79: For høy strømning renset co2
A80: PT_04 | B80: 0.89 | C80: 04PT004 | D80: 04PT004:MeasuredValue | E80: 0.89693153 | F80: barg | G80: 0.77882326
A82: EX01
A83: TT103 | B83: 48.25 | C83: 01TT103 | D83: 01TT103:MeasuredValue | E83: 43.928719 | F83: degC | G83: -8.9560223
A84: TI_20 | C84: 02TI020 | D84: 02TI020:MeasuredValue | E84: 115.79093 | F84: degC | G84: #DIV/0! | H84: Finnes ikke i Appendix A
A85: TI_06 | B85: 109.87 | C85: 01TI006 | D85: 01TI006:MeasuredValue | E85: 109.41851 | F85: degC | G85: -0.41093408
A87: EX03
A88: TT_01 | B88: 30.65 | C88: 03TT001 | D88: 03TT001:MeasuredValue | E88: 30.650136 | F88: degC | G88: 0.00044382394
A90: EX04
A91: TT_02 | B91: 18.08 | C91: 04TT002 | D91: 04TT002:MeasuredValue | E91: 18.077538 | F91: degC | G91: -0.01361966
A93: UKJENT PLASSERING
A94: FT_VASK | B94: 23.51 | E94: Status:ItemUnknown | F94: kg/h | G94: #VALUE!
A95: QT_100 | B95: 1.069 | E95: Status:ItemUnknown | F95: kg/l | G95: #VALUE!
A96: QT_101 | B96: 1.091 | E96: Status:ItemUnknown | F96: kg/l | G96: #VALUE!
A97: TI_05 | B97: 36.06 | E97: Status:ItemUnknown | F97: degC | G97: #VALUE!
A98: TT_03 | B98: 36.8 | E98: Status:ItemUnknown | F98: degC | G98: #VALUE!
A100: KPIs
A101: table 8 | B101: 0.42 | C101: RAL | D101: RAL:Output | E101: 0.46108703 | F101: kg/h | G101: 9.782626
A102: table 8 | B102: 0.3 | C102: LAL | D102: LAL:Output | E102: 0.289742 | F102: mol/mol | G102: -3.4193333 | H102: Lean amine output (sinked)
A103: Beregnet | B103: 91.761364 | C103: CCR | D103: CCR:Output | E103: 95.2 | F103: % | G103: 3.7473684 | H103: Carbon capture ratio
A104: Beregnet | B104: 5.5673469 | C104: SRD | D104: SRD:Output | E104: 4.30984 | F104: GJ/tonCO2 | G104: -22.587185 | H104: Spesific reboiler Duty
C105: SSMB | D105: SSMB:Output | E105: -5.31e-05 | F105: % | H105: Steady State Mass Balance

Sheet SS case 2
A1: Timeline: | B1: Engineering
A2: Model server: | B2: ProcessModel
A4: Case: | B4: 2
A6: Fargevisning:
A7: Grønn: | B7: 0 | C7: 5
A8: Gul: | B8: 5 | C8: 10
A9: Rød: | B9: 10 | C9: 100
A11: TAG in literature | B11: Value from Appendix A | C11: TAG in model | D11: Data-tag in model | E11: SimulatedValue | F11: unit | G11: % deviation | H11: Comment
A12: SETPOINTS SET IN MCL
A13: FT06 | B13: =IFERROR(_xlfn.XLOOKUP(A13,'Appendix A'!A:A,'Appendix A'!D:D),"") -> 90.09 | C13: 00FIC001 | D13: 00FIC001:InternalSetpoint | E13: {=_xll.ReadKSpice(_xlfn.CONCAT("/",$B$1,"/",$B$2,"/",D13,"@V_Unit=",F13))} -> #N/A | F13: m3/h | G13: =100*(E13-B13)/B13 -> #N/A | H13: Gas Flow Rate
A14: FT_100 | B14: =IFERROR(_xlfn.XLOOKUP(A14,'Appendix A'!A:A,'Appendix A'!D:D),"") -> 172.33 | C14: 00FC001 | D14: 00FC001:InternalSetpoint | E14: {=_xll.ReadKSpice(_xlfn.CONCAT("/",$B$1,"/",$B$2,"/",D14,"@V_Unit=",F14))} -> #N/A | F14: kg/h | G14: =100*(E14-B14)/B14 -> #N/A | H14: Solvent Flow Rate Lean input
A15: TA08 | B15: =IFERROR(_xlfn.XLOOKUP(A15,'Appendix A'!A:A,'Appendix A'!D:D),"") -> 58.31 | C15: LeanMEA_inn | D15: LeanMEA_inn:InstructorTemperature | E15: {=_xll.ReadKSpice(_xlfn.CONCAT("/",$B$1,"/",$B$2,"/",D15,"@V_Unit=",F15))} -> #N/A | F15: degC | G15: =100*(E15-B15)/B15 -> #N/A | H15: Temperature Lean Solvent LeanMEA_inn
A16: TA08 | B16: =IFERROR(_xlfn.XLOOKUP(A16,'Appendix A'!A:A,'Appendix A'!D:D),"") -> 58.31 | C16: 02TIC002 | D16: 02TIC002:InternalSetpoint | E16: {=_xll.ReadKSpice(_xlfn.CONCAT("/",$B$1,"/",$B$2,"/",D16,"@V_Unit=",F16))} -> #N/A | F16: degC | G16: =100*(E16-B16)/B16 -> #N/A | H16: Temperature Lean Solvent LeanMEA_ut
A17: HE_04/05/06 | B17: =IFERROR(_xlfn.XLOOKUP(A17,'Appendix A'!A:A,'Appendix A'!D:D),"") -> 9.23 | C17: 02QIC001 | D17: 02QIC001:InternalSetpoint | E17: {=_xll.ReadKSpice(_xlfn.CONCAT("/",$B$1,"/",$B$2,"/",D17,"@V_Unit=",F17))} -> #N/A | F17: kW | G17: =100*(E17-B17)/B17 -> #N/A | H17: Reboiler Duty
A18: TAB | B18: =IFERROR(_xlfn.XLOOKUP(A18,'Appendix A'!A:A,'Appendix A'!D:D),"") -> 49.24 | C18: 00TIC000 | D18: 00TIC000:InternalSetpoint | E18: {=_xll.ReadKSpice(_xlfn.CONCAT("/",$B$1,"/",$B$2,"/",D18,"@V_Unit=",F18))} -> #N/A | F18: degC | G18: =100*(E18-B18)/B18 -> #N/A | H18: Absorber Inlet CO2 Temperature
B19: 0.26 | C19: LAL_IN | D19: LAL_IN:Output | E19: {=_xll.ReadKSpice(_xlfn.CONCAT("/",$B$1,"/",$B$2,"/",D19,"@V_Unit=",F19))} -> #N/A | F19: mol/mol | G19: =100*(E19-B19)/B19 -> #N/A | H19: CO2 Loading Lean input
A20: PI_100 | B20: =IFERROR(_xlfn.XLOOKUP(A20,'Appendix A'!A:A,'Appendix A'!D:D),"") -> 1002.74 | C20: 00PIC002 | D20: 00PIC002:InternalSetpoint | E20: {=_xll.ReadKSpice(_xlfn.CONCAT("/",$B$1,"/",$B$2,"/",D20,"@V_Unit=",F20))} -> #N/A | F20: mbara | G20: =100*(E20-B20)/B20 -> #N/A | H20: Pressure in absorber
A21: PT_02 | B21: =IFERROR(_xlfn.XLOOKUP(A21,'Appendix A'!A:A,'Appendix A'!D:D),"") -> 0.9 | C21: 04PIC001 | D21: 04PIC001:InternalSetpoint | E21: {=_xll.ReadKSpice(_xlfn.CONCAT("/",$B$1,"/",$B$2,"/",D21,"@V_Unit=",F21))} -> #N/A | F21: barg | G21: =100*(E21-B21)/B21 -> #N/A | H21: Pressure in reboiler
A22: TT_01 | B22: =IFERROR(_xlfn.XLOOKUP(A22,'Appendix A'!A:A,'Appendix A'!D:D),"") -> 30.64 | C22: 03TIC001 | D22: 03TIC001:InternalSetpoint | E22: {=_xll.ReadKSpice(_xlfn.CONCAT("/",$B$1,"/",$B$2,"/",D22,"@V_Unit=",F22))} -> #N/A | F22: degC | G22: =100*(E22-B22)/B22 -> #N/A | H22: EX03 cooling loop
A23: TT_02 | B23: =IFERROR(_xlfn.XLOOKUP(A23,'Appendix A'!A:A,'Appendix A'!D:D),"") -> 25.01 | C23: 04TIC001 | D23: 04TIC001:InternalSetpoint | E23: {=_xll.ReadKSpice(_xlfn.CONCAT("/",$B$1,"/",$B$2,"/",D23,"@V_Unit=",F23))} -> #N/A | F23: degC | G23: =100*(E23-B23)/B23 -> #N/A | H23: EX04 cooling loop
A25: FLOW INTO ABSORBER
A26: FT06 | B26: =IFERROR(_xlfn.XLOOKUP(A26,'Appendix A'!A:A,'Appendix A'!D:D),"") -> 90.09 | C26: 00FT001 | D26: 00FT001:MeasuredValue | E26: {=_xll.ReadKSpice(_xlfn.CONCAT("/",$B$1,"/",$B$2,"/",D26,"@V_Unit=",F26))} -> #N/A | F26: m3/h | G26: =100*(E26-B26)/B26 -> #N/A
A27: PI_103 | B27: =IFERROR(_xlfn.XLOOKUP(A27,'Appendix A'!A:A,'Appendix A'!D:D),"") -> 1010.37 | C27: 00PT001 | D27: 00PT001:MeasuredValue | E27: {=_xll.ReadKSpice(_xlfn.CONCAT("/",$B$1,"/",$B$2,"/",D27,"@V_Unit=",F27))} -> #N/A | F27: mbara | G27: =100*(E27-B27)/B27 -> #N/A
A28: TV5 | B28: =IFERROR(_xlfn.XLOOKUP(A28,'Appendix A'!A:A,'Appendix A'!D:D),"") -> 50.54 | C28: 00TAB000 | D28: 00TAB000:MeasuredValue | E28: {=_xll.ReadKSpice(_xlfn.CONCAT("/",$B$1,"/",$B$2,"/",D28,"@V_Unit=",F28))} -> #N/A | F28: degC | G28: =100*(E28-B28)/B28 -> #N/A
A29: FT_100 | B29: =IFERROR(_xlfn.XLOOKUP(A29,'Appendix A'!A:A,'Appendix A'!D:D),"") -> 172.33 | C29: 00FT003 | D29: 00FT003:MeasuredValue | E29: {=_xll.ReadKSpice(_xlfn.CONCAT("/",$B$1,"/",$B$2,"/",D29,"@V_Unit=",F29))} -> #N/A | F29: kg/h | G29: =100*(E29-B29)/B29 -> #N/A
A30: TA08 | B30: =IFERROR(_xlfn.XLOOKUP(A30,'Appendix A'!A:A,'Appendix A'!D:D),"") -> 58.31 | C30: LeanAmineInput | D30: LeanAmineInput:OutletStream.t | E30: {=_xll.ReadKSpice(_xlfn.CONCAT("/",$B$1,"/",$B$2,"/",D30,"@V_Unit=",F30))} -> #N/A | F30: degC | G30: =100*(E30-B30)/B30 -> #N/A | H30: Temperature Lean Solvent LeanMEA_inn
A31: TA08 | B31: =IFERROR(_xlfn.XLOOKUP(A31,'Appendix A'!A:A,'Appendix A'!D:D),"") -> 58.31 | C31: 02TT002 | D31: 02TT002:MeasuredValue | E31: {=_xll.ReadKSpice(_xlfn.CONCAT("/",$B$1,"/",$B$2,"/",D31,"@V_Unit=",F31))} -> #N/A | F31: degC | G31: =100*(E31-B31)/B31 -> #N/A | H31: Temperature Lean Solvent LeanMEA_ut
A33: ABSORBER
A34: CO2_IN | B34: =IFERROR(_xlfn.XLOOKUP(A34,'Appendix A'!A:A,'Appendix A'!D:D),"") -> 6.77 | C34: GasToAbsorber | D34: GasToAbsorber:OutputCompositionVector[4] | E34: {=_xll.ReadKSpice(_xlfn.CONCAT("/",$B$1,"/",$B$2,"/",D34,"@V_Unit=",F34))} -> #N/A | F34: % | G34: =100*(E34-B34)/B34 -> #N/A | H34: % CO2
A35: CO2_OUT (Gas) | B35: =IFERROR(_xlfn.XLOOKUP(A35,'Appendix A'!A:A,'Appendix A'!D:D),"") | C35: GasFromAbsorber | D35: GasFromAbsorber:OutputCompositionVector[4] | E35: {=_xll.ReadKSpice(_xlfn.CONCAT("/",$B$1,"/",$B$2,"/",D35,"@V_Unit=",F35))} -> #N/A | F35: % | H35: CO2 in gas form
A36: CO2_OUT (In MEA) | B36: =IFERROR(_xlfn.XLOOKUP(A36,'Appendix A'!A:A,'Appendix A'!D:D),"") | C36: GasFromAbsorber | D36: GasFromAbsorber:OutputCompositionVector[2] | E36: {=_xll.ReadKSpice(_xlfn.CONCAT("/",$B$1,"/",$B$2,"/",D36,"@V_Unit=",F36))} -> #N/A | F36: % | H36: CO2 in MEA
A37: CO2_OUT | B37: =IFERROR(_xlfn.XLOOKUP(A37,'Appendix A'!A:A,'Appendix A'!D:D),"") -> 1.19 | C37: GasFromAbsorber | E37: =E36+E35 -> #N/A | F37: % | G37: =100*(E37-B37)/B37 -> #N/A | H37: Combined CO2 % in treated gas
A38: PI_100 | B38: =IFERROR(_xlfn.XLOOKUP(A38,'Appendix A'!A:A,'Appendix A'!D:D),"") -> 1002.74 | C38: 00PI100 | D38: 00PI100:MeasuredValue | E38: {=_xll.ReadKSpice(_xlfn.CONCAT("/",$B$1,"/",$B$2,"/",D38,"@V_Unit=",F38))} -> #N/A | F38: mbara | G38: =100*(E38-B38)/B38 -> #N/A
A39: PI_102 | B39: =IFERROR(_xlfn.XLOOKUP(A39,'Appendix A'!A:A,'Appendix A'!D:D),"") -> 1005.78 | C39: 00PI102 | D39: 00PI102:MeasuredValue | E39: {=_xll.ReadKSpice(_xlfn.CONCAT("/",$B$1,"/",$B$2,"/",D39,"@V_Unit=",F39))} -> #N/A | F39: mbara | G39: =100*(E39-B39)/B39 -> #N/A
A40: TAB | B40: =IFERROR(_xlfn.XLOOKUP(A40,'Appendix A'!A:A,'Appendix A'!D:D),"") -> 49.24 | C40: 00TAB000 | D40: 00TAB000:MeasuredValue | E40: {=_xll.ReadKSpice(_xlfn.CONCAT("/",$B$1,"/",$B$2,"/",D40,"@V_Unit=",F40))} -> #N/A | F40: degC | G40: =100*(E40-B40)/B40 -> #N/A | H40: Lik TV5? Det er samme transpimmer i K-spice
A41: TA00 | B41: =IFERROR(_xlfn.XLOOKUP(A41,'Appendix A'!A:A,'Appendix A'!D:D),"") -> 51.61 | C41: 00TA000 | D41: 00TA000:MeasuredValue | E41: {=_xll.ReadKSpice(_xlfn.CONCAT("/",$B$1,"/",$B$2,"/",D41,"@V_Unit=",F41))} -> #N/A | F41: degC | G41: =100*(E41-B41)/B41 -> #N/A
A42: TA01 | B42: =IFERROR(_xlfn.XLOOKUP(A42,'Appendix A'!A:A,'Appendix A'!D:D),"") -> 52.68 | C42: 00TA001 | D42: 00TA001:MeasuredValue | E42: {=_xll.ReadKSpice(_xlfn.CONCAT("/",$B$1,"/",$B$2,"/",D42,"@V_Unit=",F42))} -> #N/A | F42: degC | G42: =100*(E42-B42)/B42 -> #N/A
A43: TA02 | B43: =IFERROR(_xlfn.XLOOKUP(A43,'Appendix A'!A:A,'Appendix A'!D:D),"") -> 53.57 | C43: 00TA002 | D43: 00TA002:MeasuredValue | E43: {=_xll.ReadKSpice(_xlfn.CONCAT("/",$B$1,"/",$B$2,"/",D43,"@V_Unit=",F43))} -> #N/A | F43: degC | G43: =100*(E43-B43)/B43 -> #N/A
A44: TA03 | B44: =IFERROR(_xlfn.XLOOKUP(A44,'Appendix A'!A:A,'Appendix A'!D:D),"") -> 54.13 | C44: 00TA003 | D44: 00TA003:MeasuredValue | E44: {=_xll.ReadKSpice(_xlfn.CONCAT("/",$B$1,"/",$B$2,"/",D44,"@V_Unit=",F44))} -> #N/A | F44: degC | G44: =100*(E44-B44)/B44 -> #N/A
A45: TA04 | B45: =IFERROR(_xlfn.XLOOKUP(A45,'Appendix A'!A:A,'Appendix A'!D:D),"") -> 55.1 | C45: 00TA004 | D45: 00TA004:MeasuredValue | E45: {=_xll.ReadKSpice(_xlfn.CONCAT("/",$B$1,"/",$B$2,"/",D45,"@V_Unit=",F45))} -> #N/A | F45: degC | G45: =100*(E45-B45)/B45 -> #N/A
A46: TA05 | B46: =IFERROR(_xlfn.XLOOKUP(A46,'Appendix A'!A:A,'Appendix A'!D:D),"") -> 60.1 | C46: 00TA005 | D46: 00TA005:MeasuredValue | E46: {=_xll.ReadKSpice(_xlfn.CONCAT("/",$B$1,"/",$B$2,"/",D46,"@V_Unit=",F46))} -> #N/A | F46: degC | G46: =100*(E46-B46)/B46 -> #N/A
A47: TA06 | B47: =IFERROR(_xlfn.XLOOKUP(A47,'Appendix A'!A:A,'Appendix A'!D:D),"") -> 64.31 | C47: 00TA006 | D47: 00TA006:MeasuredValue | E47: {=_xll.ReadKSpice(_xlfn.CONCAT("/",$B$1,"/",$B$2,"/",D47,"@V_Unit=",F47))} -> #N/A | F47: degC | G47: =100*(E47-B47)/B47 -> #N/A
A48: TA07 | B48: =IFERROR(_xlfn.XLOOKUP(A48,'Appendix A'!A:A,'Appendix A'!D:D),"") -> 65.03 | C48: 00TA007 | D48: 00TA007:MeasuredValue | E48: {=_xll.ReadKSpice(_xlfn.CONCAT("/",$B$1,"/",$B$2,"/",D48,"@V_Unit=",F48))} -> #N/A | F48: degC | G48: =100*(E48-B48)/B48 -> #N/A
A49: TI_15 | B49: =IFERROR(_xlfn.XLOOKUP(A49,'Appendix A'!A:A,'Appendix A'!D:D),"") -> 57.02 | C49: 00TI015 | D49: 00TI015:MeasuredValue | E49: {=_xll.ReadKSpice(_xlfn.CONCAT("/",$B$1,"/",$B$2,"/",D49,"@V_Unit=",F49))} -> #N/A | F49: degC | G49: =100*(E49-B49)/B49 -> #N/A
A50: PT11 | B50: =IFERROR(_xlfn.XLOOKUP(A50,'Appendix A'!A:A,'Appendix A'!D:D),"") -> 6.89 | F50: l
A51: LT_01 | B51: =IFERROR(_xlfn.XLOOKUP(A51,'Appendix A'!A:A,'Appendix A'!D:D),"") -> 11.32 | F51: l | H51: Antar dette er extra column (dp)
A52: PT11 + LT_01 | B52: =B50+B51 -> 18.21 | C52: 00QIT001 | D52: 00QIT001:MeasuredValue | E52: {=_xll.ReadKSpice(_xlfn.CONCAT("/",$B$1,"/",$B$2,"/",D52,"@V_Unit=",F52))} -> #N/A | F52: l | G52: =100*(E52-B52)/B52 -> #N/A | H52: Absorber drum i K-spice = PT11 + LT_01
A54: FLOW OUT OF ABSORBER
A55: FT_101 | B55: =IFERROR(_xlfn.XLOOKUP(A55,'Appendix A'!A:A,'Appendix A'!D:D),"") -> 179.79 | C55: 00FT101 | D55: 00FT101:MeasuredValue | E55: {=_xll.ReadKSpice(_xlfn.CONCAT("/",$B$1,"/",$B$2,"/",D55,"@V_Unit=",F55))} -> #N/A | F55: kg/h | G55: =100*(E55-B55)/B55 -> #N/A
A56: TI_01 | B56: =IFERROR(_xlfn.XLOOKUP(A56,'Appendix A'!A:A,'Appendix A'!D:D),"") -> 51.39 | F56: degC | H56: Denne eksisterer ikke i K-Spice
A57: TI_03 | B57: =IFERROR(_xlfn.XLOOKUP(A57,'Appendix A'!A:A,'Appendix A'!D:D),"") -> 51.32 | C57: 00TI003 | D57: 00TI003:MeasuredValue | E57: {=_xll.ReadKSpice(_xlfn.CONCAT("/",$B$1,"/",$B$2,"/",D57,"@V_Unit=",F57))} -> #N/A | F57: degC | G57: =100*(E57-B57)/B57 -> #N/A
A58: TI_04 | B58: =IFERROR(_xlfn.XLOOKUP(A58,'Appendix A'!A:A,'Appendix A'!D:D),"") -> 50.31 | C58: 00TI004 | D58: 00TI004:MeasuredValue | E58: {=_xll.ReadKSpice(_xlfn.CONCAT("/",$B$1,"/",$B$2,"/",D58,"@V_Unit=",F58))} -> #N/A | F58: degC | G58: =100*(E58-B58)/B58 -> #N/A
A60: DESORBER
A61: TS01 | B61: =IFERROR(_xlfn.XLOOKUP(A61,'Appendix A'!A:A,'Appendix A'!D:D),"") -> 118.69 | C61: 01TS001 | D61: 01TS001:MeasuredValue | E61: {=_xll.ReadKSpice(_xlfn.CONCAT("/",$B$1,"/",$B$2,"/",D61,"@V_Unit=",F61))} -> #N/A | F61: degC | G61: =100*(E61-B61)/B61 -> #N/A
A62: TS02 | B62: =IFERROR(_xlfn.XLOOKUP(A62,'Appendix A'!A:A,'Appendix A'!D:D),"") -> 108.2 | C62: 01TS002 | D62: 01TS002:MeasuredValue | E62: {=_xll.ReadKSpice(_xlfn.CONCAT("/",$B$1,"/",$B$2,"/",D62,"@V_Unit=",F62))} -> #N/A | F62: degC | G62: =100*(E62-B62)/B62 -> #N/A
A63: TS03 | B63: =IFERROR(_xlfn.XLOOKUP(A63,'Appendix A'!A:A,'Appendix A'!D:D),"") -> 104.84 | C63: 01TS003 | D63: 01TS003:MeasuredValue | E63: {=_xll.ReadKSpice(_xlfn.CONCAT("/",$B$1,"/",$B$2,"/",D63,"@V_Unit=",F63))} -> #N/A | F63: degC | G63: =100*(E63-B63)/B63 -> #N/A
A64: TS04 | B64: =IFERROR(_xlfn.XLOOKUP(A64,'Appendix A'!A:A,'Appendix A'!D:D),"") -> 104.87 | C64: 01TS004 | D64: 01TS004:MeasuredValue | E64: {=_xll.ReadKSpice(_xlfn.CONCAT("/",$B$1,"/",$B$2,"/",D64,"@V_Unit=",F64))} -> #N/A | F64: degC | G64: =100*(E64-B64)/B64 -> #N/A
A65: TS05 | B65: =IFERROR(_xlfn.XLOOKUP(A65,'Appendix A'!A:A,'Appendix A'!D:D),"") -> 105.07 | C65: 01TS005 | D65: 01TS005:MeasuredValue | E65: {=_xll.ReadKSpice(_xlfn.CONCAT("/",$B$1,"/",$B$2,"/",D65,"@V_Unit=",F65))} -> #N/A | F65: degC | G65: =100*(E65-B65)/B65 -> #N/A
A66: TI_07 | B66: =IFERROR(_xlfn.XLOOKUP(A66,'Appendix A'!A:A,'Appendix A'!D:D),"") -> 105.5 | C66: 01TI007 | D66: 01TI007:MeasuredValue | E66: {=_xll.ReadKSpice(_xlfn.CONCAT("/",$B$1,"/",$B$2,"/",D66,"@V_Unit=",F66))} -> #N/A | F66: degC | G66: =100*(E66-B66)/B66 -> #N/A
A67: TI_09 | B67: =IFERROR(_xlfn.XLOOKUP(A67,'Appendix A'!A:A,'Appendix A'!D:D),"") -> 115.45 | C67: 01TI009 | D67: 01TI009:MeasuredValue | E67: {=_xll.ReadKSpice(_xlfn.CONCAT("/",$B$1,"/",$B$2,"/",D67,"@V_Unit=",F67))} -> #N/A | F67: degC | G67: =100*(E67-B67)/B67 -> #N/A
A68: TI_11 | B68: =IFERROR(_xlfn.XLOOKUP(A68,'Appendix A'!A:A,'Appendix A'!D:D),"") -> 103.77 | C68: 01TI011 | D68: 01TI011:MeasuredValue | E68: {=_xll.ReadKSpice(_xlfn.CONCAT("/",$B$1,"/",$B$2,"/",D68,"@V_Unit=",F68))} -> #N/A | F68: degC | G68: =100*(E68-B68)/B68 -> #N/A
A70: REBOILER
A71: FT_EH | B71: =IFERROR(_xlfn.XLOOKUP(A71,'Appendix A'!A:A,'Appendix A'!D:D),"") -> 4.16 | C71: 04FT001 | D71: 04FT001:MeasuredValue | E71: {=_xll.ReadKSpice(_xlfn.CONCAT("/",$B$1,"/",$B$2,"/",D71,"@V_Unit=",F71))} -> #N/A | F71: kg/h | G71: =100*(E71-B71)/B71 -> #N/A
A72: HE_04/05/06 | B72: =IFERROR(_xlfn.XLOOKUP(A72,'Appendix A'!A:A,'Appendix A'!D:D),"") -> 9.23 | C72: 02QI001 | D72: 02QI001:MeasuredValue | E72: {=_xll.ReadKSpice(_xlfn.CONCAT("/",$B$1,"/",$B$2,"/",D72,"@V_Unit=",F72))} -> #N/A | F72: kW | G72: =100*(E72-B72)/B72 -> #N/A
A73: LT_02 | B73: =IFERROR(_xlfn.XLOOKUP(A73,'Appendix A'!A:A,'Appendix A'!D:D),"") -> 53.31 | C73: 02QIT001 | D73: 02QIT001:MeasuredValue | E73: {=_xll.ReadKSpice(_xlfn.CONCAT("/",$B$1,"/",$B$2,"/",D73,"@V_Unit=",F73))} -> #N/A | F73: l | G73: =100*(E73-B73)/B73 -> #N/A
A74: PT_02 | B74: =IFERROR(_xlfn.XLOOKUP(A74,'Appendix A'!A:A,'Appendix A'!D:D),"") -> 0.9 | C74: 02PI002 | D74: 02PI002:MeasuredValue | E74: {=_xll.ReadKSpice(_xlfn.CONCAT("/",$B$1,"/",$B$2,"/",D74,"@V_Unit=",F74))} -> #N/A | F74: barg | G74: =100*(E74-B74)/B74 -> #N/A
A75: TI_08 | B75: =IFERROR(_xlfn.XLOOKUP(A75,'Appendix A'!A:A,'Appendix A'!D:D),"") -> 20.81 | C75: 04TI008 | D75: 04TI008:MeasuredValue | E75: {=_xll.ReadKSpice(_xlfn.CONCAT("/",$B$1,"/",$B$2,"/",D75,"@V_Unit=",F75))} -> #N/A | F75: degC | G75: =100*(E75-B75)/B75 -> #N/A
A76: TI10 | B76: =IFERROR(_xlfn.XLOOKUP(A76,'Appendix A'!A:A,'Appendix A'!D:D),"") -> 118.79 | C76: 02TI010 | D76: 02TI010:MeasuredValue | E76: {=_xll.ReadKSpice(_xlfn.CONCAT("/",$B$1,"/",$B$2,"/",D76,"@V_Unit=",F76))} -> #N/A | F76: degC | G76: =100*(E76-B76)/B76 -> #N/A
A78: CONDENSER
A79: FT_EM | B79: =IFERROR(_xlfn.XLOOKUP(A79,'Appendix A'!A:A,'Appendix A'!D:D),"") -> 7.71 | C79: 04FT004 | D79: 04FT004:MeasuredValue | E79: {=_xll.ReadKSpice(_xlfn.CONCAT("/",$B$1,"/",$B$2,"/",D79,"@V_Unit=",F79))} -> #N/A | F79: kg/h | G79: =100*(E79-B79)/B79 -> #N/A
A80: PT_04 | B80: =IFERROR(_xlfn.XLOOKUP(A80,'Appendix A'!A:A,'Appendix A'!D:D),"") -> 0.88 | C80: 04PT004 | D80: 04PT004:MeasuredValue | E80: {=_xll.ReadKSpice(_xlfn.CONCAT("/",$B$1,"/",$B$2,"/",D80,"@V_Unit=",F80))} -> #N/A | F80: barg | G80: =100*(E80-B80)/B80 -> #N/A
A82: EX01 | B82: =IFERROR(_xlfn.XLOOKUP(A82,'Appendix A'!A:A,'Appendix A'!D:D),"")
A83: TT103 | B83: =IFERROR(_xlfn.XLOOKUP(A83,'Appendix A'!A:A,'Appendix A'!D:D),"") -> 52.63 | C83: 01TT103 | D83: 01TT103:MeasuredValue | E83: {=_xll.ReadKSpice(_xlfn.CONCAT("/",$B$1,"/",$B$2,"/",D83,"@V_Unit=",F83))} -> #N/A | F83: degC | G83: =100*(E83-B83)/B83 -> #N/A
A84: TI_20 | C84: 02TI020 | D84: 02TI020:MeasuredValue | E84: {=_xll.ReadKSpice(_xlfn.CONCAT("/",$B$1,"/",$B$2,"/",D84,"@V_Unit=",F84))} -> #N/A | F84: degC | G84: =100*(E84-B84)/B84 -> #N/A | H84: Finnes ikke i Appendix A
A85: TI_06 | B85: =IFERROR(_xlfn.XLOOKUP(A85,'Appendix A'!A:A,'Appendix A'!D:D),"") -> 109.15 | C85: 01TI006 | D85: 01TI006:MeasuredValue | E85: {=_xll.ReadKSpice(_xlfn.CONCAT("/",$B$1,"/",$B$2,"/",D85,"@V_Unit=",F85))} -> #N/A | F85: degC | G85: =100*(E85-B85)/B85 -> #N/A
A87: EX03
A88: TT_01 | B88: =IFERROR(_xlfn.XLOOKUP(A88,'Appendix A'!A:A,'Appendix A'!D:D),"") -> 30.64 | C88: 03TT001 | D88: 03TT001:MeasuredValue | E88: {=_xll.ReadKSpice(_xlfn.CONCAT("/",$B$1,"/",$B$2,"/",D88,"@V_Unit=",F88))} -> #N/A | F88: degC | G88: =100*(E88-B88)/B88 -> #N/A
A90: EX04
A91: TT_02 | B91: =IFERROR(_xlfn.XLOOKUP(A91,'Appendix A'!A:A,'Appendix A'!D:D),"") -> 25.01 | C91: 04TT002 | D91: 04TT002:MeasuredValue | E91: {=_xll.ReadKSpice(_xlfn.CONCAT("/",$B$1,"/",$B$2,"/",D91,"@V_Unit=",F91))} -> #N/A | F91: degC | G91: =100*(E91-B91)/B91 -> #N/A
A93: UKJENT PLASSERING
A94: FT_VASK | B94: =IFERROR(_xlfn.XLOOKUP(A94,'Appendix A'!A:A,'Appendix A'!D:D),"") -> 23.21 | E94: {=_xll.ReadKSpice(_xlfn.CONCAT("/",$B$1,"/",$B$2,"/",D94,"@V_Unit=",F94))} -> #N/A | F94: kg/h | G94: =100*(E94-B94)/B94 -> #N/A
A95: QT_100 | B95: =IFERROR(_xlfn.XLOOKUP(A95,'Appendix A'!A:A,'Appendix A'!D:D),"") -> 1.065 | E95: {=_xll.ReadKSpice(_xlfn.CONCAT("/",$B$1,"/",$B$2,"/",D95,"@V_Unit=",F95))} -> #N/A | F95: kg/l | G95: =100*(E95-B95)/B95 -> #N/A
A96: QT_101 | B96: =IFERROR(_xlfn.XLOOKUP(A96,'Appendix A'!A:A,'Appendix A'!D:D),"") -> 1.097 | E96: {=_xll.ReadKSpice(_xlfn.CONCAT("/",$B$1,"/",$B$2,"/",D96,"@V_Unit=",F96))} -> #N/A | F96: kg/l | G96: =100*(E96-B96)/B96 -> #N/A
A97: TI_05 | B97: =IFERROR(_xlfn.XLOOKUP(A97,'Appendix A'!A:A,'Appendix A'!D:D),"") -> 35.92 | E97: {=_xll.ReadKSpice(_xlfn.CONCAT("/",$B$1,"/",$B$2,"/",D97,"@V_Unit=",F97))} -> #N/A | F97: degC | G97: =100*(E97-B97)/B97 -> #N/A
A98: TT_03 | B98: =IFERROR(_xlfn.XLOOKUP(A98,'Appendix A'!A:A,'Appendix A'!D:D),"") -> 36.63 | E98: {=_xll.ReadKSpice(_xlfn.CONCAT("/",$B$1,"/",$B$2,"/",D98,"@V_Unit=",F98))} -> #N/A | F98: degC | G98: =100*(E98-B98)/B98 -> #N/A
A100: KPIs
A101: table 8 | B101: 0.45 | C101: RAL | D101: RAL:Output | E101: {=_xll.ReadKSpice(_xlfn.CONCAT("/",$B$1,"/",$B$2,"/",D101,"@V_Unit=",F101))} -> #N/A | F101: kg/h | G101: =100*(E101-B101)/B101 -> #N/A
A102: table 8 | B102: 0.26 | C102: LAL | D102: LAL:Output | E102: {=_xll.ReadKSpice(_xlfn.CONCAT("/",$B$1,"/",$B$2,"/",D102,"@V_Unit=",F102))} -> #N/A | F102: mol/mol | G102: =100*(E102-B102)/B102 -> #N/A | H102: Lean amine output (sinked)
A103: Beregnet | B103: =((B34-B37)/B34)*100 -> 82.422452 | C103: CCR | D103: CCR:Output | E103: {=_xll.ReadKSpice(_xlfn.CONCAT("/",$B$1,"/",$B$2,"/",D103,"@V_Unit=",F103))} -> #N/A | F103: % | G103: =100*(E103-B103)/B103 -> #N/A | H103: Carbon capture ratio
A104: Beregnet | B104: =(3.6*B17)/B79 -> 4.3097276 | C104: SRD | D104: SRD:Output | E104: {=_xll.ReadKSpice(_xlfn.CONCAT("/",$B$1,"/",$B$2,"/",D104,"@V_Unit=",F104))} -> #N/A | F104: GJ/tonCO2 | G104: =100*(E104-B104)/B104 -> #N/A | H104: Spesific reboiler Duty
C105: SSMB | D105: SSMB:Output | E105: {=_xll.ReadKSpice(_xlfn.CONCAT("/",$B$1,"/",$B$2,"/",D105,"@V_Unit=",F105))} -> #N/A | F105: % | G105: =100*(E105-B105)/B105 -> #N/A | H105: Steady State Mass Balance

Sheet SS case 2 (v19.5)
A1: Timeline: | B1: Engineering
A2: Model server: | B2: ProcessModel
A4: Case: | B4: 2
A6: Fargevisning:
A7: Grønn: | B7: 0 | C7: 5
A8: Gul: | B8: 5 | C8: 10
A9: Rød: | B9: 10 | C9: 100 | F9: GJ KPI avvik: | G9: {=AVERAGE(ABS(G101:G104))} -> 8.2608676
F10: Gj. Avvik: | G10: {=AVERAGE(ABS(G26:G31),ABS(G34),ABS(G37:G49),ABS(G52),ABS(G55),ABS(G57:G58),ABS(G61:G68),ABS(G71:G76),ABS(G79),ABS(G80),ABS(G83),ABS(G85),ABS(G88),ABS(G91),ABS(G101:G103))} -> 9.0133989
A11: TAG in literature | B11: Value from Appendix A | C11: TAG in model | D11: Data-tag in model | E11: SimulatedValue | F11: unit | G11: % deviation | H11: Comment
A12: SETPOINTS SET IN MCL
A13: FT06 | B13: 90.09 | C13: 00FIC001 | D13: 00FIC001:InternalSetpoint | E13: 90.09 | F13: m3/h | G13: 0 | H13: Gas Flow Rate
A14: FT_100 | B14: 172.33 | C14: 00FC001 | D14: 00FC001:InternalSetpoint | E14: 172.3 | F14: kg/h | G14: -0.017408461 | H14: Solvent Flow Rate Lean input
A15: TA08 | B15: 58.31 | C15: LeanMEA_inn | D15: LeanMEA_inn:InstructorTemperature | E15: 58.31 | F15: degC | G15: 0 | H15: Temperature Lean Solvent LeanMEA_inn
A16: TA08 | B16: 58.31 | C16: 02TIC002 | D16: 02TIC002:InternalSetpoint | E16: 58.31 | F16: degC | G16: 0 | H16: Temperature Lean Solvent LeanMEA_ut
A17: HE_04/05/06 | B17: 9.23 | C17: 02QIC001 | D17: 02QIC001:InternalSetpoint | E17: 9.2 | F17: kW | G17: -0.32502709 | H17: Reboiler Duty
A18: TAB | B18: 49.24 | C18: 00TIC000 | D18: 00TIC000:InternalSetpoint | E18: 49.24 | F18: degC | G18: 1.4430194e-14 | H18: Absorber Inlet CO2 Temperature
B19: 0.26 | C19: LAL_IN | D19: LAL_IN:Output | E19: 0.25998231 | F19: mol/mol | G19: -0.0068051047 | H19: CO2 Loading Lean input
A20: PI_100 | B20: 1002.74 | C20: 00PIC002 | D20: 00PIC002:InternalSetpoint | E20: 1002.74 | F20: mbara | G20: 0 | H20: Pressure in absorber
A21: PT_02 | B21: 0.9 | C21: 04PIC001 | D21: 04PIC001:InternalSetpoint | E21: 0.9 | F21: barg | G21: 1.2335811e-14 | H21: Pressure in reboiler
A22: TT_01 | B22: 30.64 | C22: 03TIC001 | D22: 03TIC001:InternalSetpoint | E22: 30.64 | F22: degC | G22: -4.6380074e-14 | H22: EX03 cooling loop
A23: TT_02 | B23: 25.01 | C23: 04TIC001 | D23: 04TIC001:InternalSetpoint | E23: 25.01 | F23: degC | G23: -4.2615518e-14 | H23: EX04 cooling loop
A25: FLOW INTO ABSORBER
A26: FT06 | B26: 90.09 | C26: 00FT001 | D26: 00FT001:MeasuredValue | E26: 90.09 | F26: m3/h | G26: -1.7117542e-09
A27: PI_103 | B27: 1010.37 | C27: 00PT001 | D27: 00PT001:MeasuredValue | E27: 1016.5625 | F27: mbara | G27: 0.61288942
A28: TV5 | B28: 50.54 | C28: 00TAB000 | D28: 00TAB000:MeasuredValue | E28: 49.24 | F28: degC | G28: -2.57222
A29: FT_100 | B29: 172.33 | C29: 00FT003 | D29: 00FT003:MeasuredValue | E29: 172.3 | F29: kg/h | G29: -0.017408459
A30: TA08 | B30: 58.31 | C30: LeanAmineInput | D30: LeanAmineInput:OutletStream.t | E30: 58.315152 | F30: degC | G30: 0.0088348072 | H30: Temperature Lean Solvent LeanMEA_inn
A31: TA08 | B31: 58.31 | C31: 02TT002 | D31: 02TT002:MeasuredValue | E31: 36.510768 | F31: degC | G31: -37.385066 | H31: Temperature Lean Solvent LeanMEA_ut
A33: ABSORBER
A34: CO2_IN | B34: 6.77 | C34: GasToAbsorber | D34: GasToAbsorber:OutputCompositionVector[4] | E34: 7.07 | F34: % | G34: 4.4313146 | H34: % CO2
A35: CO2_OUT (Gas) | C35: GasFromAbsorber | D35: GasFromAbsorber:OutputCompositionVector[4] | E35: 0.86044665 | F35: % | H35: CO2 in gas form
A36: CO2_OUT (In MEA) | C36: GasFromAbsorber | D36: GasFromAbsorber:OutputCompositionVector[2] | E36: 0.15441535 | F36: % | H36: CO2 in MEA
A37: CO2_OUT | B37: 1.19 | C37: GasFromAbsorber | E37: 1.014862 | F37: % | G37: -14.717479 | H37: Combined CO2 % in treated gas
A38: PI_100 | B38: 1002.74 | C38: 00PI100 | D38: 00PI100:MeasuredValue | E38: 1013.6799 | F38: mbara | G38: 1.0909961
A39: PI_102 | B39: 1005.78 | C39: 00PI102 | D39: 00PI102:MeasuredValue | E39: 1016.3788 | F39: mbara | G39: 1.0537923
A40: TAB | B40: 49.24 | C40: 00TAB000 | D40: 00TAB000:MeasuredValue | E40: 49.24 | F40: degC | G40: 2.8990259e-11 | H40: Lik TV5? Det er samme transpimmer i K-spice
A41: TA00 | B41: 51.61 | C41: 00TA000 | D41: 00TA000:MeasuredValue | E41: 36.207834 | F41: degC | G41: -29.843375
A42: TA01 | B42: 52.68 | C42: 00TA001 | D42: 00TA001:MeasuredValue | E42: 36.180429 | F42: degC | G42: -31.32037
A43: TA02 | B43: 53.57 | C43: 00TA002 | D43: 00TA002:MeasuredValue | E43: 39.844703 | F43: degC | G43: -25.621237
A44: TA03 | B44: 54.13 | C44: 00TA003 | D44: 00TA003:MeasuredValue | E44: 42.652794 | F44: degC | G44: -21.203041
A45: TA04 | B45: 55.1 | C45: 00TA004 | D45: 00TA004:MeasuredValue | E45: 45.290017 | F45: degC | G45: -17.803961
A46: TA05 | B46: 60.1 | C46: 00TA005 | D46: 00TA005:MeasuredValue | E46: 48.146831 | F46: degC | G46: -19.8888
A47: TA06 | B47: 64.31 | C47: 00TA006 | D47: 00TA006:MeasuredValue | E47: 51.655361 | F47: degC | G47: -19.677561
A48: TA07 | B48: 65.03 | C48: 00TA007 | D48: 00TA007:MeasuredValue | E48: 56.396113 | F48: degC | G48: -13.276775
A49: TI_15 | B49: 57.02 | C49: 00TI015 | D49: 00TI015:MeasuredValue | E49: 60.190782 | F49: degC | G49: 5.5608247
A50: PT11 | B50: 6.89 | F50: l
A51: LT_01 | B51: 11.32 | F51: l | H51: Antar dette er extra column (dp)
A52: PT11 + LT_01 | B52: 18.21 | C52: 00QIT001 | D52: 00QIT001:MeasuredValue | E52: 17.450563 | F52: l | G52: -4.1704407 | H52: Absorber drum i K-spice = PT11 + LT_01
A54: FLOW OUT OF ABSORBER
A55: FT_101 | B55: 179.79 | C55: 00FT101 | D55: 00FT101:MeasuredValue | E55: 166.97804 | F55: kg/h | G55: -7.1260704
A56: TI_01 | B56: 51.39 | F56: degC | H56: Denne eksisterer ikke i K-Spice
A57: TI_03 | B57: 51.32 | C57: 00TI003 | D57: 00TI003:MeasuredValue | E57: 62.877142 | F57: degC | G57: 22.519762
A58: TI_04 | B58: 50.31 | C58: 00TI004 | D58: 00TI004:MeasuredValue | E58: 36.247232 | F58: degC | G58: -27.952233
A60: DESORBER
A61: TS01 | B61: 118.69 | C61: 01TS001 | D61: 01TS001:MeasuredValue | E61: 111.76611 | F61: degC | G61: -5.8335931
A62: TS02 | B62: 108.2 | C62: 01TS002 | D62: 01TS002:MeasuredValue | E62: 108.23962 | F62: degC | G62: 0.036619076
A63: TS03 | B63: 104.84 | C63: 01TS003 | D63: 01TS003:MeasuredValue | E63: 104.68261 | F63: degC | G63: -0.15012742
A64: TS04 | B64: 104.87 | C64: 01TS004 | D64: 01TS004:MeasuredValue | E64: 101.89747 | F64: degC | G64: -2.8344859
A65: TS05 | B65: 105.07 | C65: 01TS005 | D65: 01TS005:MeasuredValue | E65: 100.23372 | F65: degC | G65: -4.6029083
A66: TI_07 | B66: 105.5 | C66: 01TI007 | D66: 01TI007:MeasuredValue | E66: 98.919086 | F66: degC | G66: -6.2378331
A67: TI_09 | B67: 115.45 | C67: 01TI009 | D67: 01TI009:MeasuredValue | E67: 113.2592 | F67: degC | G67: -1.8976196
A68: TI_11 | B68: 103.77 | C68: 01TI011 | D68: 01TI011:MeasuredValue | E68: 99.415032 | F68: degC | G68: -4.1967508
A70: REBOILER
A71: FT_EH | B71: 4.16 | C71: 04FT001 | D71: 04FT001:MeasuredValue | E71: 3.9848163 | F71: kg/h | G71: -4.2111469
A72: HE_04/05/06 | B72: 9.23 | C72: 02QI001 | D72: 02QI001:MeasuredValue | E72: 9.2000003 | F72: kW | G72: -0.32502375
A73: LT_02 | B73: 53.31 | C73: 02QIT001 | D73: 02QIT001:MeasuredValue | E73: 53.667819 | F73: l | G73: 0.67120457
A74: PT_02 | B74: 0.9 | C74: 02PI002 | D74: 02PI002:MeasuredValue | E74: 0.90000023 | F74: barg | G74: 2.5830865e-05
A75: TI_08 | B75: 20.81 | C75: 04TI008 | D75: 04TI008:MeasuredValue | E75: 23.989933 | F75: degC | G75: 15.280795
A76: TI10 | B76: 118.79 | C76: 02TI010 | D76: 02TI010:MeasuredValue | E76: 116.74008 | F76: degC | G76: -1.7256659
A78: CONDENSER
A79: FT_EM | B79: 7.71 | C79: 04FT004 | D79: 04FT004:MeasuredValue | E79: 9.0077914 | F79: kg/h | G79: 16.832573
A80: PT_04 | B80: 0.88 | C80: 04PT004 | D80: 04PT004:MeasuredValue | E80: 0.89444463 | F80: barg | G80: 1.6414353
A82: EX01
A83: TT103 | B83: 52.63 | C83: 01TT103 | D83: 01TT103:MeasuredValue | E83: 36.995709 | F83: degC | G83: -29.706044
A84: TI_20 | C84: 02TI020 | D84: 02TI020:MeasuredValue | E84: 116.74008 | F84: degC | G84: #DIV/0! | H84: Finnes ikke i Appendix A
A85: TI_06 | B85: 109.15 | C85: 01TI006 | D85: 01TI006:MeasuredValue | E85: 108.32 | F85: degC | G85: -0.76042393
A87: EX03
A88: TT_01 | B88: 30.64 | C88: 03TT001 | D88: 03TT001:MeasuredValue | E88: 30.640052 | F88: degC | G88: 0.0001682331
A90: EX04
A91: TT_02 | B91: 25.01 | C91: 04TT002 | D91: 04TT002:MeasuredValue | E91: 25.012045 | F91: degC | G91: 0.0081785279
A93: UKJENT PLASSERING
A94: FT_VASK | B94: 23.21 | E94: Status:ItemUnknown | F94: kg/h | G94: #VALUE!
A95: QT_100 | B95: 1.065 | E95: Status:ItemUnknown | F95: kg/l | G95: #VALUE!
A96: QT_101 | B96: 1.097 | E96: Status:ItemUnknown | F96: kg/l | G96: #VALUE!
A97: TI_05 | B97: 35.92 | E97: Status:ItemUnknown | F97: degC | G97: #VALUE!
A98: TT_03 | B98: 36.63 | E98: Status:ItemUnknown | F98: degC | G98: #VALUE!
A100: KPIs
A101: table 8 | B101: 0.45 | C101: RAL | D101: RAL:Output | E101: 0.52231295 | F101: kg/h | G101: 16.069544
A102: table 8 | B102: 0.26 | C102: LAL | D102: LAL:Output | E102: 0.26092 | F102: mol/mol | G102: 0.35384615 | H102: Lean amine output (sinked)
A103: Beregnet | B103: 82.422452 | C103: CCR | D103: CCR:Output | E103: 84.4 | F103: % | G103: 2.3992832 | H103: Carbon capture ratio
A104: Beregnet | B104: 4.3097276 | C104: SRD | D104: SRD:Output | E104: 3.69685 | F104: GJ/tonCO2 | G104: -14.220797 | H104: Spesific reboiler Duty
C105: SSMB | D105: SSMB:Output | E105: -5.59e-05 | F105: % | H105: Steady State Mass Balance

Sheet SS case 3
A1: Timeline: | B1: Engineering
A2: Model server: | B2: ProcessModel
A4: Case: | B4: 3
A6: Fargevisning:
A7: Grønn: | B7: 0 | C7: 5
A8: Gul: | B8: 5 | C8: 10
A9: Rød: | B9: 10 | C9: 100
A11: TAG in literature | B11: Value from Appendix A | C11: TAG in model | D11: Data-tag in model | E11: SimulatedValue | F11: unit | G11: % deviation | H11: Comment
A12: SETPOINTS SET IN MCL
A13: FT06 | B13: =IFERROR(_xlfn.XLOOKUP(A13,'Appendix A'!A:A,'Appendix A'!E:E),"") -> 127.02 | C13: 00FIC001 | D13: 00FIC001:InternalSetpoint | E13: {=_xll.ReadKSpice(_xlfn.CONCAT("/",$B$1,"/",$B$2,"/",D13,"@V_Unit=",F13))} -> #N/A | F13: m3/h | G13: =100*(E13-B13)/B13 -> #N/A | H13: Gas Flow Rate
A14: FT_100 | B14: =IFERROR(_xlfn.XLOOKUP(A14,'Appendix A'!A:A,'Appendix A'!E:E),"") -> 152.07 | C14: 00FC001 | D14: 00FC001:InternalSetpoint | E14: {=_xll.ReadKSpice(_xlfn.CONCAT("/",$B$1,"/",$B$2,"/",D14,"@V_Unit=",F14))} -> #N/A | F14: kg/h | G14: =100*(E14-B14)/B14 -> #N/A | H14: Solvent Flow Rate Lean input
A15: TA08 | B15: =IFERROR(_xlfn.XLOOKUP(A15,'Appendix A'!A:A,'Appendix A'!E:E),"") -> 57.95 | C15: LeanMEA_inn | D15: LeanMEA_inn:InstructorTemperature | E15: {=_xll.ReadKSpice(_xlfn.CONCAT("/",$B$1,"/",$B$2,"/",D15,"@V_Unit=",F15))} -> #N/A | F15: degC | G15: =100*(E15-B15)/B15 -> #N/A | H15: Temperature Lean Solvent LeanMEA_inn
A16: TA08 | B16: =IFERROR(_xlfn.XLOOKUP(A16,'Appendix A'!A:A,'Appendix A'!E:E),"") -> 57.95 | C16: 02TIC002 | D16: 02TIC002:InternalSetpoint | E16: {=_xll.ReadKSpice(_xlfn.CONCAT("/",$B$1,"/",$B$2,"/",D16,"@V_Unit=",F16))} -> #N/A | F16: degC | G16: =100*(E16-B16)/B16 -> #N/A | H16: Temperature Lean Solvent LeanMEA_ut
A17: HE_04/05/06 | B17: =IFERROR(_xlfn.XLOOKUP(A17,'Appendix A'!A:A,'Appendix A'!E:E),"") -> 10.02 | C17: 02QIC001 | D17: 02QIC001:InternalSetpoint | E17: {=_xll.ReadKSpice(_xlfn.CONCAT("/",$B$1,"/",$B$2,"/",D17,"@V_Unit=",F17))} -> #N/A | F17: kW | G17: =100*(E17-B17)/B17 -> #N/A | H17: Reboiler Duty
A18: TAB | B18: =IFERROR(_xlfn.XLOOKUP(A18,'Appendix A'!A:A,'Appendix A'!E:E),"") -> 46.68 | C18: 00TIC000 | D18: 00TIC000:InternalSetpoint | E18: {=_xll.ReadKSpice(_xlfn.CONCAT("/",$B$1,"/",$B$2,"/",D18,"@V_Unit=",F18))} -> #N/A | F18: degC | G18: =100*(E18-B18)/B18 -> #N/A | H18: Absorber Inlet CO2 Temperature
B19: 0.22 | C19: LAL_IN | D19: LAL_IN:Output | E19: {=_xll.ReadKSpice(_xlfn.CONCAT("/",$B$1,"/",$B$2,"/",D19,"@V_Unit=",F19))} -> #N/A | F19: mol/mol | G19: =100*(E19-B19)/B19 -> #N/A | H19: CO2 Loading Lean input
A20: PI_100 | B20: =IFERROR(_xlfn.XLOOKUP(A20,'Appendix A'!A:A,'Appendix A'!E:E),"") -> 1040.05 | C20: 00PIC002 | D20: 00PIC002:InternalSetpoint | E20: {=_xll.ReadKSpice(_xlfn.CONCAT("/",$B$1,"/",$B$2,"/",D20,"@V_Unit=",F20))} -> #N/A | F20: mbara | G20: =100*(E20-B20)/B20 -> #N/A | H20: Pressure in absorber
A21: PT_02 | B21: =IFERROR(_xlfn.XLOOKUP(A21,'Appendix A'!A:A,'Appendix A'!E:E),"") -> 0.9 | C21: 04PIC001 | D21: 04PIC001:InternalSetpoint | E21: {=_xll.ReadKSpice(_xlfn.CONCAT("/",$B$1,"/",$B$2,"/",D21,"@V_Unit=",F21))} -> #N/A | F21: barg | G21: =100*(E21-B21)/B21 -> #N/A | H21: Pressure in reboiler
A22: TT_01 | B22: =IFERROR(_xlfn.XLOOKUP(A22,'Appendix A'!A:A,'Appendix A'!E:E),"") -> 30.74 | C22: 03TIC001 | D22: 03TIC001:InternalSetpoint | E22: {=_xll.ReadKSpice(_xlfn.CONCAT("/",$B$1,"/",$B$2,"/",D22,"@V_Unit=",F22))} -> #N/A | F22: degC | G22: =100*(E22-B22)/B22 -> #N/A | H22: EX03 cooling loop
A23: TT_02 | B23: =IFERROR(_xlfn.XLOOKUP(A23,'Appendix A'!A:A,'Appendix A'!E:E),"") -> 29.4 | C23: 04TIC001 | D23: 04TIC001:InternalSetpoint | E23: {=_xll.ReadKSpice(_xlfn.CONCAT("/",$B$1,"/",$B$2,"/",D23,"@V_Unit=",F23))} -> #N/A | F23: degC | G23: =100*(E23-B23)/B23 -> #N/A | H23: EX04 cooling loop
A25: FLOW INTO ABSORBER
A26: FT06 | B26: =IFERROR(_xlfn.XLOOKUP(A26,'Appendix A'!A:A,'Appendix A'!E:E),"") -> 127.02 | C26: 00FT001 | D26: 00FT001:MeasuredValue | E26: {=_xll.ReadKSpice(_xlfn.CONCAT("/",$B$1,"/",$B$2,"/",D26,"@V_Unit=",F26))} -> #N/A | F26: m3/h | G26: =100*(E26-B26)/B26 -> #N/A
A27: PI_103 | B27: =IFERROR(_xlfn.XLOOKUP(A27,'Appendix A'!A:A,'Appendix A'!E:E),"") -> 1056.4 | C27: 00PT001 | D27: 00PT001:MeasuredValue | E27: {=_xll.ReadKSpice(_xlfn.CONCAT("/",$B$1,"/",$B$2,"/",D27,"@V_Unit=",F27))} -> #N/A | F27: mbara | G27: =100*(E27-B27)/B27 -> #N/A
A28: TV5 | B28: =IFERROR(_xlfn.XLOOKUP(A28,'Appendix A'!A:A,'Appendix A'!E:E),"") -> 49.37 | C28: 00TAB000 | D28: 00TAB000:MeasuredValue | E28: {=_xll.ReadKSpice(_xlfn.CONCAT("/",$B$1,"/",$B$2,"/",D28,"@V_Unit=",F28))} -> #N/A | F28: degC | G28: =100*(E28-B28)/B28 -> #N/A
A29: FT_100 | B29: =IFERROR(_xlfn.XLOOKUP(A29,'Appendix A'!A:A,'Appendix A'!E:E),"") -> 152.07 | C29: 00FT003 | D29: 00FT003:MeasuredValue | E29: {=_xll.ReadKSpice(_xlfn.CONCAT("/",$B$1,"/",$B$2,"/",D29,"@V_Unit=",F29))} -> #N/A | F29: kg/h | G29: =100*(E29-B29)/B29 -> #N/A
A30: TA08 | B30: =IFERROR(_xlfn.XLOOKUP(A30,'Appendix A'!A:A,'Appendix A'!E:E),"") -> 57.95 | C30: LeanAmineInput | D30: LeanAmineInput:OutletStream.t | E30: {=_xll.ReadKSpice(_xlfn.CONCAT("/",$B$1,"/",$B$2,"/",D30,"@V_Unit=",F30))} -> #N/A | F30: degC | G30: =100*(E30-B30)/B30 -> #N/A | H30: Temperature Lean Solvent LeanMEA_inn
A31: TA08 | B31: =IFERROR(_xlfn.XLOOKUP(A31,'Appendix A'!A:A,'Appendix A'!E:E),"") -> 57.95 | C31: 02TT002 | D31: 02TT002:MeasuredValue | E31: {=_xll.ReadKSpice(_xlfn.CONCAT("/",$B$1,"/",$B$2,"/",D31,"@V_Unit=",F31))} -> #N/A | F31: degC | G31: =100*(E31-B31)/B31 -> #N/A | H31: Temperature Lean Solvent LeanMEA_ut
A33: ABSORBER
A34: CO2_IN | B34: =IFERROR(_xlfn.XLOOKUP(A34,'Appendix A'!A:A,'Appendix A'!E:E),"") -> 7.41 | C34: GasToAbsorber | D34: GasToAbsorber:OutputCompositionVector[4] | E34: {=_xll.ReadKSpice(_xlfn.CONCAT("/",$B$1,"/",$B$2,"/",D34,"@V_Unit=",F34))} -> #N/A | F34: % | G34: =100*(E34-B34)/B34 -> #N/A | H34: % CO2
A35: CO2_OUT (Gas) | B35: =IFERROR(_xlfn.XLOOKUP(A35,'Appendix A'!A:A,'Appendix A'!D:D),"") | C35: GasFromAbsorber | D35: GasFromAbsorber:OutputCompositionVector[4] | E35: {=_xll.ReadKSpice(_xlfn.CONCAT("/",$B$1,"/",$B$2,"/",D35,"@V_Unit=",F35))} -> #N/A | F35: % | H35: CO2 in gas form
A36: CO2_OUT (In MEA) | B36: =IFERROR(_xlfn.XLOOKUP(A36,'Appendix A'!A:A,'Appendix A'!D:D),"") | C36: GasFromAbsorber | D36: GasFromAbsorber:OutputCompositionVector[2] | E36: {=_xll.ReadKSpice(_xlfn.CONCAT("/",$B$1,"/",$B$2,"/",D36,"@V_Unit=",F36))} -> #N/A | F36: % | H36: CO2 in MEA
A37: CO2_OUT | B37: =IFERROR(_xlfn.XLOOKUP(A37,'Appendix A'!A:A,'Appendix A'!E:E),"") -> 3.05 | C37: GasFromAbsorber | E37: =E36+E35 -> #N/A | F37: % | G37: =100*(E37-B37)/B37 -> #N/A | H37: Combined CO2 % in treated gas
A38: PI_100 | B38: =IFERROR(_xlfn.XLOOKUP(A38,'Appendix A'!A:A,'Appendix A'!E:E),"") -> 1040.05 | C38: 00PI100 | D38: 00PI100:MeasuredValue | E38: {=_xll.ReadKSpice(_xlfn.CONCAT("/",$B$1,"/",$B$2,"/",D38,"@V_Unit=",F38))} -> #N/A | F38: mbara | G38: =100*(E38-B38)/B38 -> #N/A
A39: PI_102 | B39: =IFERROR(_xlfn.XLOOKUP(A39,'Appendix A'!A:A,'Appendix A'!E:E),"") -> 1048.13 | C39: 00PI102 | D39: 00PI102:MeasuredValue | E39: {=_xll.ReadKSpice(_xlfn.CONCAT("/",$B$1,"/",$B$2,"/",D39,"@V_Unit=",F39))} -> #N/A | F39: mbara | G39: =100*(E39-B39)/B39 -> #N/A
A40: TAB | B40: =IFERROR(_xlfn.XLOOKUP(A40,'Appendix A'!A:A,'Appendix A'!E:E),"") -> 46.68 | C40: 00TAB000 | D40: 00TAB000:MeasuredValue | E40: {=_xll.ReadKSpice(_xlfn.CONCAT("/",$B$1,"/",$B$2,"/",D40,"@V_Unit=",F40))} -> #N/A | F40: degC | G40: =100*(E40-B40)/B40 -> #N/A | H40: Lik TV5? Det er samme transpimmer i K-spice
A41: TA00 | B41: =IFERROR(_xlfn.XLOOKUP(A41,'Appendix A'!A:A,'Appendix A'!E:E),"") -> 47.91 | C41: 00TA000 | D41: 00TA000:MeasuredValue | E41: {=_xll.ReadKSpice(_xlfn.CONCAT("/",$B$1,"/",$B$2,"/",D41,"@V_Unit=",F41))} -> #N/A | F41: degC | G41: =100*(E41-B41)/B41 -> #N/A
A42: TA01 | B42: =IFERROR(_xlfn.XLOOKUP(A42,'Appendix A'!A:A,'Appendix A'!E:E),"") -> 48.73 | C42: 00TA001 | D42: 00TA001:MeasuredValue | E42: {=_xll.ReadKSpice(_xlfn.CONCAT("/",$B$1,"/",$B$2,"/",D42,"@V_Unit=",F42))} -> #N/A | F42: degC | G42: =100*(E42-B42)/B42 -> #N/A
A43: TA02 | B43: =IFERROR(_xlfn.XLOOKUP(A43,'Appendix A'!A:A,'Appendix A'!E:E),"") -> 48.67 | C43: 00TA002 | D43: 00TA002:MeasuredValue | E43: {=_xll.ReadKSpice(_xlfn.CONCAT("/",$B$1,"/",$B$2,"/",D43,"@V_Unit=",F43))} -> #N/A | F43: degC | G43: =100*(E43-B43)/B43 -> #N/A
A44: TA03 | B44: =IFERROR(_xlfn.XLOOKUP(A44,'Appendix A'!A:A,'Appendix A'!E:E),"") -> 48.61 | C44: 00TA003 | D44: 00TA003:MeasuredValue | E44: {=_xll.ReadKSpice(_xlfn.CONCAT("/",$B$1,"/",$B$2,"/",D44,"@V_Unit=",F44))} -> #N/A | F44: degC | G44: =100*(E44-B44)/B44 -> #N/A
A45: TA04 | B45: =IFERROR(_xlfn.XLOOKUP(A45,'Appendix A'!A:A,'Appendix A'!E:E),"") -> 48.67 | C45: 00TA004 | D45: 00TA004:MeasuredValue | E45: {=_xll.ReadKSpice(_xlfn.CONCAT("/",$B$1,"/",$B$2,"/",D45,"@V_Unit=",F45))} -> #N/A | F45: degC | G45: =100*(E45-B45)/B45 -> #N/A
A46: TA05 | B46: =IFERROR(_xlfn.XLOOKUP(A46,'Appendix A'!A:A,'Appendix A'!E:E),"") -> 50.85 | C46: 00TA005 | D46: 00TA005:MeasuredValue | E46: {=_xll.ReadKSpice(_xlfn.CONCAT("/",$B$1,"/",$B$2,"/",D46,"@V_Unit=",F46))} -> #N/A | F46: degC | G46: =100*(E46-B46)/B46 -> #N/A
A47: TA06 | B47: =IFERROR(_xlfn.XLOOKUP(A47,'Appendix A'!A:A,'Appendix A'!E:E),"") -> 56.46 | C47: 00TA006 | D47: 00TA006:MeasuredValue | E47: {=_xll.ReadKSpice(_xlfn.CONCAT("/",$B$1,"/",$B$2,"/",D47,"@V_Unit=",F47))} -> #N/A | F47: degC | G47: =100*(E47-B47)/B47 -> #N/A
A48: TA07 | B48: =IFERROR(_xlfn.XLOOKUP(A48,'Appendix A'!A:A,'Appendix A'!E:E),"") -> 58.9 | C48: 00TA007 | D48: 00TA007:MeasuredValue | E48: {=_xll.ReadKSpice(_xlfn.CONCAT("/",$B$1,"/",$B$2,"/",D48,"@V_Unit=",F48))} -> #N/A | F48: degC | G48: =100*(E48-B48)/B48 -> #N/A
A49: TI_15 | B49: =IFERROR(_xlfn.XLOOKUP(A49,'Appendix A'!A:A,'Appendix A'!E:E),"") -> 57.2 | C49: 00TI015 | D49: 00TI015:MeasuredValue | E49: {=_xll.ReadKSpice(_xlfn.CONCAT("/",$B$1,"/",$B$2,"/",D49,"@V_Unit=",F49))} -> #N/A | F49: degC | G49: =100*(E49-B49)/B49 -> #N/A
A50: PT11 | B50: =IFERROR(_xlfn.XLOOKUP(A50,'Appendix A'!A:A,'Appendix A'!E:E),"") -> 6.97 | F50: l
A51: LT_01 | B51: =IFERROR(_xlfn.XLOOKUP(A51,'Appendix A'!A:A,'Appendix A'!E:E),"") -> 11.32 | F51: l | H51: Antar dette er extra column (dp)
A52: PT11 + LT_01 | B52: =B50+B51 -> 18.29 | C52: 00QIT001 | D52: 00QIT001:MeasuredValue | E52: {=_xll.ReadKSpice(_xlfn.CONCAT("/",$B$1,"/",$B$2,"/",D52,"@V_Unit=",F52))} -> #N/A | F52: l | G52: =100*(E52-B52)/B52 -> #N/A | H52: Absorber drum i K-spice = PT11 + LT_01
A54: FLOW OUT OF ABSORBER
A55: FT_101 | B55: =IFERROR(_xlfn.XLOOKUP(A55,'Appendix A'!A:A,'Appendix A'!E:E),"") -> 156.95 | C55: 00FT101 | D55: 00FT101:MeasuredValue | E55: {=_xll.ReadKSpice(_xlfn.CONCAT("/",$B$1,"/",$B$2,"/",D55,"@V_Unit=",F55))} -> #N/A | F55: kg/h | G55: =100*(E55-B55)/B55 -> #N/A
A56: TI_01 | B56: =IFERROR(_xlfn.XLOOKUP(A56,'Appendix A'!A:A,'Appendix A'!E:E),"") -> 47.67 | F56: degC | H56: Denne eksisterer ikke i K-Spice
A57: TI_03 | B57: =IFERROR(_xlfn.XLOOKUP(A57,'Appendix A'!A:A,'Appendix A'!E:E),"") -> 51.62 | C57: 00TI003 | D57: 00TI003:MeasuredValue | E57: {=_xll.ReadKSpice(_xlfn.CONCAT("/",$B$1,"/",$B$2,"/",D57,"@V_Unit=",F57))} -> #N/A | F57: degC | G57: =100*(E57-B57)/B57 -> #N/A
A58: TI_04 | B58: =IFERROR(_xlfn.XLOOKUP(A58,'Appendix A'!A:A,'Appendix A'!E:E),"") -> 46.72 | C58: 00TI004 | D58: 00TI004:MeasuredValue | E58: {=_xll.ReadKSpice(_xlfn.CONCAT("/",$B$1,"/",$B$2,"/",D58,"@V_Unit=",F58))} -> #N/A | F58: degC | G58: =100*(E58-B58)/B58 -> #N/A
A60: DESORBER
A61: TS01 | B61: =IFERROR(_xlfn.XLOOKUP(A61,'Appendix A'!A:A,'Appendix A'!E:E),"") -> 120.65 | C61: 01TS001 | D61: 01TS001:MeasuredValue | E61: {=_xll.ReadKSpice(_xlfn.CONCAT("/",$B$1,"/",$B$2,"/",D61,"@V_Unit=",F61))} -> #N/A | F61: degC | G61: =100*(E61-B61)/B61 -> #N/A
A62: TS02 | B62: =IFERROR(_xlfn.XLOOKUP(A62,'Appendix A'!A:A,'Appendix A'!E:E),"") -> 114.29 | C62: 01TS002 | D62: 01TS002:MeasuredValue | E62: {=_xll.ReadKSpice(_xlfn.CONCAT("/",$B$1,"/",$B$2,"/",D62,"@V_Unit=",F62))} -> #N/A | F62: degC | G62: =100*(E62-B62)/B62 -> #N/A
A63: TS03 | B63: =IFERROR(_xlfn.XLOOKUP(A63,'Appendix A'!A:A,'Appendix A'!E:E),"") -> 109.7 | C63: 01TS003 | D63: 01TS003:MeasuredValue | E63: {=_xll.ReadKSpice(_xlfn.CONCAT("/",$B$1,"/",$B$2,"/",D63,"@V_Unit=",F63))} -> #N/A | F63: degC | G63: =100*(E63-B63)/B63 -> #N/A
A64: TS04 | B64: =IFERROR(_xlfn.XLOOKUP(A64,'Appendix A'!A:A,'Appendix A'!E:E),"") -> 106.01 | C64: 01TS004 | D64: 01TS004:MeasuredValue | E64: {=_xll.ReadKSpice(_xlfn.CONCAT("/",$B$1,"/",$B$2,"/",D64,"@V_Unit=",F64))} -> #N/A | F64: degC | G64: =100*(E64-B64)/B64 -> #N/A
A65: TS05 | B65: =IFERROR(_xlfn.XLOOKUP(A65,'Appendix A'!A:A,'Appendix A'!E:E),"") -> 104.84 | C65: 01TS005 | D65: 01TS005:MeasuredValue | E65: {=_xll.ReadKSpice(_xlfn.CONCAT("/",$B$1,"/",$B$2,"/",D65,"@V_Unit=",F65))} -> #N/A | F65: degC | G65: =100*(E65-B65)/B65 -> #N/A
A66: TI_07 | B66: =IFERROR(_xlfn.XLOOKUP(A66,'Appendix A'!A:A,'Appendix A'!E:E),"") -> 105.29 | C66: 01TI007 | D66: 01TI007:MeasuredValue | E66: {=_xll.ReadKSpice(_xlfn.CONCAT("/",$B$1,"/",$B$2,"/",D66,"@V_Unit=",F66))} -> #N/A | F66: degC | G66: =100*(E66-B66)/B66 -> #N/A
A67: TI_09 | B67: =IFERROR(_xlfn.XLOOKUP(A67,'Appendix A'!A:A,'Appendix A'!E:E),"") -> 118.52 | C67: 01TI009 | D67: 01TI009:MeasuredValue | E67: {=_xll.ReadKSpice(_xlfn.CONCAT("/",$B$1,"/",$B$2,"/",D67,"@V_Unit=",F67))} -> #N/A | F67: degC | G67: =100*(E67-B67)/B67 -> #N/A
A68: TI_11 | B68: =IFERROR(_xlfn.XLOOKUP(A68,'Appendix A'!A:A,'Appendix A'!E:E),"") -> 103.72 | C68: 01TI011 | D68: 01TI011:MeasuredValue | E68: {=_xll.ReadKSpice(_xlfn.CONCAT("/",$B$1,"/",$B$2,"/",D68,"@V_Unit=",F68))} -> #N/A | F68: degC | G68: =100*(E68-B68)/B68 -> #N/A
A70: REBOILER
A71: FT_EH | B71: =IFERROR(_xlfn.XLOOKUP(A71,'Appendix A'!A:A,'Appendix A'!E:E),"") -> 4.6 | C71: 04FT001 | D71: 04FT001:MeasuredValue | E71: {=_xll.ReadKSpice(_xlfn.CONCAT("/",$B$1,"/",$B$2,"/",D71,"@V_Unit=",F71))} -> #N/A | F71: kg/h | G71: =100*(E71-B71)/B71 -> #N/A
A72: HE_04/05/06 | B72: =IFERROR(_xlfn.XLOOKUP(A72,'Appendix A'!A:A,'Appendix A'!E:E),"") -> 10.02 | C72: 02QI001 | D72: 02QI001:MeasuredValue | E72: {=_xll.ReadKSpice(_xlfn.CONCAT("/",$B$1,"/",$B$2,"/",D72,"@V_Unit=",F72))} -> #N/A | F72: kW | G72: =100*(E72-B72)/B72 -> #N/A
A73: LT_02 | B73: =IFERROR(_xlfn.XLOOKUP(A73,'Appendix A'!A:A,'Appendix A'!E:E),"") -> 53.84 | C73: 02QIT001 | D73: 02QIT001:MeasuredValue | E73: {=_xll.ReadKSpice(_xlfn.CONCAT("/",$B$1,"/",$B$2,"/",D73,"@V_Unit=",F73))} -> #N/A | F73: l | G73: =100*(E73-B73)/B73 -> #N/A
A74: PT_02 | B74: =IFERROR(_xlfn.XLOOKUP(A74,'Appendix A'!A:A,'Appendix A'!E:E),"") -> 0.9 | C74: 02PI002 | D74: 02PI002:MeasuredValue | E74: {=_xll.ReadKSpice(_xlfn.CONCAT("/",$B$1,"/",$B$2,"/",D74,"@V_Unit=",F74))} -> #N/A | F74: barg | G74: =100*(E74-B74)/B74 -> #N/A
A75: TI_08 | B75: =IFERROR(_xlfn.XLOOKUP(A75,'Appendix A'!A:A,'Appendix A'!E:E),"") -> 24.87 | C75: 04TI008 | D75: 04TI008:MeasuredValue | E75: {=_xll.ReadKSpice(_xlfn.CONCAT("/",$B$1,"/",$B$2,"/",D75,"@V_Unit=",F75))} -> #N/A | F75: degC | G75: =100*(E75-B75)/B75 -> #N/A
A76: TI10 | B76: =IFERROR(_xlfn.XLOOKUP(A76,'Appendix A'!A:A,'Appendix A'!E:E),"") -> 121.07 | C76: 02TI010 | D76: 02TI010:MeasuredValue | E76: {=_xll.ReadKSpice(_xlfn.CONCAT("/",$B$1,"/",$B$2,"/",D76,"@V_Unit=",F76))} -> #N/A | F76: degC | G76: =100*(E76-B76)/B76 -> #N/A
A78: CONDENSER
A79: FT_EM | B79: =IFERROR(_xlfn.XLOOKUP(A79,'Appendix A'!A:A,'Appendix A'!E:E),"") -> 8.99 | C79: 04FT004 | D79: 04FT004:MeasuredValue | E79: {=_xll.ReadKSpice(_xlfn.CONCAT("/",$B$1,"/",$B$2,"/",D79,"@V_Unit=",F79))} -> #N/A | F79: kg/h | G79: =100*(E79-B79)/B79 -> #N/A
A80: PT_04 | B80: =IFERROR(_xlfn.XLOOKUP(A80,'Appendix A'!A:A,'Appendix A'!E:E),"") -> 0.88 | C80: 04PT004 | D80: 04PT004:MeasuredValue | E80: {=_xll.ReadKSpice(_xlfn.CONCAT("/",$B$1,"/",$B$2,"/",D80,"@V_Unit=",F80))} -> #N/A | F80: barg | G80: =100*(E80-B80)/B80 -> #N/A
A82: EX01 | B82: =IFERROR(_xlfn.XLOOKUP(A82,'Appendix A'!A:A,'Appendix A'!D:D),"")
A83: TT103 | B83: =IFERROR(_xlfn.XLOOKUP(A83,'Appendix A'!A:A,'Appendix A'!E:E),"") -> 49.43 | C83: 01TT103 | D83: 01TT103:MeasuredValue | E83: {=_xll.ReadKSpice(_xlfn.CONCAT("/",$B$1,"/",$B$2,"/",D83,"@V_Unit=",F83))} -> #N/A | F83: degC | G83: =100*(E83-B83)/B83 -> #N/A
A84: TI_20 | B84: =IFERROR(_xlfn.XLOOKUP(A84,'Appendix A'!A:A,'Appendix A'!E:E),"") | C84: 02TI020 | D84: 02TI020:MeasuredValue | E84: {=_xll.ReadKSpice(_xlfn.CONCAT("/",$B$1,"/",$B$2,"/",D84,"@V_Unit=",F84))} -> #N/A | F84: degC | G84: =100*(E84-B84)/B84 -> #N/A | H84: Finnes ikke i Appendix A
A85: TI_06 | B85: =IFERROR(_xlfn.XLOOKUP(A85,'Appendix A'!A:A,'Appendix A'!E:E),"") -> 109.62 | C85: 01TI006 | D85: 01TI006:MeasuredValue | E85: {=_xll.ReadKSpice(_xlfn.CONCAT("/",$B$1,"/",$B$2,"/",D85,"@V_Unit=",F85))} -> #N/A | F85: degC | G85: =100*(E85-B85)/B85 -> #N/A
A87: EX03
A88: TT_01 | B88: =IFERROR(_xlfn.XLOOKUP(A88,'Appendix A'!A:A,'Appendix A'!E:E),"") -> 30.74 | C88: 03TT001 | D88: 03TT001:MeasuredValue | E88: {=_xll.ReadKSpice(_xlfn.CONCAT("/",$B$1,"/",$B$2,"/",D88,"@V_Unit=",F88))} -> #N/A | F88: degC | G88: =100*(E88-B88)/B88 -> #N/A
A90: EX04
A91: TT_02 | B91: =IFERROR(_xlfn.XLOOKUP(A91,'Appendix A'!A:A,'Appendix A'!E:E),"") -> 29.4 | C91: 04TT002 | D91: 04TT002:MeasuredValue | E91: {=_xll.ReadKSpice(_xlfn.CONCAT("/",$B$1,"/",$B$2,"/",D91,"@V_Unit=",F91))} -> #N/A | F91: degC | G91: =100*(E91-B91)/B91 -> #N/A
A93: UKJENT PLASSERING
A94: FT_VASK | B94: =IFERROR(_xlfn.XLOOKUP(A94,'Appendix A'!A:A,'Appendix A'!E:E),"") -> 294.18 | E94: {=_xll.ReadKSpice(_xlfn.CONCAT("/",$B$1,"/",$B$2,"/",D94,"@V_Unit=",F94))} -> #N/A | F94: kg/h | G94: =100*(E94-B94)/B94 -> #N/A
A95: QT_100 | B95: =IFERROR(_xlfn.XLOOKUP(A95,'Appendix A'!A:A,'Appendix A'!E:E),"") -> 1.053 | E95: {=_xll.ReadKSpice(_xlfn.CONCAT("/",$B$1,"/",$B$2,"/",D95,"@V_Unit=",F95))} -> #N/A | F95: kg/l | G95: =100*(E95-B95)/B95 -> #N/A
A96: QT_101 | B96: =IFERROR(_xlfn.XLOOKUP(A96,'Appendix A'!A:A,'Appendix A'!E:E),"") -> 1.102 | E96: {=_xll.ReadKSpice(_xlfn.CONCAT("/",$B$1,"/",$B$2,"/",D96,"@V_Unit=",F96))} -> #N/A | F96: kg/l | G96: =100*(E96-B96)/B96 -> #N/A
A97: TI_05 | B97: =IFERROR(_xlfn.XLOOKUP(A97,'Appendix A'!A:A,'Appendix A'!E:E),"") -> 35.95 | E97: {=_xll.ReadKSpice(_xlfn.CONCAT("/",$B$1,"/",$B$2,"/",D97,"@V_Unit=",F97))} -> #N/A | F97: degC | G97: =100*(E97-B97)/B97 -> #N/A
A98: TT_03 | B98: =IFERROR(_xlfn.XLOOKUP(A98,'Appendix A'!A:A,'Appendix A'!E:E),"") -> 36.68 | E98: {=_xll.ReadKSpice(_xlfn.CONCAT("/",$B$1,"/",$B$2,"/",D98,"@V_Unit=",F98))} -> #N/A | F98: degC | G98: =100*(E98-B98)/B98 -> #N/A
A99: KPIs
A100: table 8 | B100: 0.49 | C100: RAL | D100: RAL:Output | E100: {=_xll.ReadKSpice(_xlfn.CONCAT("/",$B$1,"/",$B$2,"/",D100,"@V_Unit=",F100))} -> #N/A | F100: kg/h | G100: =100*(E100-B100)/B100 -> #N/A
A101: table 8 | B101: 0.22 | C101: LAL | D101: LAL:Output | E101: {=_xll.ReadKSpice(_xlfn.CONCAT("/",$B$1,"/",$B$2,"/",D101,"@V_Unit=",F101))} -> #N/A | F101: mol/mol | G101: =100*(E101-B101)/B101 -> #N/A | H101: Lean amine output (sinked)
A102: Beregnet | B102: =((B34-B37)/B34)*100 -> 58.839406 | C102: CCR | D102: CCR:Output | E102: {=_xll.ReadKSpice(_xlfn.CONCAT("/",$B$1,"/",$B$2,"/",D102,"@V_Unit=",F102))} -> #N/A | F102: % | G102: =100*(E102-B102)/B102 -> #N/A | H102: Carbon capture ratio
A103: Beregnet | B103: =(3.6*B17)/B79 -> 4.0124583 | C103: SRD | D103: SRD:Output | E103: {=_xll.ReadKSpice(_xlfn.CONCAT("/",$B$1,"/",$B$2,"/",D103,"@V_Unit=",F103))} -> #N/A | F103: GJ/tonCO2 | G103: =100*(E103-B103)/B103 -> #N/A | H103: Spesific reboiler Duty
C104: SSMB | D104: SSMB:Output | E104: {=_xll.ReadKSpice(_xlfn.CONCAT("/",$B$1,"/",$B$2,"/",D104,"@V_Unit=",F104))} -> #N/A | F104: % | G104: =100*(E104-B104)/B104 -> #N/A | H104: Steady State Mass Balance

Sheet SS case 3 (v19.5)
A1: Timeline: | B1: Engineering
A2: Model server: | B2: ProcessModel
A4: Case: | B4: 3
A6: Fargevisning:
A7: Grønn: | B7: 0 | C7: 5
A8: Gul: | B8: 5 | C8: 10
A9: Rød: | B9: 10 | C9: 100 | F9: GJ KPI avvik: | G9: {=AVERAGE(ABS(G100:G103))} -> 5.0984884
F10: Gj. Avvik: | G10: {=AVERAGE(ABS(G26:G31),ABS(G34),ABS(G37:G49),ABS(G52),ABS(G55),ABS(G57:G58),ABS(G61:G68),ABS(G71:G76),ABS(G79),ABS(G80),ABS(G83),ABS(G85),ABS(G88),ABS(G91),ABS(G100:G102))} -> 9.1575025
A11: TAG in literature | B11: Value from Appendix A | C11: TAG in model | D11: Data-tag in model | E11: SimulatedValue | F11: unit | G11: % deviation | H11: Comment
A12: SETPOINTS SET IN MCL
A13: FT06 | B13: 127.02 | C13: 00FIC001 | D13: 00FIC001:InternalSetpoint | E13: 127.02 | F13: m3/h | G13: 0 | H13: Gas Flow Rate
A14: FT_100 | B14: 152.07 | C14: 00FC001 | D14: 00FC001:InternalSetpoint | E14: 152.1 | F14: kg/h | G14: 0.019727757 | H14: Solvent Flow Rate Lean input
A15: TA08 | B15: 57.95 | C15: LeanMEA_inn | D15: LeanMEA_inn:InstructorTemperature | E15: 57.95 | F15: degC | G15: -2.4522614e-14 | H15: Temperature Lean Solvent LeanMEA_inn
A16: TA08 | B16: 57.95 | C16: 02TIC002 | D16: 02TIC002:InternalSetpoint | E16: 57.95 | F16: degC | G16: -2.4522614e-14 | H16: Temperature Lean Solvent LeanMEA_ut
A17: HE_04/05/06 | B17: 10.02 | C17: 02QIC001 | D17: 02QIC001:InternalSetpoint | E17: 10 | F17: kW | G17: -0.1996008 | H17: Reboiler Duty
A18: TAB | B18: 46.68 | C18: 00TIC000 | D18: 00TIC000:InternalSetpoint | E18: 46.68 | F18: degC | G18: 1.5221567e-14 | H18: Absorber Inlet CO2 Temperature
B19: 0.22 | C19: LAL_IN | D19: LAL_IN:Output | E19: 0.21999454 | F19: mol/mol | G19: -0.0024806046 | H19: CO2 Loading Lean input
A20: PI_100 | B20: 1040.05 | C20: 00PIC002 | D20: 00PIC002:InternalSetpoint | E20: 1040.05 | F20: mbara | G20: 0 | H20: Pressure in absorber
A21: PT_02 | B21: 0.9 | C21: 04PIC001 | D21: 04PIC001:InternalSetpoint | E21: 0.9 | F21: barg | G21: 1.2335811e-14 | H21: Pressure in reboiler
A22: TT_01 | B22: 30.74 | C22: 03TIC001 | D22: 03TIC001:InternalSetpoint | E22: 30.74 | F22: degC | G22: 3.4671897e-14 | H22: EX03 cooling loop
A23: TT_02 | B23: 29.4 | C23: 04TIC001 | D23: 04TIC001:InternalSetpoint | E23: 29.4 | F23: degC | G23: -7.2504361e-14 | H23: EX04 cooling loop
A25: FLOW INTO ABSORBER
A26: FT06 | B26: 127.02 | C26: 00FT001 | D26: 00FT001:MeasuredValue | E26: 127.02 | F26: m3/h | G26: -1.5445774e-09
A27: PI_103 | B27: 1056.4 | C27: 00PT001 | D27: 00PT001:MeasuredValue | E27: 1044.9989 | F27: mbara | G27: -1.0792403
A28: TV5 | B28: 49.37 | C28: 00TAB000 | D28: 00TAB000:MeasuredValue | E28: 46.68 | F28: degC | G28: -5.448653
A29: FT_100 | B29: 152.07 | C29: 00FT003 | D29: 00FT003:MeasuredValue | E29: 152.1 | F29: kg/h | G29: 0.019727755
A30: TA08 | B30: 57.95 | C30: LeanAmineInput | D30: LeanAmineInput:OutletStream.t | E30: 57.955228 | F30: degC | G30: 0.0090212086 | H30: Temperature Lean Solvent LeanMEA_inn
A31: TA08 | B31: 57.95 | C31: 02TT002 | D31: 02TT002:MeasuredValue | E31: 33.330484 | F31: degC | G31: -42.484066 | H31: Temperature Lean Solvent LeanMEA_ut
A33: ABSORBER
A34: CO2_IN | B34: 7.41 | C34: GasToAbsorber | D34: GasToAbsorber:OutputCompositionVector[4] | E34: 7.7 | F34: % | G34: 3.9136302 | H34: % CO2
A35: CO2_OUT (Gas) | C35: GasFromAbsorber | D35: GasFromAbsorber:OutputCompositionVector[4] | E35: 2.9631055 | F35: % | H35: CO2 in gas form
A36: CO2_OUT (In MEA) | C36: GasFromAbsorber | D36: GasFromAbsorber:OutputCompositionVector[2] | E36: 0.13203555 | F36: % | H36: CO2 in MEA
A37: CO2_OUT | B37: 3.05 | C37: GasFromAbsorber | E37: 3.0951411 | F37: % | G37: 1.4800359 | H37: Combined CO2 % in treated gas
A38: PI_100 | B38: 1040.05 | C38: 00PI100 | D38: 00PI100:MeasuredValue | E38: 1040.05 | F38: mbara | G38: 9.8885304e-10
A39: PI_102 | B39: 1048.13 | C39: 00PI102 | D39: 00PI102:MeasuredValue | E39: 1044.6892 | F39: mbara | G39: -0.32827788
A40: TAB | B40: 46.68 | C40: 00TAB000 | D40: 00TAB000:MeasuredValue | E40: 46.68 | F40: degC | G40: 3.9119427e-12 | H40: Lik TV5? Det er samme transpimmer i K-spice
A41: TA00 | B41: 47.91 | C41: 00TA000 | D41: 00TA000:MeasuredValue | E41: 33.407467 | F41: degC | G41: -30.270368
A42: TA01 | B42: 48.73 | C42: 00TA001 | D42: 00TA001:MeasuredValue | E42: 33.379693 | F42: degC | G42: -31.500733
A43: TA02 | B43: 48.67 | C43: 00TA002 | D43: 00TA002:MeasuredValue | E43: 34.145114 | F43: degC | G43: -29.843612
A44: TA03 | B44: 48.61 | C44: 00TA003 | D44: 00TA003:MeasuredValue | E44: 35.143119 | F44: degC | G44: -27.70393
A45: TA04 | B45: 48.67 | C45: 00TA004 | D45: 00TA004:MeasuredValue | E45: 36.447387 | F45: degC | G45: -25.113239
A46: TA05 | B46: 50.85 | C46: 00TA005 | D46: 00TA005:MeasuredValue | E46: 38.291268 | F46: degC | G46: -24.697606
A47: TA06 | B47: 56.46 | C47: 00TA006 | D47: 00TA006:MeasuredValue | E47: 41.111043 | F47: degC | G47: -27.185542
A48: TA07 | B48: 58.9 | C48: 00TA007 | D48: 00TA007:MeasuredValue | E48: 45.856551 | F48: degC | G48: -22.145075
A49: TI_15 | B49: 57.2 | C49: 00TI015 | D49: 00TI015:MeasuredValue | E49: 61.946696 | F49: degC | G49: 8.2984199
A50: PT11 | B50: 6.97 | F50: l
A51: LT_01 | B51: 11.32 | F51: l | H51: Antar dette er extra column (dp)
A52: PT11 + LT_01 | B52: 18.29 | C52: 00QIT001 | D52: 00QIT001:MeasuredValue | E52: 17.450564 | F52: l | G52: -4.5895878 | H52: Absorber drum i K-spice = PT11 + LT_01
A54: FLOW OUT OF ABSORBER
A55: FT_101 | B55: 156.95 | C55: 00FT101 | D55: 00FT101:MeasuredValue | E55: 147.08721 | F55: kg/h | G55: -6.2840338
A56: TI_01 | B56: 47.67 | F56: degC | H56: Denne eksisterer ikke i K-Spice
A57: TI_03 | B57: 51.62 | C57: 00TI003 | D57: 00TI003:MeasuredValue | E57: 57.946376 | F57: degC | G57: 12.255668
A58: TI_04 | B58: 46.72 | C58: 00TI004 | D58: 00TI004:MeasuredValue | E58: 33.445426 | F58: degC | G58: -28.413043
A60: DESORBER
A61: TS01 | B61: 120.65 | C61: 01TS001 | D61: 01TS001:MeasuredValue | E61: 114.74472 | F61: degC | G61: -4.8945531
A62: TS02 | B62: 114.29 | C62: 01TS002 | D62: 01TS002:MeasuredValue | E62: 112.98199 | F62: degC | G62: -1.1444659
A63: TS03 | B63: 109.7 | C63: 01TS003 | D63: 01TS003:MeasuredValue | E63: 110.49913 | F63: degC | G63: 0.72846959
A64: TS04 | B64: 106.01 | C64: 01TS004 | D64: 01TS004:MeasuredValue | E64: 107.46706 | F64: degC | G64: 1.3744565
A65: TS05 | B65: 104.84 | C65: 01TS005 | D65: 01TS005:MeasuredValue | E65: 103.80874 | F65: degC | G65: -0.98365398
A66: TI_07 | B66: 105.29 | C66: 01TI007 | D66: 01TI007:MeasuredValue | E66: 97.597972 | F66: degC | G66: -7.3055634
A67: TI_09 | B67: 118.52 | C67: 01TI009 | D67: 01TI009:MeasuredValue | E67: 115.90945 | F67: degC | G67: -2.2026212
A68: TI_11 | B68: 103.72 | C68: 01TI011 | D68: 01TI011:MeasuredValue | E68: 100.7338 | F68: degC | G68: -2.8791019
A70: REBOILER
A71: FT_EH | B71: 4.6 | C71: 04FT001 | D71: 04FT001:MeasuredValue | E71: 4.5359618 | F71: kg/h | G71: -1.3921344
A72: HE_04/05/06 | B72: 10.02 | C72: 02QI001 | D72: 02QI001:MeasuredValue | E72: 10 | F72: kW | G72: -0.1995984
A73: LT_02 | B73: 53.84 | C73: 02QIT001 | D73: 02QIT001:MeasuredValue | E73: 53.651639 | F73: l | G73: -0.34985273
A74: PT_02 | B74: 0.9 | C74: 02PI002 | D74: 02PI002:MeasuredValue | E74: 0.90000097 | F74: barg | G74: 0.00010730805
A75: TI_08 | B75: 24.87 | C75: 04TI008 | D75: 04TI008:MeasuredValue | E75: 28.432144 | F75: degC | G75: 14.323055
A76: TI10 | B76: 121.07 | C76: 02TI010 | D76: 02TI010:MeasuredValue | E76: 117.4086 | F76: degC | G76: -3.0242025
A78: CONDENSER
A79: FT_EM | B79: 8.99 | C79: 04FT004 | D79: 04FT004:MeasuredValue | E79: 9.6311865 | F79: kg/h | G79: 7.1322193
A80: PT_04 | B80: 0.88 | C80: 04PT004 | D80: 04PT004:MeasuredValue | E80: 0.89367814 | F80: barg | G80: 1.5543343
A82: EX01
A83: TT103 | B83: 49.43 | C83: 01TT103 | D83: 01TT103:MeasuredValue | E83: 33.850356 | F83: degC | G83: -31.5186
A84: TI_20 | C84: 02TI020 | D84: 02TI020:MeasuredValue | E84: 117.4086 | F84: degC | G84: #VALUE! | H84: Finnes ikke i Appendix A
A85: TI_06 | B85: 109.62 | C85: 01TI006 | D85: 01TI006:MeasuredValue | E85: 107.36307 | F85: degC | G85: -2.0588629
A87: EX03
A88: TT_01 | B88: 30.74 | C88: 03TT001 | D88: 03TT001:MeasuredValue | E88: 30.740002 | F88: degC | G88: 6.1428451e-06
A90: EX04
A91: TT_02 | B91: 29.4 | C91: 04TT002 | D91: 04TT002:MeasuredValue | E91: 29.400129 | F91: degC | G91: 0.00043778426
A93: UKJENT PLASSERING
A94: FT_VASK | B94: 294.18 | E94: Status:ItemUnknown | F94: kg/h | G94: #VALUE!
A95: QT_100 | B95: 1.053 | E95: Status:ItemUnknown | F95: kg/l | G95: #VALUE!
A96: QT_101 | B96: 1.102 | E96: Status:ItemUnknown | F96: kg/l | G96: #VALUE!
A97: TI_05 | B97: 35.95 | E97: Status:ItemUnknown | F97: degC | G97: #VALUE!
A98: TT_03 | B98: 36.68 | E98: Status:ItemUnknown | F98: degC | G98: #VALUE!
A99: KPIs
A100: table 8 | B100: 0.49 | C100: RAL | D100: RAL:Output | E100: 0.532121 | F100: kg/h | G100: 8.5961224
A101: table 8 | B101: 0.22 | C101: LAL | D101: LAL:Output | E101: 0.21738 | F101: mol/mol | G101: -1.1909091 | H101: Lean amine output (sinked)
A102: Beregnet | B102: 58.839406 | C102: CCR | D102: CCR:Output | E102: 56.2 | F102: % | G102: -4.4857798 | H102: Carbon capture ratio
A103: Beregnet | B103: 4.0124583 | C103: SRD | D103: SRD:Output | E103: 3.76685 | F103: GJ/tonCO2 | G103: -6.1211424 | H103: Spesific reboiler Duty
C104: SSMB | D104: SSMB:Output | E104: -2.69e-05 | F104: % | H104: Steady State Mass Balance

Sheet SS case 5
A1: Timeline: | B1: Engineering
A2: Model server: | B2: ProcessModel
A4: Case: | B4: 5
A6: Fargevisning:
A7: Grønn: | B7: 0 | C7: 5
A8: Gul: | B8: 5 | C8: 10
A9: Rød: | B9: 10 | C9: 100
A11: TAG in literature | B11: Value from Appendix A | C11: TAG in model | D11: Data-tag in model | E11: SimulatedValue | F11: unit | G11: % deviation | H11: Comment
A12: SETPOINTS SET IN MCL
A13: FT06 | B13: =IFERROR(_xlfn.XLOOKUP(A13,'Appendix A'!A:A,'Appendix A'!G:G),"") -> 125.94 | C13: 00FIC001 | D13: 00FIC001:InternalSetpoint | E13: {=_xll.ReadKSpice(_xlfn.CONCAT("/",$B$1,"/",$B$2,"/",D13,"@V_Unit=",F13))} -> #N/A | F13: m3/h | G13: =100*(E13-B13)/B13 -> #N/A | H13: Gas Flow Rate
A14: FT_100 | B14: =IFERROR(_xlfn.XLOOKUP(A14,'Appendix A'!A:A,'Appendix A'!G:G),"") -> 240.87 | C14: 00FC001 | D14: 00FC001:InternalSetpoint | E14: {=_xll.ReadKSpice(_xlfn.CONCAT("/",$B$1,"/",$B$2,"/",D14,"@V_Unit=",F14))} -> #N/A | F14: kg/h | G14: =100*(E14-B14)/B14 -> #N/A | H14: Solvent Flow Rate Lean input
A15: TA08 | B15: =IFERROR(_xlfn.XLOOKUP(A15,'Appendix A'!A:A,'Appendix A'!G:G),"") -> 52.17 | C15: LeanMEA_inn | D15: LeanMEA_inn:InstructorTemperature | E15: {=_xll.ReadKSpice(_xlfn.CONCAT("/",$B$1,"/",$B$2,"/",D15,"@V_Unit=",F15))} -> #N/A | F15: degC | G15: =100*(E15-B15)/B15 -> #N/A | H15: Temperature Lean Solvent LeanMEA_inn
A16: TA08 | B16: =IFERROR(_xlfn.XLOOKUP(A16,'Appendix A'!A:A,'Appendix A'!G:G),"") -> 52.17 | C16: 02TIC002 | D16: 02TIC002:InternalSetpoint | E16: {=_xll.ReadKSpice(_xlfn.CONCAT("/",$B$1,"/",$B$2,"/",D16,"@V_Unit=",F16))} -> #N/A | F16: degC | G16: =100*(E16-B16)/B16 -> #N/A | H16: Temperature Lean Solvent LeanMEA_ut
A17: HE_04/05/06 | B17: =IFERROR(_xlfn.XLOOKUP(A17,'Appendix A'!A:A,'Appendix A'!G:G),"") -> 10.35 | C17: 02QIC001 | D17: 02QIC001:InternalSetpoint | E17: {=_xll.ReadKSpice(_xlfn.CONCAT("/",$B$1,"/",$B$2,"/",D17,"@V_Unit=",F17))} -> #N/A | F17: kW | G17: =100*(E17-B17)/B17 -> #N/A | H17: Reboiler Duty
A18: TAB | B18: =IFERROR(_xlfn.XLOOKUP(A18,'Appendix A'!A:A,'Appendix A'!G:G),"") -> 44.38 | C18: 00TIC000 | D18: 00TIC000:InternalSetpoint | E18: {=_xll.ReadKSpice(_xlfn.CONCAT("/",$B$1,"/",$B$2,"/",D18,"@V_Unit=",F18))} -> #N/A | F18: degC | G18: =100*(E18-B18)/B18 -> #N/A | H18: Absorber Inlet CO2 Temperature
B19: 0.27 | C19: LAL_IN | D19: LAL_IN:Output | E19: {=_xll.ReadKSpice(_xlfn.CONCAT("/",$B$1,"/",$B$2,"/",D19,"@V_Unit=",F19))} -> #N/A | F19: mol/mol | G19: =100*(E19-B19)/B19 -> #N/A | H19: CO2 Loading Lean input
A20: PI_100 | B20: =IFERROR(_xlfn.XLOOKUP(A20,'Appendix A'!A:A,'Appendix A'!G:G),"") -> 1012.1 | C20: 00PIC002 | D20: 00PIC002:InternalSetpoint | E20: {=_xll.ReadKSpice(_xlfn.CONCAT("/",$B$1,"/",$B$2,"/",D20,"@V_Unit=",F20))} -> #N/A | F20: mbara | G20: =100*(E20-B20)/B20 -> #N/A | H20: Pressure in absorber
A21: PT_02 | B21: =IFERROR(_xlfn.XLOOKUP(A21,'Appendix A'!A:A,'Appendix A'!G:G),"") -> 0.9 | C21: 04PIC001 | D21: 04PIC001:InternalSetpoint | E21: {=_xll.ReadKSpice(_xlfn.CONCAT("/",$B$1,"/",$B$2,"/",D21,"@V_Unit=",F21))} -> #N/A | F21: barg | G21: =100*(E21-B21)/B21 -> #N/A | H21: Pressure in reboiler
A22: TT_01 | B22: =IFERROR(_xlfn.XLOOKUP(A22,'Appendix A'!A:A,'Appendix A'!G:G),"") -> 30.62 | C22: 03TIC001 | D22: 03TIC001:InternalSetpoint | E22: {=_xll.ReadKSpice(_xlfn.CONCAT("/",$B$1,"/",$B$2,"/",D22,"@V_Unit=",F22))} -> #N/A | F22: degC | G22: =100*(E22-B22)/B22 -> #N/A | H22: EX03 cooling loop
A23: TT_02 | B23: =IFERROR(_xlfn.XLOOKUP(A23,'Appendix A'!A:A,'Appendix A'!G:G),"") -> 25.99 | C23: 04TIC001 | D23: 04TIC001:InternalSetpoint | E23: {=_xll.ReadKSpice(_xlfn.CONCAT("/",$B$1,"/",$B$2,"/",D23,"@V_Unit=",F23))} -> #N/A | F23: degC | G23: =100*(E23-B23)/B23 -> #N/A | H23: EX04 cooling loop
A25: FLOW INTO ABSORBER
A26: FT06 | B26: =IFERROR(_xlfn.XLOOKUP(A26,'Appendix A'!A:A,'Appendix A'!G:G),"") -> 125.94 | C26: 00FT001 | D26: 00FT001:MeasuredValue | E26: {=_xll.ReadKSpice(_xlfn.CONCAT("/",$B$1,"/",$B$2,"/",D26,"@V_Unit=",F26))} -> #N/A | F26: m3/h | G26: =100*(E26-B26)/B26 -> #N/A
A27: PI_103 | B27: =IFERROR(_xlfn.XLOOKUP(A27,'Appendix A'!A:A,'Appendix A'!G:G),"") -> 1029 | C27: 00PT001 | D27: 00PT001:MeasuredValue | E27: {=_xll.ReadKSpice(_xlfn.CONCAT("/",$B$1,"/",$B$2,"/",D27,"@V_Unit=",F27))} -> #N/A | F27: mbara | G27: =100*(E27-B27)/B27 -> #N/A
A28: TV5 | B28: =IFERROR(_xlfn.XLOOKUP(A28,'Appendix A'!A:A,'Appendix A'!G:G),"") -> 47.16 | C28: 00TAB000 | D28: 00TAB000:MeasuredValue | E28: {=_xll.ReadKSpice(_xlfn.CONCAT("/",$B$1,"/",$B$2,"/",D28,"@V_Unit=",F28))} -> #N/A | F28: degC | G28: =100*(E28-B28)/B28 -> #N/A
A29: FT_100 | B29: =IFERROR(_xlfn.XLOOKUP(A29,'Appendix A'!A:A,'Appendix A'!G:G),"") -> 240.87 | C29: 00FT003 | D29: 00FT003:MeasuredValue | E29: {=_xll.ReadKSpice(_xlfn.CONCAT("/",$B$1,"/",$B$2,"/",D29,"@V_Unit=",F29))} -> #N/A | F29: kg/h | G29: =100*(E29-B29)/B29 -> #N/A
A30: TA08 | B30: =IFERROR(_xlfn.XLOOKUP(A30,'Appendix A'!A:A,'Appendix A'!G:G),"") -> 52.17 | C30: LeanAmineInput | D30: LeanAmineInput:OutletStream.t | E30: {=_xll.ReadKSpice(_xlfn.CONCAT("/",$B$1,"/",$B$2,"/",D30,"@V_Unit=",F30))} -> #N/A | F30: degC | G30: =100*(E30-B30)/B30 -> #N/A | H30: Temperature Lean Solvent LeanMEA_inn
A31: TA08 | B31: =IFERROR(_xlfn.XLOOKUP(A31,'Appendix A'!A:A,'Appendix A'!G:G),"") -> 52.17 | C31: 02TT002 | D31: 02TT002:MeasuredValue | E31: {=_xll.ReadKSpice(_xlfn.CONCAT("/",$B$1,"/",$B$2,"/",D31,"@V_Unit=",F31))} -> #N/A | F31: degC | G31: =100*(E31-B31)/B31 -> #N/A | H31: Temperature Lean Solvent LeanMEA_ut
A33: ABSORBER
A34: CO2_IN | B34: =IFERROR(_xlfn.XLOOKUP(A34,'Appendix A'!A:A,'Appendix A'!G:G),"") -> 3.9 | C34: GasToAbsorber | D34: GasToAbsorber:OutputCompositionVector[4] | E34: {=_xll.ReadKSpice(_xlfn.CONCAT("/",$B$1,"/",$B$2,"/",D34,"@V_Unit=",F34))} -> #N/A | F34: % | G34: =100*(E34-B34)/B34 -> #N/A | H34: % CO2
A35: CO2_OUT (Gas) | B35: =IFERROR(_xlfn.XLOOKUP(A35,'Appendix A'!A:A,'Appendix A'!D:D),"") | C35: GasFromAbsorber | D35: GasFromAbsorber:OutputCompositionVector[4] | E35: {=_xll.ReadKSpice(_xlfn.CONCAT("/",$B$1,"/",$B$2,"/",D35,"@V_Unit=",F35))} -> #N/A | F35: % | H35: CO2 in gas form
A36: CO2_OUT (In MEA) | B36: =IFERROR(_xlfn.XLOOKUP(A36,'Appendix A'!A:A,'Appendix A'!D:D),"") | C36: GasFromAbsorber | D36: GasFromAbsorber:OutputCompositionVector[2] | E36: {=_xll.ReadKSpice(_xlfn.CONCAT("/",$B$1,"/",$B$2,"/",D36,"@V_Unit=",F36))} -> #N/A | F36: % | H36: CO2 in MEA
A37: CO2_OUT | B37: =IFERROR(_xlfn.XLOOKUP(A37,'Appendix A'!A:A,'Appendix A'!G:G),"") -> 0.44 | C37: GasFromAbsorber | E37: =E36+E35 -> #N/A | F37: % | G37: =100*(E37-B37)/B37 -> #N/A | H37: Combined CO2 % in treated gas
A38: PI_100 | B38: =IFERROR(_xlfn.XLOOKUP(A38,'Appendix A'!A:A,'Appendix A'!G:G),"") -> 1012.1 | C38: 00PI100 | D38: 00PI100:MeasuredValue | E38: {=_xll.ReadKSpice(_xlfn.CONCAT("/",$B$1,"/",$B$2,"/",D38,"@V_Unit=",F38))} -> #N/A | F38: mbara | G38: =100*(E38-B38)/B38 -> #N/A
A39: PI_102 | B39: =IFERROR(_xlfn.XLOOKUP(A39,'Appendix A'!A:A,'Appendix A'!G:G),"") -> 1020.73 | C39: 00PI102 | D39: 00PI102:MeasuredValue | E39: {=_xll.ReadKSpice(_xlfn.CONCAT("/",$B$1,"/",$B$2,"/",D39,"@V_Unit=",F39))} -> #N/A | F39: mbara | G39: =100*(E39-B39)/B39 -> #N/A
A40: TAB | B40: =IFERROR(_xlfn.XLOOKUP(A40,'Appendix A'!A:A,'Appendix A'!G:G),"") -> 44.38 | C40: 00TAB000 | D40: 00TAB000:MeasuredValue | E40: {=_xll.ReadKSpice(_xlfn.CONCAT("/",$B$1,"/",$B$2,"/",D40,"@V_Unit=",F40))} -> #N/A | F40: degC | G40: =100*(E40-B40)/B40 -> #N/A | H40: Lik TV5? Det er samme transpimmer i K-spice
A41: TA00 | B41: =IFERROR(_xlfn.XLOOKUP(A41,'Appendix A'!A:A,'Appendix A'!G:G),"") -> 45.55 | C41: 00TA000 | D41: 00TA000:MeasuredValue | E41: {=_xll.ReadKSpice(_xlfn.CONCAT("/",$B$1,"/",$B$2,"/",D41,"@V_Unit=",F41))} -> #N/A | F41: degC | G41: =100*(E41-B41)/B41 -> #N/A
A42: TA01 | B42: =IFERROR(_xlfn.XLOOKUP(A42,'Appendix A'!A:A,'Appendix A'!G:G),"") -> 47.05 | C42: 00TA001 | D42: 00TA001:MeasuredValue | E42: {=_xll.ReadKSpice(_xlfn.CONCAT("/",$B$1,"/",$B$2,"/",D42,"@V_Unit=",F42))} -> #N/A | F42: degC | G42: =100*(E42-B42)/B42 -> #N/A
A43: TA02 | B43: =IFERROR(_xlfn.XLOOKUP(A43,'Appendix A'!A:A,'Appendix A'!G:G),"") -> 50.02 | C43: 00TA002 | D43: 00TA002:MeasuredValue | E43: {=_xll.ReadKSpice(_xlfn.CONCAT("/",$B$1,"/",$B$2,"/",D43,"@V_Unit=",F43))} -> #N/A | F43: degC | G43: =100*(E43-B43)/B43 -> #N/A
A44: TA03 | B44: =IFERROR(_xlfn.XLOOKUP(A44,'Appendix A'!A:A,'Appendix A'!G:G),"") -> 51.8 | C44: 00TA003 | D44: 00TA003:MeasuredValue | E44: {=_xll.ReadKSpice(_xlfn.CONCAT("/",$B$1,"/",$B$2,"/",D44,"@V_Unit=",F44))} -> #N/A | F44: degC | G44: =100*(E44-B44)/B44 -> #N/A
A45: TA04 | B45: =IFERROR(_xlfn.XLOOKUP(A45,'Appendix A'!A:A,'Appendix A'!G:G),"") -> 53.27 | C45: 00TA004 | D45: 00TA004:MeasuredValue | E45: {=_xll.ReadKSpice(_xlfn.CONCAT("/",$B$1,"/",$B$2,"/",D45,"@V_Unit=",F45))} -> #N/A | F45: degC | G45: =100*(E45-B45)/B45 -> #N/A
A46: TA05 | B46: =IFERROR(_xlfn.XLOOKUP(A46,'Appendix A'!A:A,'Appendix A'!G:G),"") -> 57.25 | C46: 00TA005 | D46: 00TA005:MeasuredValue | E46: {=_xll.ReadKSpice(_xlfn.CONCAT("/",$B$1,"/",$B$2,"/",D46,"@V_Unit=",F46))} -> #N/A | F46: degC | G46: =100*(E46-B46)/B46 -> #N/A
A47: TA06 | B47: =IFERROR(_xlfn.XLOOKUP(A47,'Appendix A'!A:A,'Appendix A'!G:G),"") -> 58.54 | C47: 00TA006 | D47: 00TA006:MeasuredValue | E47: {=_xll.ReadKSpice(_xlfn.CONCAT("/",$B$1,"/",$B$2,"/",D47,"@V_Unit=",F47))} -> #N/A | F47: degC | G47: =100*(E47-B47)/B47 -> #N/A
A48: TA07 | B48: =IFERROR(_xlfn.XLOOKUP(A48,'Appendix A'!A:A,'Appendix A'!G:G),"") -> 58.36 | C48: 00TA007 | D48: 00TA007:MeasuredValue | E48: {=_xll.ReadKSpice(_xlfn.CONCAT("/",$B$1,"/",$B$2,"/",D48,"@V_Unit=",F48))} -> #N/A | F48: degC | G48: =100*(E48-B48)/B48 -> #N/A
A49: TI_15 | B49: =IFERROR(_xlfn.XLOOKUP(A49,'Appendix A'!A:A,'Appendix A'!G:G),"") -> 50.35 | C49: 00TI015 | D49: 00TI015:MeasuredValue | E49: {=_xll.ReadKSpice(_xlfn.CONCAT("/",$B$1,"/",$B$2,"/",D49,"@V_Unit=",F49))} -> #N/A | F49: degC | G49: =100*(E49-B49)/B49 -> #N/A
A50: PT11 | B50: =IFERROR(_xlfn.XLOOKUP(A50,'Appendix A'!A:A,'Appendix A'!G:G),"") -> 6.6 | F50: l
A51: LT_01 | B51: =IFERROR(_xlfn.XLOOKUP(A51,'Appendix A'!A:A,'Appendix A'!G:G),"") -> 11.67 | F51: l | H51: Antar dette er extra column (dp)
A52: PT11 + LT_01 | B52: =B50+B51 -> 18.27 | C52: 00QIT001 | D52: 00QIT001:MeasuredValue | E52: {=_xll.ReadKSpice(_xlfn.CONCAT("/",$B$1,"/",$B$2,"/",D52,"@V_Unit=",F52))} -> #N/A | F52: l | G52: =100*(E52-B52)/B52 -> #N/A | H52: Absorber drum i K-spice = PT11 + LT_01
A54: FLOW OUT OF ABSORBER
A55: FT_101 | B55: =IFERROR(_xlfn.XLOOKUP(A55,'Appendix A'!A:A,'Appendix A'!G:G),"") -> 246.13 | C55: 00FT101 | D55: 00FT101:MeasuredValue | E55: {=_xll.ReadKSpice(_xlfn.CONCAT("/",$B$1,"/",$B$2,"/",D55,"@V_Unit=",F55))} -> #N/A | F55: kg/h | G55: =100*(E55-B55)/B55 -> #N/A
A56: TI_01 | B56: =IFERROR(_xlfn.XLOOKUP(A56,'Appendix A'!A:A,'Appendix A'!G:G),"") -> 45.45 | F56: degC | H56: Denne eksisterer ikke i K-Spice
A57: TI_03 | B57: =IFERROR(_xlfn.XLOOKUP(A57,'Appendix A'!A:A,'Appendix A'!G:G),"") -> 45.92 | C57: 00TI003 | D57: 00TI003:MeasuredValue | E57: {=_xll.ReadKSpice(_xlfn.CONCAT("/",$B$1,"/",$B$2,"/",D57,"@V_Unit=",F57))} -> #N/A | F57: degC | G57: =100*(E57-B57)/B57 -> #N/A
A58: TI_04 | B58: =IFERROR(_xlfn.XLOOKUP(A58,'Appendix A'!A:A,'Appendix A'!G:G),"") -> 44.87 | C58: 00TI004 | D58: 00TI004:MeasuredValue | E58: {=_xll.ReadKSpice(_xlfn.CONCAT("/",$B$1,"/",$B$2,"/",D58,"@V_Unit=",F58))} -> #N/A | F58: degC | G58: =100*(E58-B58)/B58 -> #N/A
A60: DESORBER
A61: TS01 | B61: =IFERROR(_xlfn.XLOOKUP(A61,'Appendix A'!A:A,'Appendix A'!G:G),"") -> 118.29 | C61: 01TS001 | D61: 01TS001:MeasuredValue | E61: {=_xll.ReadKSpice(_xlfn.CONCAT("/",$B$1,"/",$B$2,"/",D61,"@V_Unit=",F61))} -> #N/A | F61: degC | G61: =100*(E61-B61)/B61 -> #N/A
A62: TS02 | B62: =IFERROR(_xlfn.XLOOKUP(A62,'Appendix A'!A:A,'Appendix A'!G:G),"") -> 111.21 | C62: 01TS002 | D62: 01TS002:MeasuredValue | E62: {=_xll.ReadKSpice(_xlfn.CONCAT("/",$B$1,"/",$B$2,"/",D62,"@V_Unit=",F62))} -> #N/A | F62: degC | G62: =100*(E62-B62)/B62 -> #N/A
A63: TS03 | B63: =IFERROR(_xlfn.XLOOKUP(A63,'Appendix A'!A:A,'Appendix A'!G:G),"") -> 109.76 | C63: 01TS003 | D63: 01TS003:MeasuredValue | E63: {=_xll.ReadKSpice(_xlfn.CONCAT("/",$B$1,"/",$B$2,"/",D63,"@V_Unit=",F63))} -> #N/A | F63: degC | G63: =100*(E63-B63)/B63 -> #N/A
A64: TS04 | B64: =IFERROR(_xlfn.XLOOKUP(A64,'Appendix A'!A:A,'Appendix A'!G:G),"") -> 109.46 | C64: 01TS004 | D64: 01TS004:MeasuredValue | E64: {=_xll.ReadKSpice(_xlfn.CONCAT("/",$B$1,"/",$B$2,"/",D64,"@V_Unit=",F64))} -> #N/A | F64: degC | G64: =100*(E64-B64)/B64 -> #N/A
A65: TS05 | B65: =IFERROR(_xlfn.XLOOKUP(A65,'Appendix A'!A:A,'Appendix A'!G:G),"") -> 109.2 | C65: 01TS005 | D65: 01TS005:MeasuredValue | E65: {=_xll.ReadKSpice(_xlfn.CONCAT("/",$B$1,"/",$B$2,"/",D65,"@V_Unit=",F65))} -> #N/A | F65: degC | G65: =100*(E65-B65)/B65 -> #N/A
A66: TI_07 | B66: =IFERROR(_xlfn.XLOOKUP(A66,'Appendix A'!A:A,'Appendix A'!G:G),"") -> 110.1 | C66: 01TI007 | D66: 01TI007:MeasuredValue | E66: {=_xll.ReadKSpice(_xlfn.CONCAT("/",$B$1,"/",$B$2,"/",D66,"@V_Unit=",F66))} -> #N/A | F66: degC | G66: =100*(E66-B66)/B66 -> #N/A
A67: TI_09 | B67: =IFERROR(_xlfn.XLOOKUP(A67,'Appendix A'!A:A,'Appendix A'!G:G),"") -> 114.97 | C67: 01TI009 | D67: 01TI009:MeasuredValue | E67: {=_xll.ReadKSpice(_xlfn.CONCAT("/",$B$1,"/",$B$2,"/",D67,"@V_Unit=",F67))} -> #N/A | F67: degC | G67: =100*(E67-B67)/B67 -> #N/A
A68: TI_11 | B68: =IFERROR(_xlfn.XLOOKUP(A68,'Appendix A'!A:A,'Appendix A'!G:G),"") -> 108.39 | C68: 01TI011 | D68: 01TI011:MeasuredValue | E68: {=_xll.ReadKSpice(_xlfn.CONCAT("/",$B$1,"/",$B$2,"/",D68,"@V_Unit=",F68))} -> #N/A | F68: degC | G68: =100*(E68-B68)/B68 -> #N/A
A70: REBOILER
A71: FT_EH | B71: =IFERROR(_xlfn.XLOOKUP(A71,'Appendix A'!A:A,'Appendix A'!G:G),"") -> 5.56 | C71: 04FT001 | D71: 04FT001:MeasuredValue | E71: {=_xll.ReadKSpice(_xlfn.CONCAT("/",$B$1,"/",$B$2,"/",D71,"@V_Unit=",F71))} -> #N/A | F71: kg/h | G71: =100*(E71-B71)/B71 -> #N/A
A72: HE_04/05/06 | B72: =IFERROR(_xlfn.XLOOKUP(A72,'Appendix A'!A:A,'Appendix A'!G:G),"") -> 10.35 | C72: 02QI001 | D72: 02QI001:MeasuredValue | E72: {=_xll.ReadKSpice(_xlfn.CONCAT("/",$B$1,"/",$B$2,"/",D72,"@V_Unit=",F72))} -> #N/A | F72: kW | G72: =100*(E72-B72)/B72 -> #N/A
A73: LT_02 | B73: =IFERROR(_xlfn.XLOOKUP(A73,'Appendix A'!A:A,'Appendix A'!G:G),"") -> 53.67 | C73: 02QIT001 | D73: 02QIT001:MeasuredValue | E73: {=_xll.ReadKSpice(_xlfn.CONCAT("/",$B$1,"/",$B$2,"/",D73,"@V_Unit=",F73))} -> #N/A | F73: l | G73: =100*(E73-B73)/B73 -> #N/A
A74: PT_02 | B74: =IFERROR(_xlfn.XLOOKUP(A74,'Appendix A'!A:A,'Appendix A'!G:G),"") -> 0.9 | C74: 02PI002 | D74: 02PI002:MeasuredValue | E74: {=_xll.ReadKSpice(_xlfn.CONCAT("/",$B$1,"/",$B$2,"/",D74,"@V_Unit=",F74))} -> #N/A | F74: barg | G74: =100*(E74-B74)/B74 -> #N/A
A75: TI_08 | B75: =IFERROR(_xlfn.XLOOKUP(A75,'Appendix A'!A:A,'Appendix A'!G:G),"") -> 22 | C75: 04TI008 | D75: 04TI008:MeasuredValue | E75: {=_xll.ReadKSpice(_xlfn.CONCAT("/",$B$1,"/",$B$2,"/",D75,"@V_Unit=",F75))} -> #N/A | F75: degC | G75: =100*(E75-B75)/B75 -> #N/A
A76: TI10 | B76: =IFERROR(_xlfn.XLOOKUP(A76,'Appendix A'!A:A,'Appendix A'!G:G),"") -> 118.85 | C76: 02TI010 | D76: 02TI010:MeasuredValue | E76: {=_xll.ReadKSpice(_xlfn.CONCAT("/",$B$1,"/",$B$2,"/",D76,"@V_Unit=",F76))} -> #N/A | F76: degC | G76: =100*(E76-B76)/B76 -> #N/A
A78: CONDENSER
A79: FT_EM | B79: =IFERROR(_xlfn.XLOOKUP(A79,'Appendix A'!A:A,'Appendix A'!G:G),"") -> 7.21 | C79: 04FT004 | D79: 04FT004:MeasuredValue | E79: {=_xll.ReadKSpice(_xlfn.CONCAT("/",$B$1,"/",$B$2,"/",D79,"@V_Unit=",F79))} -> #N/A | F79: kg/h | G79: =100*(E79-B79)/B79 -> #N/A
A80: PT_04 | B80: =IFERROR(_xlfn.XLOOKUP(A80,'Appendix A'!A:A,'Appendix A'!G:G),"") -> 0.88 | C80: 04PT004 | D80: 04PT004:MeasuredValue | E80: {=_xll.ReadKSpice(_xlfn.CONCAT("/",$B$1,"/",$B$2,"/",D80,"@V_Unit=",F80))} -> #N/A | F80: barg | G80: =100*(E80-B80)/B80 -> #N/A
A82: EX01 | B82: =IFERROR(_xlfn.XLOOKUP(A82,'Appendix A'!A:A,'Appendix A'!D:D),"")
A83: TT103 | B83: =IFERROR(_xlfn.XLOOKUP(A83,'Appendix A'!A:A,'Appendix A'!G:G),"") -> 47.98 | C83: 01TT103 | D83: 01TT103:MeasuredValue | E83: {=_xll.ReadKSpice(_xlfn.CONCAT("/",$B$1,"/",$B$2,"/",D83,"@V_Unit=",F83))} -> #N/A | F83: degC | G83: =100*(E83-B83)/B83 -> #N/A
A84: TI_20 | B84: =IFERROR(_xlfn.XLOOKUP(A84,'Appendix A'!A:A,'Appendix A'!G:G),"") | C84: 02TI020 | D84: 02TI020:MeasuredValue | E84: {=_xll.ReadKSpice(_xlfn.CONCAT("/",$B$1,"/",$B$2,"/",D84,"@V_Unit=",F84))} -> #N/A | F84: degC | G84: =100*(E84-B84)/B84 -> #N/A | H84: Finnes ikke i Appendix A
A85: TI_06 | B85: =IFERROR(_xlfn.XLOOKUP(A85,'Appendix A'!A:A,'Appendix A'!G:G),"") -> 112.31 | C85: 01TI006 | D85: 01TI006:MeasuredValue | E85: {=_xll.ReadKSpice(_xlfn.CONCAT("/",$B$1,"/",$B$2,"/",D85,"@V_Unit=",F85))} -> #N/A | F85: degC | G85: =100*(E85-B85)/B85 -> #N/A
A87: EX03
A88: TT_01 | B88: =IFERROR(_xlfn.XLOOKUP(A88,'Appendix A'!A:A,'Appendix A'!G:G),"") -> 30.62 | C88: 03TT001 | D88: 03TT001:MeasuredValue | E88: {=_xll.ReadKSpice(_xlfn.CONCAT("/",$B$1,"/",$B$2,"/",D88,"@V_Unit=",F88))} -> #N/A | F88: degC | G88: =100*(E88-B88)/B88 -> #N/A
A90: EX04
A91: TT_02 | B91: =IFERROR(_xlfn.XLOOKUP(A91,'Appendix A'!A:A,'Appendix A'!G:G),"") -> 25.99 | C91: 04TT002 | D91: 04TT002:MeasuredValue | E91: {=_xll.ReadKSpice(_xlfn.CONCAT("/",$B$1,"/",$B$2,"/",D91,"@V_Unit=",F91))} -> #N/A | F91: degC | G91: =100*(E91-B91)/B91 -> #N/A
A93: UKJENT PLASSERING
A94: FT_VASK | B94: =IFERROR(_xlfn.XLOOKUP(A94,'Appendix A'!A:A,'Appendix A'!G:G),"") -> 264.18 | E94: {=_xll.ReadKSpice(_xlfn.CONCAT("/",$B$1,"/",$B$2,"/",D94,"@V_Unit=",F94))} -> #N/A | F94: kg/h | G94: =100*(E94-B94)/B94 -> #N/A
A95: QT_100 | B95: =IFERROR(_xlfn.XLOOKUP(A95,'Appendix A'!A:A,'Appendix A'!G:G),"") -> 1.069 | E95: {=_xll.ReadKSpice(_xlfn.CONCAT("/",$B$1,"/",$B$2,"/",D95,"@V_Unit=",F95))} -> #N/A | F95: kg/l | G95: =100*(E95-B95)/B95 -> #N/A
A96: QT_101 | B96: =IFERROR(_xlfn.XLOOKUP(A96,'Appendix A'!A:A,'Appendix A'!G:G),"") -> 1.092 | E96: {=_xll.ReadKSpice(_xlfn.CONCAT("/",$B$1,"/",$B$2,"/",D96,"@V_Unit=",F96))} -> #N/A | F96: kg/l | G96: =100*(E96-B96)/B96 -> #N/A
A97: TI_05 | B97: =IFERROR(_xlfn.XLOOKUP(A97,'Appendix A'!A:A,'Appendix A'!G:G),"") -> 38.44 | E97: {=_xll.ReadKSpice(_xlfn.CONCAT("/",$B$1,"/",$B$2,"/",D97,"@V_Unit=",F97))} -> #N/A | F97: degC | G97: =100*(E97-B97)/B97 -> #N/A
A98: TT_03 | B98: =IFERROR(_xlfn.XLOOKUP(A98,'Appendix A'!A:A,'Appendix A'!G:G),"") -> 39.07 | E98: {=_xll.ReadKSpice(_xlfn.CONCAT("/",$B$1,"/",$B$2,"/",D98,"@V_Unit=",F98))} -> #N/A | F98: degC | G98: =100*(E98-B98)/B98 -> #N/A
A99: KPIs
A100: table 8 | B100: 0.41 | C100: RAL | D100: RAL:Output | E100: {=_xll.ReadKSpice(_xlfn.CONCAT("/",$B$1,"/",$B$2,"/",D100,"@V_Unit=",F100))} -> #N/A | F100: kg/h | G100: =100*(E100-B100)/B100 -> #N/A
A101: table 8 | B101: 0.27 | C101: LAL | D101: LAL:Output | E101: {=_xll.ReadKSpice(_xlfn.CONCAT("/",$B$1,"/",$B$2,"/",D101,"@V_Unit=",F101))} -> #N/A | F101: mol/mol | G101: =100*(E101-B101)/B101 -> #N/A | H101: Lean amine output (sinked)
A102: Beregnet | B102: =((B34-B37)/B34)*100 -> 88.717949 | C102: CCR | D102: CCR:Output | E102: {=_xll.ReadKSpice(_xlfn.CONCAT("/",$B$1,"/",$B$2,"/",D102,"@V_Unit=",F102))} -> #N/A | F102: % | G102: =100*(E102-B102)/B102 -> #N/A | H102: Carbon capture ratio
A103: Beregnet | B103: =(3.6*B17)/B79 -> 5.1678225 | C103: SRD | D103: SRD:Output | E103: {=_xll.ReadKSpice(_xlfn.CONCAT("/",$B$1,"/",$B$2,"/",D103,"@V_Unit=",F103))} -> #N/A | F103: GJ/tonCO2 | G103: =100*(E103-B103)/B103 -> #N/A | H103: Spesific reboiler Duty
C104: SSMB | D104: SSMB:Output | E104: {=_xll.ReadKSpice(_xlfn.CONCAT("/",$B$1,"/",$B$2,"/",D104,"@V_Unit=",F104))} -> #N/A | F104: % | G104: =100*(E104-B104)/B104 -> #N/A | H104: Steady State Mass Balance

Sheet SS case 5 (v19.5)
A1: Timeline: | B1: Engineering
A2: Model server: | B2: ProcessModel
A4: Case: | B4: 5
A6: Fargevisning:
A7: Grønn: | B7: 0 | C7: 5
A8: Gul: | B8: 5 | C8: 10
A9: Rød: | B9: 10 | C9: 100 | F9: GJ KPI avvik: | G9: {=AVERAGE(ABS(G100:G103))} -> 7.2986775
F10: Gj. Avvik: | G10: {=AVERAGE(ABS(G26:G31),ABS(G34),ABS(G37:G49),ABS(G52),ABS(G55),ABS(G57:G58),ABS(G61:G68),ABS(G71:G76),ABS(G79),ABS(G80),ABS(G83),ABS(G85),ABS(G88),ABS(G91),ABS(G100:G102))} -> 5.6683996
A11: TAG in literature | B11: Value from Appendix A | C11: TAG in model | D11: Data-tag in model | E11: SimulatedValue | F11: unit | G11: % deviation | H11: Comment
A12: SETPOINTS SET IN MCL
A13: FT06 | B13: 125.94 | C13: 00FIC001 | D13: 00FIC001:InternalSetpoint | E13: 125.94 | F13: m3/h | G13: 0 | H13: Gas Flow Rate
A14: FT_100 | B14: 240.87 | C14: 00FC001 | D14: 00FC001:InternalSetpoint | E14: 240.9 | F14: kg/h | G14: 0.012454851 | H14: Solvent Flow Rate Lean input
A15: TA08 | B15: 52.17 | C15: LeanMEA_inn | D15: LeanMEA_inn:InstructorTemperature | E15: 52.17 | F15: degC | G15: 2.7239515e-14 | H15: Temperature Lean Solvent LeanMEA_inn
A16: TA08 | B16: 52.17 | C16: 02TIC002 | D16: 02TIC002:InternalSetpoint | E16: 52.17 | F16: degC | G16: 2.7239515e-14 | H16: Temperature Lean Solvent LeanMEA_ut
A17: HE_04/05/06 | B17: 10.35 | C17: 02QIC001 | D17: 02QIC001:InternalSetpoint | E17: 10.4 | F17: kW | G17: 0.48309179 | H17: Reboiler Duty
A18: TAB | B18: 44.38 | C18: 00TIC000 | D18: 00TIC000:InternalSetpoint | E18: 44.38 | F18: degC | G18: -1.6010427e-14 | H18: Absorber Inlet CO2 Temperature
B19: 0.27 | C19: LAL_IN | D19: LAL_IN:Output | E19: 0.2699839 | F19: mol/mol | G19: -0.0059645917 | H19: CO2 Loading Lean input
A20: PI_100 | B20: 1012.1 | C20: 00PIC002 | D20: 00PIC002:InternalSetpoint | E20: 1012.1 | F20: mbara | G20: 0 | H20: Pressure in absorber
A21: PT_02 | B21: 0.9 | C21: 04PIC001 | D21: 04PIC001:InternalSetpoint | E21: 0.9 | F21: barg | G21: 1.2335811e-14 | H21: Pressure in reboiler
A22: TT_01 | B22: 30.62 | C22: 03TIC001 | D22: 03TIC001:InternalSetpoint | E22: 30.62 | F22: degC | G22: 1.1602592e-14 | H22: EX03 cooling loop
A23: TT_02 | B23: 25.99 | C23: 04TIC001 | D23: 04TIC001:InternalSetpoint | E23: 25.99 | F23: degC | G23: 4.1008623e-14 | H23: EX04 cooling loop
A25: FLOW INTO ABSORBER
A26: FT06 | B26: 125.94 | C26: 00FT001 | D26: 00FT001:MeasuredValue | E26: 125.94 | F26: m3/h | G26: 1.2063231e-07
A27: PI_103 | B27: 1029 | C27: 00PT001 | D27: 00PT001:MeasuredValue | E27: 1019.3269 | F27: mbara | G27: -0.94004737
A28: TV5 | B28: 47.16 | C28: 00TAB000 | D28: 00TAB000:MeasuredValue | E28: 44.38 | F28: degC | G28: -5.8948261
A29: FT_100 | B29: 240.87 | C29: 00FT003 | D29: 00FT003:MeasuredValue | E29: 240.9 | F29: kg/h | G29: 0.012454868
A30: TA08 | B30: 52.17 | C30: LeanAmineInput | D30: LeanAmineInput:OutletStream.t | E30: 52.17565 | F30: degC | G30: 0.010830614 | H30: Temperature Lean Solvent LeanMEA_inn
A31: TA08 | B31: 52.17 | C31: 02TT002 | D31: 02TT002:MeasuredValue | E31: 45 | F31: degC | G31: -13.743531 | H31: Temperature Lean Solvent LeanMEA_ut
A33: ABSORBER
A34: CO2_IN | B34: 3.9 | C34: GasToAbsorber | D34: GasToAbsorber:OutputCompositionVector[4] | E34: 4.052002 | F34: % | G34: 3.8974861 | H34: % CO2
A35: CO2_OUT (Gas) | C35: GasFromAbsorber | D35: GasFromAbsorber:OutputCompositionVector[4] | E35: 0.10442056 | F35: % | H35: CO2 in gas form
A36: CO2_OUT (In MEA) | C36: GasFromAbsorber | D36: GasFromAbsorber:OutputCompositionVector[2] | E36: 0.068256438 | F36: % | H36: CO2 in MEA
A37: CO2_OUT | B37: 0.44 | C37: GasFromAbsorber | E37: 0.17267699 | F37: % | G37: -60.755229 | H37: Combined CO2 % in treated gas
A38: PI_100 | B38: 1012.1 | C38: 00PI100 | D38: 00PI100:MeasuredValue | E38: 1013.9363 | F38: mbara | G38: 0.18143254
A39: PI_102 | B39: 1020.73 | C39: 00PI102 | D39: 00PI102:MeasuredValue | E39: 1018.9955 | F39: mbara | G39: -0.16993061
A40: TAB | B40: 44.38 | C40: 00TAB000 | D40: 00TAB000:MeasuredValue | E40: 44.38 | F40: degC | G40: -3.4297056e-09 | H40: Lik TV5? Det er samme transpimmer i K-spice
A41: TA00 | B41: 45.55 | C41: 00TA000 | D41: 00TA000:MeasuredValue | E41: 45.446314 | F41: degC | G41: -0.22763189
A42: TA01 | B42: 47.05 | C42: 00TA001 | D42: 00TA001:MeasuredValue | E42: 45.40201 | F42: degC | G42: -3.5026355
A43: TA02 | B43: 50.02 | C43: 00TA002 | D43: 00TA002:MeasuredValue | E43: 52.59848 | F43: degC | G43: 5.1548974
A44: TA03 | B44: 51.8 | C44: 00TA003 | D44: 00TA003:MeasuredValue | E44: 52.748095 | F44: degC | G44: 1.8302989
A45: TA04 | B45: 53.27 | C45: 00TA004 | D45: 00TA004:MeasuredValue | E45: 52.723801 | F45: degC | G45: -1.0253413
A46: TA05 | B46: 57.25 | C46: 00TA005 | D46: 00TA005:MeasuredValue | E46: 52.697842 | F46: degC | G46: -7.9513685
A47: TA06 | B47: 58.54 | C47: 00TA006 | D47: 00TA006:MeasuredValue | E47: 52.667982 | F47: degC | G47: -10.030779
A48: TA07 | B48: 58.36 | C48: 00TA007 | D48: 00TA007:MeasuredValue | E48: 52.622975 | F48: degC | G48: -9.8304055
A49: TI_15 | B49: 50.35 | C49: 00TI015 | D49: 00TI015:MeasuredValue | E49: 52.192971 | F49: degC | G49: 3.6603207
A50: PT11 | B50: 6.6 | F50: l
A51: LT_01 | B51: 11.67 | F51: l | H51: Antar dette er extra column (dp)
A52: PT11 + LT_01 | B52: 18.27 | C52: 00QIT001 | D52: 00QIT001:MeasuredValue | E52: 17.450556 | F52: l | G52: -4.4851882 | H52: Absorber drum i K-spice = PT11 + LT_01
A54: FLOW OUT OF ABSORBER
A55: FT_101 | B55: 246.13 | C55: 00FT101 | D55: 00FT101:MeasuredValue | E55: 239.08685 | F55: kg/h | G55: -2.8615569
A56: TI_01 | B56: 45.45 | F56: degC | H56: Denne eksisterer ikke i K-Spice
A57: TI_03 | B57: 45.92 | C57: 00TI003 | D57: 00TI003:MeasuredValue | E57: 52.427043 | F57: degC | G57: 14.170391
A58: TI_04 | B58: 44.87 | C58: 00TI004 | D58: 00TI004:MeasuredValue | E58: 45.499436 | F58: degC | G58: 1.4027988
A60: DESORBER
A61: TS01 | B61: 118.29 | C61: 01TS001 | D61: 01TS001:MeasuredValue | E61: 111.98733 | F61: degC | G61: -5.3281534
A62: TS02 | B62: 111.21 | C62: 01TS002 | D62: 01TS002:MeasuredValue | E62: 109.87426 | F62: degC | G62: -1.2010946
A63: TS03 | B63: 109.76 | C63: 01TS003 | D63: 01TS003:MeasuredValue | E63: 108.3135 | F63: degC | G63: -1.3178799
A64: TS04 | B64: 109.46 | C64: 01TS004 | D64: 01TS004:MeasuredValue | E64: 107.25326 | F64: degC | G64: -2.0160199
A65: TS05 | B65: 109.2 | C65: 01TS005 | D65: 01TS005:MeasuredValue | E65: 106.57868 | F65: degC | G65: -2.4004737
A66: TI_07 | B66: 110.1 | C66: 01TI007 | D66: 01TI007:MeasuredValue | E66: 105.8746 | F66: degC | G66: -3.8377858
A67: TI_09 | B67: 114.97 | C67: 01TI009 | D67: 01TI009:MeasuredValue | E67: 113.07075 | F67: degC | G67: -1.6519553
A68: TI_11 | B68: 108.39 | C68: 01TI011 | D68: 01TI011:MeasuredValue | E68: 106.2261 | F68: degC | G68: -1.9964003
A70: REBOILER
A71: FT_EH | B71: 5.56 | C71: 04FT001 | D71: 04FT001:MeasuredValue | E71: 7.0097849 | F71: kg/h | G71: 26.075268
A72: HE_04/05/06 | B72: 10.35 | C72: 02QI001 | D72: 02QI001:MeasuredValue | E72: 10.400002 | F72: kW | G72: 0.48310723
A73: LT_02 | B73: 53.67 | C73: 02QIT001 | D73: 02QIT001:MeasuredValue | E73: 53.717062 | F73: l | G73: 0.087686972
A74: PT_02 | B74: 0.9 | C74: 02PI002 | D74: 02PI002:MeasuredValue | E74: 0.89996579 | F74: barg | G74: -0.0038010911
A75: TI_08 | B75: 22 | C75: 04TI008 | D75: 04TI008:MeasuredValue | E75: 26.571286 | F75: degC | G75: 20.778571
A76: TI10 | B76: 118.85 | C76: 02TI010 | D76: 02TI010:MeasuredValue | E76: 116.43407 | F76: degC | G76: -2.0327543
A78: CONDENSER
A79: FT_EM | B79: 7.21 | C79: 04FT004 | D79: 04FT004:MeasuredValue | E79: 8.2794626 | F79: kg/h | G79: 14.833046
A80: PT_04 | B80: 0.88 | C80: 04PT004 | D80: 04PT004:MeasuredValue | E80: 0.89344689 | F80: barg | G80: 1.5280552
A82: EX01
A83: TT103 | B83: 47.98 | C83: 01TT103 | D83: 01TT103:MeasuredValue | E83: 46.534478 | F83: degC | G83: -3.0127596
A84: TI_20 | C84: 02TI020 | D84: 02TI020:MeasuredValue | E84: 116.43407 | F84: degC | G84: #VALUE! | H84: Finnes ikke i Appendix A
A85: TI_06 | B85: 112.31 | C85: 01TI006 | D85: 01TI006:MeasuredValue | E85: 110.04113 | F85: degC | G85: -2.0201892
A87: EX03
A88: TT_01 | B88: 30.62 | C88: 03TT001 | D88: 03TT001:MeasuredValue | E88: 30.620273 | F88: degC | G88: 0.00089011174
A90: EX04
A91: TT_02 | B91: 25.99 | C91: 04TT002 | D91: 04TT002:MeasuredValue | E91: 27.794783 | F91: degC | G91: 6.9441458
A93: UKJENT PLASSERING
A94: FT_VASK | B94: 264.18 | E94: Status:ItemUnknown | F94: kg/h | G94: #VALUE!
A95: QT_100 | B95: 1.069 | E95: Status:ItemUnknown | F95: kg/l | G95: #VALUE!
A96: QT_101 | B96: 1.092 | E96: Status:ItemUnknown | F96: kg/l | G96: #VALUE!
A97: TI_05 | B97: 38.44 | E97: Status:ItemUnknown | F97: degC | G97: #VALUE!
A98: TT_03 | B98: 39.07 | E98: Status:ItemUnknown | F98: degC | G98: #VALUE!
A99: KPIs
A100: table 8 | B100: 0.41 | C100: RAL | D100: RAL:Output | E100: 0.443256 | F100: kg/h | G100: 8.1112195
A101: table 8 | B101: 0.27 | C101: LAL | D101: LAL:Output | E101: 0.271872 | F101: mol/mol | G101: 0.69333333 | H101: Lean amine output (sinked)
A102: Beregnet | B102: 88.717949 | C102: CCR | D102: CCR:Output | E102: 96.1 | F102: % | G102: 8.3208092 | H102: Carbon capture ratio
A103: Beregnet | B103: 5.1678225 | C103: SRD | D103: SRD:Output | E103: 4.5441 | F103: GJ/tonCO2 | G103: -12.069348 | H103: Spesific reboiler Duty
C104: SSMB | D104: SSMB:Output | E104: -3.8e-05 | F104: % | H104: Steady State Mass Balance

Sheet SS case 6
A1: Timeline: | B1: Engineering
A2: Model server: | B2: ProcessModel
A4: Case: | B4: 6
A6: Fargevisning:
A7: Grønn: | B7: 0 | C7: 5
A8: Gul: | B8: 5 | C8: 10
A9: Rød: | B9: 10 | C9: 100
A11: TAG in literature | B11: Value from Appendix A | C11: TAG in model | D11: Data-tag in model | E11: SimulatedValue | F11: unit | G11: % deviation | H11: Comment
A12: SETPOINTS SET IN MCL
A13: FT06 | B13: =IFERROR(_xlfn.XLOOKUP(A13,'Appendix A'!A:A,'Appendix A'!H:H),"") -> 118.96 | C13: 00FIC001 | D13: 00FIC001:InternalSetpoint | E13: {=_xll.ReadKSpice(_xlfn.CONCAT("/",$B$1,"/",$B$2,"/",D13,"@V_Unit=",F13))} -> #N/A | F13: m3/h | G13: =100*(E13-B13)/B13 -> #N/A | H13: Gas Flow Rate
A14: FT_100 | B14: =IFERROR(_xlfn.XLOOKUP(A14,'Appendix A'!A:A,'Appendix A'!H:H),"") -> 178.72 | C14: 00FC001 | D14: 00FC001:InternalSetpoint | E14: {=_xll.ReadKSpice(_xlfn.CONCAT("/",$B$1,"/",$B$2,"/",D14,"@V_Unit=",F14))} -> #N/A | F14: kg/h | G14: =100*(E14-B14)/B14 -> #N/A | H14: Solvent Flow Rate Lean input
A15: TA08 | B15: =IFERROR(_xlfn.XLOOKUP(A15,'Appendix A'!A:A,'Appendix A'!H:H),"") -> 46.94 | C15: LeanMEA_inn | D15: LeanMEA_inn:InstructorTemperature | E15: {=_xll.ReadKSpice(_xlfn.CONCAT("/",$B$1,"/",$B$2,"/",D15,"@V_Unit=",F15))} -> #N/A | F15: degC | G15: =100*(E15-B15)/B15 -> #N/A | H15: Temperature Lean Solvent LeanMEA_inn
A16: TA08 | B16: =IFERROR(_xlfn.XLOOKUP(A16,'Appendix A'!A:A,'Appendix A'!H:H),"") -> 46.94 | C16: 02TIC002 | D16: 02TIC002:InternalSetpoint | E16: {=_xll.ReadKSpice(_xlfn.CONCAT("/",$B$1,"/",$B$2,"/",D16,"@V_Unit=",F16))} -> #N/A | F16: degC | G16: =100*(E16-B16)/B16 -> #N/A | H16: Temperature Lean Solvent LeanMEA_ut
A17: HE_04/05/06 | B17: =IFERROR(_xlfn.XLOOKUP(A17,'Appendix A'!A:A,'Appendix A'!H:H),"") -> 6.13 | C17: 02QIC001 | D17: 02QIC001:InternalSetpoint | E17: {=_xll.ReadKSpice(_xlfn.CONCAT("/",$B$1,"/",$B$2,"/",D17,"@V_Unit=",F17))} -> #N/A | F17: kW | G17: =100*(E17-B17)/B17 -> #N/A | H17: Reboiler Duty
A18: TAB | B18: =IFERROR(_xlfn.XLOOKUP(A18,'Appendix A'!A:A,'Appendix A'!H:H),"") -> 38.93 | C18: 00TIC000 | D18: 00TIC000:InternalSetpoint | E18: {=_xll.ReadKSpice(_xlfn.CONCAT("/",$B$1,"/",$B$2,"/",D18,"@V_Unit=",F18))} -> #N/A | F18: degC | G18: =100*(E18-B18)/B18 -> #N/A | H18: Absorber Inlet CO2 Temperature
B19: 0.34 | C19: LAL_IN | D19: LAL_IN:Output | E19: {=_xll.ReadKSpice(_xlfn.CONCAT("/",$B$1,"/",$B$2,"/",D19,"@V_Unit=",F19))} -> #N/A | F19: mol/mol | G19: =100*(E19-B19)/B19 -> #N/A | H19: CO2 Loading Lean input
A20: PI_100 | B20: =IFERROR(_xlfn.XLOOKUP(A20,'Appendix A'!A:A,'Appendix A'!H:H),"") -> 1030.53 | C20: 00PIC002 | D20: 00PIC002:InternalSetpoint | E20: {=_xll.ReadKSpice(_xlfn.CONCAT("/",$B$1,"/",$B$2,"/",D20,"@V_Unit=",F20))} -> #N/A | F20: mbara | G20: =100*(E20-B20)/B20 -> #N/A | H20: Pressure in absorber
A21: PT_02 | B21: =IFERROR(_xlfn.XLOOKUP(A21,'Appendix A'!A:A,'Appendix A'!H:H),"") -> 0.7 | C21: 04PIC001 | D21: 04PIC001:InternalSetpoint | E21: {=_xll.ReadKSpice(_xlfn.CONCAT("/",$B$1,"/",$B$2,"/",D21,"@V_Unit=",F21))} -> #N/A | F21: barg | G21: =100*(E21-B21)/B21 -> #N/A | H21: Pressure in reboiler
A22: TT_01 | B22: =IFERROR(_xlfn.XLOOKUP(A22,'Appendix A'!A:A,'Appendix A'!H:H),"") -> 30.63 | C22: 03TIC001 | D22: 03TIC001:InternalSetpoint | E22: {=_xll.ReadKSpice(_xlfn.CONCAT("/",$B$1,"/",$B$2,"/",D22,"@V_Unit=",F22))} -> #N/A | F22: degC | G22: =100*(E22-B22)/B22 -> #N/A | H22: EX03 cooling loop
A23: TT_02 | B23: =IFERROR(_xlfn.XLOOKUP(A23,'Appendix A'!A:A,'Appendix A'!H:H),"") -> 16.98 | C23: 04TIC001 | D23: 04TIC001:InternalSetpoint | E23: {=_xll.ReadKSpice(_xlfn.CONCAT("/",$B$1,"/",$B$2,"/",D23,"@V_Unit=",F23))} -> #N/A | F23: degC | G23: =100*(E23-B23)/B23 -> #N/A | H23: EX04 cooling loop
A25: FLOW INTO ABSORBER
A26: FT06 | B26: =IFERROR(_xlfn.XLOOKUP(A26,'Appendix A'!A:A,'Appendix A'!H:H),"") -> 118.96 | C26: 00FT001 | D26: 00FT001:MeasuredValue | E26: {=_xll.ReadKSpice(_xlfn.CONCAT("/",$B$1,"/",$B$2,"/",D26,"@V_Unit=",F26))} -> #N/A | F26: m3/h | G26: =100*(E26-B26)/B26 -> #N/A
A27: PI_103 | B27: =IFERROR(_xlfn.XLOOKUP(A27,'Appendix A'!A:A,'Appendix A'!H:H),"") -> 1042.66 | C27: 00PT001 | D27: 00PT001:MeasuredValue | E27: {=_xll.ReadKSpice(_xlfn.CONCAT("/",$B$1,"/",$B$2,"/",D27,"@V_Unit=",F27))} -> #N/A | F27: mbara | G27: =100*(E27-B27)/B27 -> #N/A
A28: TV5 | B28: =IFERROR(_xlfn.XLOOKUP(A28,'Appendix A'!A:A,'Appendix A'!H:H),"") -> 40.71 | C28: 00TAB000 | D28: 00TAB000:MeasuredValue | E28: {=_xll.ReadKSpice(_xlfn.CONCAT("/",$B$1,"/",$B$2,"/",D28,"@V_Unit=",F28))} -> #N/A | F28: degC | G28: =100*(E28-B28)/B28 -> #N/A
A29: FT_100 | B29: =IFERROR(_xlfn.XLOOKUP(A29,'Appendix A'!A:A,'Appendix A'!H:H),"") -> 178.72 | C29: 00FT003 | D29: 00FT003:MeasuredValue | E29: {=_xll.ReadKSpice(_xlfn.CONCAT("/",$B$1,"/",$B$2,"/",D29,"@V_Unit=",F29))} -> #N/A | F29: kg/h | G29: =100*(E29-B29)/B29 -> #N/A
A30: TA08 | B30: =IFERROR(_xlfn.XLOOKUP(A30,'Appendix A'!A:A,'Appendix A'!H:H),"") -> 46.94 | C30: LeanAmineInput | D30: LeanAmineInput:OutletStream.t | E30: {=_xll.ReadKSpice(_xlfn.CONCAT("/",$B$1,"/",$B$2,"/",D30,"@V_Unit=",F30))} -> #N/A | F30: degC | G30: =100*(E30-B30)/B30 -> #N/A | H30: Temperature Lean Solvent LeanMEA_inn
A31: TA08 | B31: =IFERROR(_xlfn.XLOOKUP(A31,'Appendix A'!A:A,'Appendix A'!H:H),"") -> 46.94 | C31: 02TT002 | D31: 02TT002:MeasuredValue | E31: {=_xll.ReadKSpice(_xlfn.CONCAT("/",$B$1,"/",$B$2,"/",D31,"@V_Unit=",F31))} -> #N/A | F31: degC | G31: =100*(E31-B31)/B31 -> #N/A | H31: Temperature Lean Solvent LeanMEA_ut
A33: ABSORBER
A34: CO2_IN | B34: =IFERROR(_xlfn.XLOOKUP(A34,'Appendix A'!A:A,'Appendix A'!H:H),"") -> 5.41 | C34: GasToAbsorber | D34: GasToAbsorber:OutputCompositionVector[4] | E34: {=_xll.ReadKSpice(_xlfn.CONCAT("/",$B$1,"/",$B$2,"/",D34,"@V_Unit=",F34))} -> #N/A | F34: % | G34: =100*(E34-B34)/B34 -> #N/A | H34: % CO2
A35: CO2_OUT (Gas) | B35: =IFERROR(_xlfn.XLOOKUP(A35,'Appendix A'!A:A,'Appendix A'!D:D),"") | C35: GasFromAbsorber | D35: GasFromAbsorber:OutputCompositionVector[4] | E35: {=_xll.ReadKSpice(_xlfn.CONCAT("/",$B$1,"/",$B$2,"/",D35,"@V_Unit=",F35))} -> #N/A | F35: % | H35: CO2 in gas form
A36: CO2_OUT (In MEA) | B36: =IFERROR(_xlfn.XLOOKUP(A36,'Appendix A'!A:A,'Appendix A'!D:D),"") | C36: GasFromAbsorber | D36: GasFromAbsorber:OutputCompositionVector[2] | E36: {=_xll.ReadKSpice(_xlfn.CONCAT("/",$B$1,"/",$B$2,"/",D36,"@V_Unit=",F36))} -> #N/A | F36: % | H36: CO2 in MEA
A37: CO2_OUT | B37: =IFERROR(_xlfn.XLOOKUP(A37,'Appendix A'!A:A,'Appendix A'!H:H),"") -> 3.09 | C37: GasFromAbsorber | E37: =E36+E35 -> #N/A | F37: % | G37: =100*(E37-B37)/B37 -> #N/A | H37: Combined CO2 % in treated gas
A38: PI_100 | B38: =IFERROR(_xlfn.XLOOKUP(A38,'Appendix A'!A:A,'Appendix A'!H:H),"") -> 1030.53 | C38: 00PI100 | D38: 00PI100:MeasuredValue | E38: {=_xll.ReadKSpice(_xlfn.CONCAT("/",$B$1,"/",$B$2,"/",D38,"@V_Unit=",F38))} -> #N/A | F38: mbara | G38: =100*(E38-B38)/B38 -> #N/A
A39: PI_102 | B39: =IFERROR(_xlfn.XLOOKUP(A39,'Appendix A'!A:A,'Appendix A'!H:H),"") -> 1038.75 | C39: 00PI102 | D39: 00PI102:MeasuredValue | E39: {=_xll.ReadKSpice(_xlfn.CONCAT("/",$B$1,"/",$B$2,"/",D39,"@V_Unit=",F39))} -> #N/A | F39: mbara | G39: =100*(E39-B39)/B39 -> #N/A
A40: TAB | B40: =IFERROR(_xlfn.XLOOKUP(A40,'Appendix A'!A:A,'Appendix A'!H:H),"") -> 38.93 | C40: 00TAB000 | D40: 00TAB000:MeasuredValue | E40: {=_xll.ReadKSpice(_xlfn.CONCAT("/",$B$1,"/",$B$2,"/",D40,"@V_Unit=",F40))} -> #N/A | F40: degC | G40: =100*(E40-B40)/B40 -> #N/A | H40: Lik TV5? Det er samme transpimmer i K-spice
A41: TA00 | B41: =IFERROR(_xlfn.XLOOKUP(A41,'Appendix A'!A:A,'Appendix A'!H:H),"") -> 35.78 | C41: 00TA000 | D41: 00TA000:MeasuredValue | E41: {=_xll.ReadKSpice(_xlfn.CONCAT("/",$B$1,"/",$B$2,"/",D41,"@V_Unit=",F41))} -> #N/A | F41: degC | G41: =100*(E41-B41)/B41 -> #N/A
A42: TA01 | B42: =IFERROR(_xlfn.XLOOKUP(A42,'Appendix A'!A:A,'Appendix A'!H:H),"") -> 36.56 | C42: 00TA001 | D42: 00TA001:MeasuredValue | E42: {=_xll.ReadKSpice(_xlfn.CONCAT("/",$B$1,"/",$B$2,"/",D42,"@V_Unit=",F42))} -> #N/A | F42: degC | G42: =100*(E42-B42)/B42 -> #N/A
A43: TA02 | B43: =IFERROR(_xlfn.XLOOKUP(A43,'Appendix A'!A:A,'Appendix A'!H:H),"") -> 37.27 | C43: 00TA002 | D43: 00TA002:MeasuredValue | E43: {=_xll.ReadKSpice(_xlfn.CONCAT("/",$B$1,"/",$B$2,"/",D43,"@V_Unit=",F43))} -> #N/A | F43: degC | G43: =100*(E43-B43)/B43 -> #N/A
A44: TA03 | B44: =IFERROR(_xlfn.XLOOKUP(A44,'Appendix A'!A:A,'Appendix A'!H:H),"") -> 37.96 | C44: 00TA003 | D44: 00TA003:MeasuredValue | E44: {=_xll.ReadKSpice(_xlfn.CONCAT("/",$B$1,"/",$B$2,"/",D44,"@V_Unit=",F44))} -> #N/A | F44: degC | G44: =100*(E44-B44)/B44 -> #N/A
A45: TA04 | B45: =IFERROR(_xlfn.XLOOKUP(A45,'Appendix A'!A:A,'Appendix A'!H:H),"") -> 38.75 | C45: 00TA004 | D45: 00TA004:MeasuredValue | E45: {=_xll.ReadKSpice(_xlfn.CONCAT("/",$B$1,"/",$B$2,"/",D45,"@V_Unit=",F45))} -> #N/A | F45: degC | G45: =100*(E45-B45)/B45 -> #N/A
A46: TA05 | B46: =IFERROR(_xlfn.XLOOKUP(A46,'Appendix A'!A:A,'Appendix A'!H:H),"") -> 42.86 | C46: 00TA005 | D46: 00TA005:MeasuredValue | E46: {=_xll.ReadKSpice(_xlfn.CONCAT("/",$B$1,"/",$B$2,"/",D46,"@V_Unit=",F46))} -> #N/A | F46: degC | G46: =100*(E46-B46)/B46 -> #N/A
A47: TA06 | B47: =IFERROR(_xlfn.XLOOKUP(A47,'Appendix A'!A:A,'Appendix A'!H:H),"") -> 48.13 | C47: 00TA006 | D47: 00TA006:MeasuredValue | E47: {=_xll.ReadKSpice(_xlfn.CONCAT("/",$B$1,"/",$B$2,"/",D47,"@V_Unit=",F47))} -> #N/A | F47: degC | G47: =100*(E47-B47)/B47 -> #N/A
A48: TA07 | B48: =IFERROR(_xlfn.XLOOKUP(A48,'Appendix A'!A:A,'Appendix A'!H:H),"") -> 49.21 | C48: 00TA007 | D48: 00TA007:MeasuredValue | E48: {=_xll.ReadKSpice(_xlfn.CONCAT("/",$B$1,"/",$B$2,"/",D48,"@V_Unit=",F48))} -> #N/A | F48: degC | G48: =100*(E48-B48)/B48 -> #N/A
A49: TI_15 | B49: =IFERROR(_xlfn.XLOOKUP(A49,'Appendix A'!A:A,'Appendix A'!H:H),"") -> 45.73 | C49: 00TI015 | D49: 00TI015:MeasuredValue | E49: {=_xll.ReadKSpice(_xlfn.CONCAT("/",$B$1,"/",$B$2,"/",D49,"@V_Unit=",F49))} -> #N/A | F49: degC | G49: =100*(E49-B49)/B49 -> #N/A
A50: PT11 | B50: =IFERROR(_xlfn.XLOOKUP(A50,'Appendix A'!A:A,'Appendix A'!H:H),"") -> 6.49 | F50: l
A51: LT_01 | B51: =IFERROR(_xlfn.XLOOKUP(A51,'Appendix A'!A:A,'Appendix A'!H:H),"") -> 11.95 | F51: l | H51: Antar dette er extra column (dp)
A52: PT11 + LT_01 | B52: =B50+B51 -> 18.44 | C52: 00QIT001 | D52: 00QIT001:MeasuredValue | E52: {=_xll.ReadKSpice(_xlfn.CONCAT("/",$B$1,"/",$B$2,"/",D52,"@V_Unit=",F52))} -> #N/A | F52: l | G52: =100*(E52-B52)/B52 -> #N/A | H52: Absorber drum i K-spice = PT11 + LT_01
A54: FLOW OUT OF ABSORBER
A55: FT_101 | B55: =IFERROR(_xlfn.XLOOKUP(A55,'Appendix A'!A:A,'Appendix A'!H:H),"") -> 180.31 | C55: 00FT101 | D55: 00FT101:MeasuredValue | E55: {=_xll.ReadKSpice(_xlfn.CONCAT("/",$B$1,"/",$B$2,"/",D55,"@V_Unit=",F55))} -> #N/A | F55: kg/h | G55: =100*(E55-B55)/B55 -> #N/A
A56: TI_01 | B56: =IFERROR(_xlfn.XLOOKUP(A56,'Appendix A'!A:A,'Appendix A'!H:H),"") -> 35.76 | F56: degC | H56: Denne eksisterer ikke i K-Spice
A57: TI_03 | B57: =IFERROR(_xlfn.XLOOKUP(A57,'Appendix A'!A:A,'Appendix A'!H:H),"") -> 41.79 | C57: 00TI003 | D57: 00TI003:MeasuredValue | E57: {=_xll.ReadKSpice(_xlfn.CONCAT("/",$B$1,"/",$B$2,"/",D57,"@V_Unit=",F57))} -> #N/A | F57: degC | G57: =100*(E57-B57)/B57 -> #N/A
A58: TI_04 | B58: =IFERROR(_xlfn.XLOOKUP(A58,'Appendix A'!A:A,'Appendix A'!H:H),"") -> 35.14 | C58: 00TI004 | D58: 00TI004:MeasuredValue | E58: {=_xll.ReadKSpice(_xlfn.CONCAT("/",$B$1,"/",$B$2,"/",D58,"@V_Unit=",F58))} -> #N/A | F58: degC | G58: =100*(E58-B58)/B58 -> #N/A
A60: DESORBER
A61: TS01 | B61: =IFERROR(_xlfn.XLOOKUP(A61,'Appendix A'!A:A,'Appendix A'!H:H),"") -> 111.46 | C61: 01TS001 | D61: 01TS001:MeasuredValue | E61: {=_xll.ReadKSpice(_xlfn.CONCAT("/",$B$1,"/",$B$2,"/",D61,"@V_Unit=",F61))} -> #N/A | F61: degC | G61: =100*(E61-B61)/B61 -> #N/A
A62: TS02 | B62: =IFERROR(_xlfn.XLOOKUP(A62,'Appendix A'!A:A,'Appendix A'!H:H),"") -> 98.98 | C62: 01TS002 | D62: 01TS002:MeasuredValue | E62: {=_xll.ReadKSpice(_xlfn.CONCAT("/",$B$1,"/",$B$2,"/",D62,"@V_Unit=",F62))} -> #N/A | F62: degC | G62: =100*(E62-B62)/B62 -> #N/A
A63: TS03 | B63: =IFERROR(_xlfn.XLOOKUP(A63,'Appendix A'!A:A,'Appendix A'!H:H),"") -> 99.03 | C63: 01TS003 | D63: 01TS003:MeasuredValue | E63: {=_xll.ReadKSpice(_xlfn.CONCAT("/",$B$1,"/",$B$2,"/",D63,"@V_Unit=",F63))} -> #N/A | F63: degC | G63: =100*(E63-B63)/B63 -> #N/A
A64: TS04 | B64: =IFERROR(_xlfn.XLOOKUP(A64,'Appendix A'!A:A,'Appendix A'!H:H),"") -> 99.37 | C64: 01TS004 | D64: 01TS004:MeasuredValue | E64: {=_xll.ReadKSpice(_xlfn.CONCAT("/",$B$1,"/",$B$2,"/",D64,"@V_Unit=",F64))} -> #N/A | F64: degC | G64: =100*(E64-B64)/B64 -> #N/A
A65: TS05 | B65: =IFERROR(_xlfn.XLOOKUP(A65,'Appendix A'!A:A,'Appendix A'!H:H),"") -> 99.56 | C65: 01TS005 | D65: 01TS005:MeasuredValue | E65: {=_xll.ReadKSpice(_xlfn.CONCAT("/",$B$1,"/",$B$2,"/",D65,"@V_Unit=",F65))} -> #N/A | F65: degC | G65: =100*(E65-B65)/B65 -> #N/A
A66: TI_07 | B66: =IFERROR(_xlfn.XLOOKUP(A66,'Appendix A'!A:A,'Appendix A'!H:H),"") -> 100.05 | C66: 01TI007 | D66: 01TI007:MeasuredValue | E66: {=_xll.ReadKSpice(_xlfn.CONCAT("/",$B$1,"/",$B$2,"/",D66,"@V_Unit=",F66))} -> #N/A | F66: degC | G66: =100*(E66-B66)/B66 -> #N/A
A67: TI_09 | B67: =IFERROR(_xlfn.XLOOKUP(A67,'Appendix A'!A:A,'Appendix A'!H:H),"") -> 106.07 | C67: 01TI009 | D67: 01TI009:MeasuredValue | E67: {=_xll.ReadKSpice(_xlfn.CONCAT("/",$B$1,"/",$B$2,"/",D67,"@V_Unit=",F67))} -> #N/A | F67: degC | G67: =100*(E67-B67)/B67 -> #N/A
A68: TI_11 | B68: =IFERROR(_xlfn.XLOOKUP(A68,'Appendix A'!A:A,'Appendix A'!H:H),"") -> 97.97 | C68: 01TI011 | D68: 01TI011:MeasuredValue | E68: {=_xll.ReadKSpice(_xlfn.CONCAT("/",$B$1,"/",$B$2,"/",D68,"@V_Unit=",F68))} -> #N/A | F68: degC | G68: =100*(E68-B68)/B68 -> #N/A
A70: REBOILER
A71: FT_EH | B71: =IFERROR(_xlfn.XLOOKUP(A71,'Appendix A'!A:A,'Appendix A'!H:H),"") -> 2.11 | C71: 04FT001 | D71: 04FT001:MeasuredValue | E71: {=_xll.ReadKSpice(_xlfn.CONCAT("/",$B$1,"/",$B$2,"/",D71,"@V_Unit=",F71))} -> #N/A | F71: kg/h | G71: =100*(E71-B71)/B71 -> #N/A
A72: HE_04/05/06 | B72: =IFERROR(_xlfn.XLOOKUP(A72,'Appendix A'!A:A,'Appendix A'!H:H),"") -> 6.13 | C72: 02QI001 | D72: 02QI001:MeasuredValue | E72: {=_xll.ReadKSpice(_xlfn.CONCAT("/",$B$1,"/",$B$2,"/",D72,"@V_Unit=",F72))} -> #N/A | F72: kW | G72: =100*(E72-B72)/B72 -> #N/A
A73: LT_02 | B73: =IFERROR(_xlfn.XLOOKUP(A73,'Appendix A'!A:A,'Appendix A'!H:H),"") -> 54.75 | C73: 02QIT001 | D73: 02QIT001:MeasuredValue | E73: {=_xll.ReadKSpice(_xlfn.CONCAT("/",$B$1,"/",$B$2,"/",D73,"@V_Unit=",F73))} -> #N/A | F73: l | G73: =100*(E73-B73)/B73 -> #N/A
A74: PT_02 | B74: =IFERROR(_xlfn.XLOOKUP(A74,'Appendix A'!A:A,'Appendix A'!H:H),"") -> 0.7 | C74: 02PI002 | D74: 02PI002:MeasuredValue | E74: {=_xll.ReadKSpice(_xlfn.CONCAT("/",$B$1,"/",$B$2,"/",D74,"@V_Unit=",F74))} -> #N/A | F74: barg | G74: =100*(E74-B74)/B74 -> #N/A
A75: TI_08 | B75: =IFERROR(_xlfn.XLOOKUP(A75,'Appendix A'!A:A,'Appendix A'!H:H),"") -> 15.2 | C75: 04TI008 | D75: 04TI008:MeasuredValue | E75: {=_xll.ReadKSpice(_xlfn.CONCAT("/",$B$1,"/",$B$2,"/",D75,"@V_Unit=",F75))} -> #N/A | F75: degC | G75: =100*(E75-B75)/B75 -> #N/A
A76: TI10 | B76: =IFERROR(_xlfn.XLOOKUP(A76,'Appendix A'!A:A,'Appendix A'!H:H),"") -> 113.05 | C76: 02TI010 | D76: 02TI010:MeasuredValue | E76: {=_xll.ReadKSpice(_xlfn.CONCAT("/",$B$1,"/",$B$2,"/",D76,"@V_Unit=",F76))} -> #N/A | F76: degC | G76: =100*(E76-B76)/B76 -> #N/A
A78: CONDENSER
A79: FT_EM | B79: =IFERROR(_xlfn.XLOOKUP(A79,'Appendix A'!A:A,'Appendix A'!H:H),"") -> 4.95 | C79: 04FT004 | D79: 04FT004:MeasuredValue | E79: {=_xll.ReadKSpice(_xlfn.CONCAT("/",$B$1,"/",$B$2,"/",D79,"@V_Unit=",F79))} -> #N/A | F79: kg/h | G79: =100*(E79-B79)/B79 -> #N/A
A80: PT_04 | B80: =IFERROR(_xlfn.XLOOKUP(A80,'Appendix A'!A:A,'Appendix A'!H:H),"") -> 0.69 | C80: 04PT004 | D80: 04PT004:MeasuredValue | E80: {=_xll.ReadKSpice(_xlfn.CONCAT("/",$B$1,"/",$B$2,"/",D80,"@V_Unit=",F80))} -> #N/A | F80: barg | G80: =100*(E80-B80)/B80 -> #N/A
A82: EX01 | B82: =IFERROR(_xlfn.XLOOKUP(A82,'Appendix A'!A:A,'Appendix A'!D:D),"")
A83: TT103 | B83: =IFERROR(_xlfn.XLOOKUP(A83,'Appendix A'!A:A,'Appendix A'!H:H),"") -> 38.06 | C83: 01TT103 | D83: 01TT103:MeasuredValue | E83: {=_xll.ReadKSpice(_xlfn.CONCAT("/",$B$1,"/",$B$2,"/",D83,"@V_Unit=",F83))} -> #N/A | F83: degC | G83: =100*(E83-B83)/B83 -> #N/A
A84: TI_20 | B84: =IFERROR(_xlfn.XLOOKUP(A84,'Appendix A'!A:A,'Appendix A'!E:E),"") | C84: 02TI020 | D84: 02TI020:MeasuredValue | E84: {=_xll.ReadKSpice(_xlfn.CONCAT("/",$B$1,"/",$B$2,"/",D84,"@V_Unit=",F84))} -> #N/A | F84: degC | G84: =100*(E84-B84)/B84 -> #N/A | H84: Finnes ikke i Appendix A
A85: TI_06 | B85: =IFERROR(_xlfn.XLOOKUP(A85,'Appendix A'!A:A,'Appendix A'!H:H),"") -> 103.18 | C85: 01TI006 | D85: 01TI006:MeasuredValue | E85: {=_xll.ReadKSpice(_xlfn.CONCAT("/",$B$1,"/",$B$2,"/",D85,"@V_Unit=",F85))} -> #N/A | F85: degC | G85: =100*(E85-B85)/B85 -> #N/A
A87: EX03
A88: TT_01 | B88: =IFERROR(_xlfn.XLOOKUP(A88,'Appendix A'!A:A,'Appendix A'!H:H),"") -> 30.63 | C88: 03TT001 | D88: 03TT001:MeasuredValue | E88: {=_xll.ReadKSpice(_xlfn.CONCAT("/",$B$1,"/",$B$2,"/",D88,"@V_Unit=",F88))} -> #N/A | F88: degC | G88: =100*(E88-B88)/B88 -> #N/A
A90: EX04
A91: TT_02 | B91: =IFERROR(_xlfn.XLOOKUP(A91,'Appendix A'!A:A,'Appendix A'!H:H),"") -> 16.98 | C91: 04TT002 | D91: 04TT002:MeasuredValue | E91: {=_xll.ReadKSpice(_xlfn.CONCAT("/",$B$1,"/",$B$2,"/",D91,"@V_Unit=",F91))} -> #N/A | F91: degC | G91: =100*(E91-B91)/B91 -> #N/A
A93: UKJENT PLASSERING
A94: FT_VASK | B94: =IFERROR(_xlfn.XLOOKUP(A94,'Appendix A'!A:A,'Appendix A'!H:H),"") -> 196.66 | E94: {=_xll.ReadKSpice(_xlfn.CONCAT("/",$B$1,"/",$B$2,"/",D94,"@V_Unit=",F94))} -> #N/A | F94: kg/h | G94: =100*(E94-B94)/B94 -> #N/A
A95: QT_100 | B95: =IFERROR(_xlfn.XLOOKUP(A95,'Appendix A'!A:A,'Appendix A'!H:H),"") -> 1.075 | E95: {=_xll.ReadKSpice(_xlfn.CONCAT("/",$B$1,"/",$B$2,"/",D95,"@V_Unit=",F95))} -> #N/A | F95: kg/l | G95: =100*(E95-B95)/B95 -> #N/A
A96: QT_101 | B96: =IFERROR(_xlfn.XLOOKUP(A96,'Appendix A'!A:A,'Appendix A'!H:H),"") -> 1.102 | E96: {=_xll.ReadKSpice(_xlfn.CONCAT("/",$B$1,"/",$B$2,"/",D96,"@V_Unit=",F96))} -> #N/A | F96: kg/l | G96: =100*(E96-B96)/B96 -> #N/A
A97: TI_05 | B97: =IFERROR(_xlfn.XLOOKUP(A97,'Appendix A'!A:A,'Appendix A'!H:H),"") -> 36.3 | E97: {=_xll.ReadKSpice(_xlfn.CONCAT("/",$B$1,"/",$B$2,"/",D97,"@V_Unit=",F97))} -> #N/A | F97: degC | G97: =100*(E97-B97)/B97 -> #N/A
A98: TT_03 | B98: =IFERROR(_xlfn.XLOOKUP(A98,'Appendix A'!A:A,'Appendix A'!H:H),"") -> 37.1 | E98: {=_xll.ReadKSpice(_xlfn.CONCAT("/",$B$1,"/",$B$2,"/",D98,"@V_Unit=",F98))} -> #N/A | F98: degC | G98: =100*(E98-B98)/B98 -> #N/A
A99: KPIs
A100: table 8 | B100: 0.49 | C100: RAL | D100: RAL:Output | E100: {=_xll.ReadKSpice(_xlfn.CONCAT("/",$B$1,"/",$B$2,"/",D100,"@V_Unit=",F100))} -> #N/A | F100: kg/h | G100: =100*(E100-B100)/B100 -> #N/A
A101: table 8 | B101: 0.34 | C101: LAL | D101: LAL:Output | E101: {=_xll.ReadKSpice(_xlfn.CONCAT("/",$B$1,"/",$B$2,"/",D101,"@V_Unit=",F101))} -> #N/A | F101: mol/mol | G101: =100*(E101-B101)/B101 -> #N/A | H101: Lean amine output (sinked)
A102: Beregnet | B102: =((B34-B37)/B34)*100 -> 42.883549 | C102: CCR | D102: CCR:Output | E102: {=_xll.ReadKSpice(_xlfn.CONCAT("/",$B$1,"/",$B$2,"/",D102,"@V_Unit=",F102))} -> #N/A | F102: % | G102: =100*(E102-B102)/B102 -> #N/A | H102: Carbon capture ratio
A103: Beregnet | B103: =(3.6*B17)/B79 -> 4.4581818 | C103: SRD | D103: SRD:Output | E103: {=_xll.ReadKSpice(_xlfn.CONCAT("/",$B$1,"/",$B$2,"/",D103,"@V_Unit=",F103))} -> #N/A | F103: GJ/tonCO2 | G103: =100*(E103-B103)/B103 -> #N/A | H103: Spesific reboiler Duty
C104: SSMB | D104: SSMB:Output | E104: {=_xll.ReadKSpice(_xlfn.CONCAT("/",$B$1,"/",$B$2,"/",D104,"@V_Unit=",F104))} -> #N/A | F104: % | G104: =100*(E104-B104)/B104 -> #N/A | H104: Steady State Mass Balance

Sheet SS case 6 (v19.5)
A1: Timeline: | B1: Engineering
A2: Model server: | B2: ProcessModel
A4: Case: | B4: 6
A6: Fargevisning:
A7: Grønn: | B7: 0 | C7: 5
A8: Gul: | B8: 5 | C8: 10
A9: Rød: | B9: 10 | C9: 100 | F9: GJ KPI avvik: | G9: {=AVERAGE(ABS(G100:G103))} -> 15.201889
F10: Gj. Avvik: | G10: {=AVERAGE(ABS(G26:G31),ABS(G34),ABS(G37:G49),ABS(G52),ABS(G55),ABS(G57:G58),ABS(G61:G68),ABS(G71:G76),ABS(G79),ABS(G80),ABS(G83),ABS(G85),ABS(G88),ABS(G91),ABS(G100:G102))} -> 8.1796378
A11: TAG in literature | B11: Value from Appendix A | C11: TAG in model | D11: Data-tag in model | E11: SimulatedValue | F11: unit | G11: % deviation | H11: Comment
A12: SETPOINTS SET IN MCL
A13: FT06 | B13: 118.96 | C13: 00FIC001 | D13: 00FIC001:InternalSetpoint | E13: 118.96 | F13: m3/h | G13: 1.194591e-14 | H13: Gas Flow Rate
A14: FT_100 | B14: 178.72 | C14: 00FC001 | D14: 00FC001:InternalSetpoint | E14: 178.7 | F14: kg/h | G14: -0.011190689 | H14: Solvent Flow Rate Lean input
A15: TA08 | B15: 46.94 | C15: LeanMEA_inn | D15: LeanMEA_inn:InstructorTemperature | E15: 46.94 | F15: degC | G15: 0 | H15: Temperature Lean Solvent LeanMEA_inn
A16: TA08 | B16: 46.94 | C16: 02TIC002 | D16: 02TIC002:InternalSetpoint | E16: 46.94 | F16: degC | G16: 0 | H16: Temperature Lean Solvent LeanMEA_ut
A17: HE_04/05/06 | B17: 6.13 | C17: 02QIC001 | D17: 02QIC001:InternalSetpoint | E17: 6.1 | F17: kW | G17: -0.48939641 | H17: Reboiler Duty
A18: TAB | B18: 38.93 | C18: 00TIC000 | D18: 00TIC000:InternalSetpoint | E18: 38.93 | F18: degC | G18: 1.8251804e-14 | H18: Absorber Inlet CO2 Temperature
B19: 0.34 | C19: LAL_IN | D19: LAL_IN:Output | E19: 0.33998222 | F19: mol/mol | G19: -0.0052300029 | H19: CO2 Loading Lean input
A20: PI_100 | B20: 1030.53 | C20: 00PIC002 | D20: 00PIC002:InternalSetpoint | E20: 1030.53 | F20: mbara | G20: 0 | H20: Pressure in absorber
A21: PT_02 | B21: 0.7 | C21: 04PIC001 | D21: 04PIC001:InternalSetpoint | E21: 0.7 | F21: barg | G21: -1.5860329e-14 | H21: Pressure in reboiler
A22: TT_01 | B22: 30.63 | C22: 03TIC001 | D22: 03TIC001:InternalSetpoint | E22: 30.63 | F22: degC | G22: -1.1598804e-14 | H22: EX03 cooling loop
A23: TT_02 | B23: 16.98 | C23: 04TIC001 | D23: 04TIC001:InternalSetpoint | E23: 16.98 | F23: degC | G23: 1.0461465e-13 | H23: EX04 cooling loop
A25: FLOW INTO ABSORBER
A26: FT06 | B26: 118.96 | C26: 00FT001 | D26: 00FT001:MeasuredValue | E26: 118.96 | F26: m3/h | G26: 1.1295443e-08
A27: PI_103 | B27: 1042.66 | C27: 00PT001 | D27: 00PT001:MeasuredValue | E27: 1035.1843 | F27: mbara | G27: -0.71697912
A28: TV5 | B28: 40.71 | C28: 00TAB000 | D28: 00TAB000:MeasuredValue | E28: 38.93 | F28: degC | G28: -4.3723901
A29: FT_100 | B29: 178.72 | C29: 00FT003 | D29: 00FT003:MeasuredValue | E29: 178.7 | F29: kg/h | G29: -0.011190693
A30: TA08 | B30: 46.94 | C30: LeanAmineInput | D30: LeanAmineInput:OutletStream.t | E30: 46.944523 | F30: degC | G30: 0.0096351923 | H30: Temperature Lean Solvent LeanMEA_inn
A31: TA08 | B31: 46.94 | C31: 02TT002 | D31: 02TT002:MeasuredValue | E31: 31.626853 | F31: degC | G31: -32.62281 | H31: Temperature Lean Solvent LeanMEA_ut
A33: ABSORBER
A34: CO2_IN | B34: 5.41 | C34: GasToAbsorber | D34: GasToAbsorber:OutputCompositionVector[4] | E34: 5.667016 | F34: % | G34: 4.7507571 | H34: % CO2
A35: CO2_OUT (Gas) | C35: GasFromAbsorber | D35: GasFromAbsorber:OutputCompositionVector[4] | E35: 2.2450286 | F35: % | H35: CO2 in gas form
A36: CO2_OUT (In MEA) | C36: GasFromAbsorber | D36: GasFromAbsorber:OutputCompositionVector[2] | E36: 0.10321117 | F36: % | H36: CO2 in MEA
A37: CO2_OUT | B37: 3.09 | C37: GasFromAbsorber | E37: 2.3482397 | F37: % | G37: -24.005187 | H37: Combined CO2 % in treated gas
A38: PI_100 | B38: 1030.53 | C38: 00PI100 | D38: 00PI100:MeasuredValue | E38: 1030.53 | F38: mbara | G38: -7.0009858e-09
A39: PI_102 | B39: 1038.75 | C39: 00PI102 | D39: 00PI102:MeasuredValue | E39: 1034.8972 | F39: mbara | G39: -0.37090847
A40: TAB | B40: 38.93 | C40: 00TAB000 | D40: 00TAB000:MeasuredValue | E40: 38.93 | F40: degC | G40: -3.5800914e-10 | H40: Lik TV5? Det er samme transpimmer i K-spice
A41: TA00 | B41: 35.78 | C41: 00TA000 | D41: 00TA000:MeasuredValue | E41: 30.171535 | F41: degC | G41: -15.67486
A42: TA01 | B42: 36.56 | C42: 00TA001 | D42: 00TA001:MeasuredValue | E42: 30.151081 | F42: degC | G42: -17.529866
A43: TA02 | B43: 37.27 | C43: 00TA002 | D43: 00TA002:MeasuredValue | E43: 33.137877 | F43: degC | G43: -11.086994
A44: TA03 | B44: 37.96 | C44: 00TA003 | D44: 00TA003:MeasuredValue | E44: 35.491915 | F44: degC | G44: -6.5018038
A45: TA04 | B45: 38.75 | C45: 00TA004 | D45: 00TA004:MeasuredValue | E45: 37.648258 | F45: degC | G45: -2.8432045
A46: TA05 | B46: 42.86 | C46: 00TA005 | D46: 00TA005:MeasuredValue | E46: 39.921305 | F46: degC | G46: -6.856497
A47: TA06 | B47: 48.13 | C47: 00TA006 | D47: 00TA006:MeasuredValue | E47: 42.676906 | F47: degC | G47: -11.329928
A48: TA07 | B48: 49.21 | C48: 00TA007 | D48: 00TA007:MeasuredValue | E48: 46.309805 | F48: degC | G48: -5.8935076
A49: TI_15 | B49: 45.73 | C49: 00TI015 | D49: 00TI015:MeasuredValue | E49: 49.361301 | F49: degC | G49: 7.9407421
A50: PT11 | B50: 6.49 | F50: l
A51: LT_01 | B51: 11.95 | F51: l | H51: Antar dette er extra column (dp)
A52: PT11 + LT_01 | B52: 18.44 | C52: 00QIT001 | D52: 00QIT001:MeasuredValue | E52: 17.450584 | F52: l | G52: -5.3655975 | H52: Absorber drum i K-spice = PT11 + LT_01
A54: FLOW OUT OF ABSORBER
A55: FT_101 | B55: 180.31 | C55: 00FT101 | D55: 00FT101:MeasuredValue | E55: 174.94792 | F55: kg/h | G55: -2.9738103
A56: TI_01 | B56: 35.76 | F56: degC | H56: Denne eksisterer ikke i K-Spice
A57: TI_03 | B57: 41.79 | C57: 00TI003 | D57: 00TI003:MeasuredValue | E57: 52.27324 | F57: degC | G57: 25.085524
A58: TI_04 | B58: 35.14 | C58: 00TI004 | D58: 00TI004:MeasuredValue | E58: 30.205276 | F58: degC | G58: -14.043039
A60: DESORBER
A61: TS01 | B61: 111.46 | C61: 01TS001 | D61: 01TS001:MeasuredValue | E61: 98.707125 | F61: degC | G61: -11.44166
A62: TS02 | B62: 98.98 | C62: 01TS002 | D62: 01TS002:MeasuredValue | E62: 95.296896 | F62: degC | G62: -3.7210591
A63: TS03 | B63: 99.03 | C63: 01TS003 | D63: 01TS003:MeasuredValue | E63: 94.643682 | F63: degC | G63: -4.4292819
A64: TS04 | B64: 99.37 | C64: 01TS004 | D64: 01TS004:MeasuredValue | E64: 94.538435 | F64: degC | G64: -4.8621968
A65: TS05 | B65: 99.56 | C65: 01TS005 | D65: 01TS005:MeasuredValue | E65: 94.524821 | F65: degC | G65: -5.0574321
A66: TI_07 | B66: 100.05 | C66: 01TI007 | D66: 01TI007:MeasuredValue | E66: 94.504022 | F66: degC | G66: -5.5432061
A67: TI_09 | B67: 106.07 | C67: 01TI009 | D67: 01TI009:MeasuredValue | E67: 100.61613 | F67: degC | G67: -5.1417633
A68: TI_11 | B68: 97.97 | C68: 01TI011 | D68: 01TI011:MeasuredValue | E68: 94.520313 | F68: degC | G68: -3.5211669
A70: REBOILER
A71: FT_EH | B71: 2.11 | C71: 04FT001 | D71: 04FT001:MeasuredValue | E71: 1.2979858 | F71: kg/h | G71: -38.484086
A72: HE_04/05/06 | B72: 6.13 | C72: 02QI001 | D72: 02QI001:MeasuredValue | E72: 6.0999955 | F72: kW | G72: -0.48947
A73: LT_02 | B73: 54.75 | C73: 02QIT001 | D73: 02QIT001:MeasuredValue | E73: 53.676265 | F73: l | G73: -1.9611602
A74: PT_02 | B74: 0.7 | C74: 02PI002 | D74: 02PI002:MeasuredValue | E74: 0.70003633 | F74: barg | G74: 0.0051893024
A75: TI_08 | B75: 15.2 | C75: 04TI008 | D75: 04TI008:MeasuredValue | E75: 17.388065 | F75: degC | G75: 14.395164
A76: TI10 | B76: 113.05 | C76: 02TI010 | D76: 02TI010:MeasuredValue | E76: 109.24067 | F76: degC | G76: -3.3695988
A78: CONDENSER
A79: FT_EM | B79: 4.95 | C79: 04FT004 | D79: 04FT004:MeasuredValue | E79: 5.9188024 | F79: kg/h | G79: 19.571766
A80: PT_04 | B80: 0.69 | C80: 04PT004 | D80: 04PT004:MeasuredValue | E80: 0.69682866 | F80: barg | G80: 0.98966157
A82: EX01
A83: TT103 | B83: 38.06 | C83: 01TT103 | D83: 01TT103:MeasuredValue | E83: 31.857787 | F83: degC | G83: -16.295882
A84: TI_20 | C84: 02TI020 | D84: 02TI020:MeasuredValue | E84: 109.24067 | F84: degC | G84: #VALUE! | H84: Finnes ikke i Appendix A
A85: TI_06 | B85: 103.18 | C85: 01TI006 | D85: 01TI006:MeasuredValue | E85: 102.8907 | F85: degC | G85: -0.28037926
A87: EX03
A88: TT_01 | B88: 30.63 | C88: 03TT001 | D88: 03TT001:MeasuredValue | E88: 30.510064 | F88: degC | G88: -0.39156447
A90: EX04
A91: TT_02 | B91: 16.98 | C91: 04TT002 | D91: 04TT002:MeasuredValue | E91: 16.997449 | F91: degC | G91: 0.10276113
A93: UKJENT PLASSERING
A94: FT_VASK | B94: 196.66 | E94: Status:ItemUnknown | F94: kg/h | G94: #VALUE!
A95: QT_100 | B95: 1.075 | E95: Status:ItemUnknown | F95: kg/l | G95: #VALUE!
A96: QT_101 | B96: 1.102 | E96: Status:ItemUnknown | F96: kg/l | G96: #VALUE!
A97: TI_05 | B97: 36.3 | E97: Status:ItemUnknown | F97: degC | G97: #VALUE!
A98: TT_03 | B98: 37.1 | E98: Status:ItemUnknown | F98: degC | G98: #VALUE!
A99: KPIs
A100: table 8 | B100: 0.49 | C100: RAL | D100: RAL:Output | E100: 0.52872 | F100: kg/h | G100: 7.9020408
A101: table 8 | B101: 0.34 | C101: LAL | D101: LAL:Output | E101: 0.360904 | F101: mol/mol | G101: 6.1482353 | H101: Lean amine output (sinked)
A102: Beregnet | B102: 42.883549 | C102: CCR | D102: CCR:Output | E102: 55.9 | F102: % | G102: 30.353017 | H102: Carbon capture ratio
A103: Beregnet | B103: 4.4581818 | C103: SRD | D103: SRD:Output | E103: 3.72685 | F103: GJ/tonCO2 | G103: -16.404262 | H103: Spesific reboiler Duty
C104: SSMB | D104: SSMB:Output | E104: -0.00014 | F104: % | H104: Steady State Mass Balance

Sheet SS case 7
A1: Timeline: | B1: Engineering
A2: Model server: | B2: ProcessModel
A4: Case: | B4: 7
A6: Fargevisning:
A7: Grønn: | B7: 0 | C7: 5
A8: Gul: | B8: 5 | C8: 10
A9: Rød: | B9: 10 | C9: 100
A11: TAG in literature | B11: Value from Appendix A | C11: TAG in model | D11: Data-tag in model | E11: SimulatedValue | F11: unit | G11: % deviation | H11: Comment
A12: SETPOINTS SET IN MCL
A13: FT06 | B13: =IFERROR(_xlfn.XLOOKUP(A13,'Appendix A'!A:A,'Appendix A'!I:I),"") -> 118.87 | C13: 00FIC001 | D13: 00FIC001:InternalSetpoint | E13: {=_xll.ReadKSpice(_xlfn.CONCAT("/",$B$1,"/",$B$2,"/",D13,"@V_Unit=",F13))} -> #N/A | F13: m3/h | G13: =100*(E13-B13)/B13 -> #N/A | H13: Gas Flow Rate
A14: FT_100 | B14: =IFERROR(_xlfn.XLOOKUP(A14,'Appendix A'!A:A,'Appendix A'!I:I),"") -> 238.82 | C14: 00FC001 | D14: 00FC001:InternalSetpoint | E14: {=_xll.ReadKSpice(_xlfn.CONCAT("/",$B$1,"/",$B$2,"/",D14,"@V_Unit=",F14))} -> #N/A | F14: kg/h | G14: =100*(E14-B14)/B14 -> #N/A | H14: Solvent Flow Rate Lean input
A15: TA08 | B15: =IFERROR(_xlfn.XLOOKUP(A15,'Appendix A'!A:A,'Appendix A'!I:I),"") -> 50.02 | C15: LeanMEA_inn | D15: LeanMEA_inn:InstructorTemperature | E15: {=_xll.ReadKSpice(_xlfn.CONCAT("/",$B$1,"/",$B$2,"/",D15,"@V_Unit=",F15))} -> #N/A | F15: degC | G15: =100*(E15-B15)/B15 -> #N/A | H15: Temperature Lean Solvent LeanMEA_inn
A16: TA08 | B16: =IFERROR(_xlfn.XLOOKUP(A16,'Appendix A'!A:A,'Appendix A'!I:I),"") -> 50.02 | C16: 02TIC002 | D16: 02TIC002:InternalSetpoint | E16: {=_xll.ReadKSpice(_xlfn.CONCAT("/",$B$1,"/",$B$2,"/",D16,"@V_Unit=",F16))} -> #N/A | F16: degC | G16: =100*(E16-B16)/B16 -> #N/A | H16: Temperature Lean Solvent LeanMEA_ut
A17: HE_04/05/06 | B17: =IFERROR(_xlfn.XLOOKUP(A17,'Appendix A'!A:A,'Appendix A'!I:I),"") -> 8.33 | C17: 02QIC001 | D17: 02QIC001:InternalSetpoint | E17: {=_xll.ReadKSpice(_xlfn.CONCAT("/",$B$1,"/",$B$2,"/",D17,"@V_Unit=",F17))} -> #N/A | F17: kW | G17: =100*(E17-B17)/B17 -> #N/A | H17: Reboiler Duty
A18: TAB | B18: =IFERROR(_xlfn.XLOOKUP(A18,'Appendix A'!A:A,'Appendix A'!I:I),"") -> 39.58 | C18: 00TIC000 | D18: 00TIC000:InternalSetpoint | E18: {=_xll.ReadKSpice(_xlfn.CONCAT("/",$B$1,"/",$B$2,"/",D18,"@V_Unit=",F18))} -> #N/A | F18: degC | G18: =100*(E18-B18)/B18 -> #N/A | H18: Absorber Inlet CO2 Temperature
B19: 0.31 | C19: LAL_IN | D19: LAL_IN:Output | E19: {=_xll.ReadKSpice(_xlfn.CONCAT("/",$B$1,"/",$B$2,"/",D19,"@V_Unit=",F19))} -> #N/A | F19: mol/mol | G19: =100*(E19-B19)/B19 -> #N/A | H19: CO2 Loading Lean input
A20: PI_100 | B20: =IFERROR(_xlfn.XLOOKUP(A20,'Appendix A'!A:A,'Appendix A'!I:I),"") -> 1031.27 | C20: 00PIC002 | D20: 00PIC002:InternalSetpoint | E20: {=_xll.ReadKSpice(_xlfn.CONCAT("/",$B$1,"/",$B$2,"/",D20,"@V_Unit=",F20))} -> #N/A | F20: mbara | G20: =100*(E20-B20)/B20 -> #N/A | H20: Pressure in absorber
A21: PT_02 | B21: =IFERROR(_xlfn.XLOOKUP(A21,'Appendix A'!A:A,'Appendix A'!I:I),"") -> 0.7 | C21: 04PIC001 | D21: 04PIC001:InternalSetpoint | E21: {=_xll.ReadKSpice(_xlfn.CONCAT("/",$B$1,"/",$B$2,"/",D21,"@V_Unit=",F21))} -> #N/A | F21: barg | G21: =100*(E21-B21)/B21 -> #N/A | H21: Pressure in reboiler
A22: TT_01 | B22: =IFERROR(_xlfn.XLOOKUP(A22,'Appendix A'!A:A,'Appendix A'!I:I),"") -> 30.6 | C22: 03TIC001 | D22: 03TIC001:InternalSetpoint | E22: {=_xll.ReadKSpice(_xlfn.CONCAT("/",$B$1,"/",$B$2,"/",D22,"@V_Unit=",F22))} -> #N/A | F22: degC | G22: =100*(E22-B22)/B22 -> #N/A | H22: EX03 cooling loop
A23: TT_02 | B23: =IFERROR(_xlfn.XLOOKUP(A23,'Appendix A'!A:A,'Appendix A'!I:I),"") -> 22.26 | C23: 04TIC001 | D23: 04TIC001:InternalSetpoint | E23: {=_xll.ReadKSpice(_xlfn.CONCAT("/",$B$1,"/",$B$2,"/",D23,"@V_Unit=",F23))} -> #N/A | F23: degC | G23: =100*(E23-B23)/B23 -> #N/A | H23: EX04 cooling loop
A25: FLOW INTO ABSORBER
A26: FT06 | B26: =IFERROR(_xlfn.XLOOKUP(A26,'Appendix A'!A:A,'Appendix A'!I:I),"") -> 118.87 | C26: 00FT001 | D26: 00FT001:MeasuredValue | E26: {=_xll.ReadKSpice(_xlfn.CONCAT("/",$B$1,"/",$B$2,"/",D26,"@V_Unit=",F26))} -> #N/A | F26: m3/h | G26: =100*(E26-B26)/B26 -> #N/A
A27: PI_103 | B27: =IFERROR(_xlfn.XLOOKUP(A27,'Appendix A'!A:A,'Appendix A'!I:I),"") -> 1045.31 | C27: 00PT001 | D27: 00PT001:MeasuredValue | E27: {=_xll.ReadKSpice(_xlfn.CONCAT("/",$B$1,"/",$B$2,"/",D27,"@V_Unit=",F27))} -> #N/A | F27: mbara | G27: =100*(E27-B27)/B27 -> #N/A
A28: TV5 | B28: =IFERROR(_xlfn.XLOOKUP(A28,'Appendix A'!A:A,'Appendix A'!I:I),"") -> 41.86 | C28: 00TAB000 | D28: 00TAB000:MeasuredValue | E28: {=_xll.ReadKSpice(_xlfn.CONCAT("/",$B$1,"/",$B$2,"/",D28,"@V_Unit=",F28))} -> #N/A | F28: degC | G28: =100*(E28-B28)/B28 -> #N/A
A29: FT_100 | B29: =IFERROR(_xlfn.XLOOKUP(A29,'Appendix A'!A:A,'Appendix A'!I:I),"") -> 238.82 | C29: 00FT003 | D29: 00FT003:MeasuredValue | E29: {=_xll.ReadKSpice(_xlfn.CONCAT("/",$B$1,"/",$B$2,"/",D29,"@V_Unit=",F29))} -> #N/A | F29: kg/h | G29: =100*(E29-B29)/B29 -> #N/A
A30: TA08 | B30: =IFERROR(_xlfn.XLOOKUP(A30,'Appendix A'!A:A,'Appendix A'!I:I),"") -> 50.02 | C30: LeanAmineInput | D30: LeanAmineInput:OutletStream.t | E30: {=_xll.ReadKSpice(_xlfn.CONCAT("/",$B$1,"/",$B$2,"/",D30,"@V_Unit=",F30))} -> #N/A | F30: degC | G30: =100*(E30-B30)/B30 -> #N/A | H30: Temperature Lean Solvent LeanMEA_inn
A31: TA08 | B31: =IFERROR(_xlfn.XLOOKUP(A31,'Appendix A'!A:A,'Appendix A'!I:I),"") -> 50.02 | C31: 02TT002 | D31: 02TT002:MeasuredValue | E31: {=_xll.ReadKSpice(_xlfn.CONCAT("/",$B$1,"/",$B$2,"/",D31,"@V_Unit=",F31))} -> #N/A | F31: degC | G31: =100*(E31-B31)/B31 -> #N/A | H31: Temperature Lean Solvent LeanMEA_ut
A33: ABSORBER
A34: CO2_IN | B34: =IFERROR(_xlfn.XLOOKUP(A34,'Appendix A'!A:A,'Appendix A'!I:I),"") -> 4.57 | C34: GasToAbsorber | D34: GasToAbsorber:OutputCompositionVector[4] | E34: {=_xll.ReadKSpice(_xlfn.CONCAT("/",$B$1,"/",$B$2,"/",D34,"@V_Unit=",F34))} -> #N/A | F34: % | G34: =100*(E34-B34)/B34 -> #N/A | H34: % CO2
A35: CO2_OUT (Gas) | B35: =IFERROR(_xlfn.XLOOKUP(A35,'Appendix A'!A:A,'Appendix A'!D:D),"") | C35: GasFromAbsorber | D35: GasFromAbsorber:OutputCompositionVector[4] | E35: {=_xll.ReadKSpice(_xlfn.CONCAT("/",$B$1,"/",$B$2,"/",D35,"@V_Unit=",F35))} -> #N/A | F35: % | H35: CO2 in gas form
A36: CO2_OUT (In MEA) | B36: =IFERROR(_xlfn.XLOOKUP(A36,'Appendix A'!A:A,'Appendix A'!D:D),"") | C36: GasFromAbsorber | D36: GasFromAbsorber:OutputCompositionVector[2] | E36: {=_xll.ReadKSpice(_xlfn.CONCAT("/",$B$1,"/",$B$2,"/",D36,"@V_Unit=",F36))} -> #N/A | F36: % | H36: CO2 in MEA
A37: CO2_OUT | B37: =IFERROR(_xlfn.XLOOKUP(A37,'Appendix A'!A:A,'Appendix A'!I:I),"") -> 1.38 | C37: GasFromAbsorber | E37: =E36+E35 -> #N/A | F37: % | G37: =100*(E37-B37)/B37 -> #N/A | H37: Combined CO2 % in treated gas
A38: PI_100 | B38: =IFERROR(_xlfn.XLOOKUP(A38,'Appendix A'!A:A,'Appendix A'!I:I),"") -> 1031.27 | C38: 00PI100 | D38: 00PI100:MeasuredValue | E38: {=_xll.ReadKSpice(_xlfn.CONCAT("/",$B$1,"/",$B$2,"/",D38,"@V_Unit=",F38))} -> #N/A | F38: mbara | G38: =100*(E38-B38)/B38 -> #N/A
A39: PI_102 | B39: =IFERROR(_xlfn.XLOOKUP(A39,'Appendix A'!A:A,'Appendix A'!I:I),"") -> 1041.48 | C39: 00PI102 | D39: 00PI102:MeasuredValue | E39: {=_xll.ReadKSpice(_xlfn.CONCAT("/",$B$1,"/",$B$2,"/",D39,"@V_Unit=",F39))} -> #N/A | F39: mbara | G39: =100*(E39-B39)/B39 -> #N/A
A40: TAB | B40: =IFERROR(_xlfn.XLOOKUP(A40,'Appendix A'!A:A,'Appendix A'!I:I),"") -> 39.58 | C40: 00TAB000 | D40: 00TAB000:MeasuredValue | E40: {=_xll.ReadKSpice(_xlfn.CONCAT("/",$B$1,"/",$B$2,"/",D40,"@V_Unit=",F40))} -> #N/A | F40: degC | G40: =100*(E40-B40)/B40 -> #N/A | H40: Lik TV5? Det er samme transpimmer i K-spice
A41: TA00 | B41: =IFERROR(_xlfn.XLOOKUP(A41,'Appendix A'!A:A,'Appendix A'!I:I),"") -> 39.16 | C41: 00TA000 | D41: 00TA000:MeasuredValue | E41: {=_xll.ReadKSpice(_xlfn.CONCAT("/",$B$1,"/",$B$2,"/",D41,"@V_Unit=",F41))} -> #N/A | F41: degC | G41: =100*(E41-B41)/B41 -> #N/A
A42: TA01 | B42: =IFERROR(_xlfn.XLOOKUP(A42,'Appendix A'!A:A,'Appendix A'!I:I),"") -> 40.79 | C42: 00TA001 | D42: 00TA001:MeasuredValue | E42: {=_xll.ReadKSpice(_xlfn.CONCAT("/",$B$1,"/",$B$2,"/",D42,"@V_Unit=",F42))} -> #N/A | F42: degC | G42: =100*(E42-B42)/B42 -> #N/A
A43: TA02 | B43: =IFERROR(_xlfn.XLOOKUP(A43,'Appendix A'!A:A,'Appendix A'!I:I),"") -> 43.82 | C43: 00TA002 | D43: 00TA002:MeasuredValue | E43: {=_xll.ReadKSpice(_xlfn.CONCAT("/",$B$1,"/",$B$2,"/",D43,"@V_Unit=",F43))} -> #N/A | F43: degC | G43: =100*(E43-B43)/B43 -> #N/A
A44: TA03 | B44: =IFERROR(_xlfn.XLOOKUP(A44,'Appendix A'!A:A,'Appendix A'!I:I),"") -> 45.76 | C44: 00TA003 | D44: 00TA003:MeasuredValue | E44: {=_xll.ReadKSpice(_xlfn.CONCAT("/",$B$1,"/",$B$2,"/",D44,"@V_Unit=",F44))} -> #N/A | F44: degC | G44: =100*(E44-B44)/B44 -> #N/A
A45: TA04 | B45: =IFERROR(_xlfn.XLOOKUP(A45,'Appendix A'!A:A,'Appendix A'!I:I),"") -> 47.36 | C45: 00TA004 | D45: 00TA004:MeasuredValue | E45: {=_xll.ReadKSpice(_xlfn.CONCAT("/",$B$1,"/",$B$2,"/",D45,"@V_Unit=",F45))} -> #N/A | F45: degC | G45: =100*(E45-B45)/B45 -> #N/A
A46: TA05 | B46: =IFERROR(_xlfn.XLOOKUP(A46,'Appendix A'!A:A,'Appendix A'!I:I),"") -> 52.69 | C46: 00TA005 | D46: 00TA005:MeasuredValue | E46: {=_xll.ReadKSpice(_xlfn.CONCAT("/",$B$1,"/",$B$2,"/",D46,"@V_Unit=",F46))} -> #N/A | F46: degC | G46: =100*(E46-B46)/B46 -> #N/A
A47: TA06 | B47: =IFERROR(_xlfn.XLOOKUP(A47,'Appendix A'!A:A,'Appendix A'!I:I),"") -> 55.6 | C47: 00TA006 | D47: 00TA006:MeasuredValue | E47: {=_xll.ReadKSpice(_xlfn.CONCAT("/",$B$1,"/",$B$2,"/",D47,"@V_Unit=",F47))} -> #N/A | F47: degC | G47: =100*(E47-B47)/B47 -> #N/A
A48: TA07 | B48: =IFERROR(_xlfn.XLOOKUP(A48,'Appendix A'!A:A,'Appendix A'!I:I),"") -> 54.88 | C48: 00TA007 | D48: 00TA007:MeasuredValue | E48: {=_xll.ReadKSpice(_xlfn.CONCAT("/",$B$1,"/",$B$2,"/",D48,"@V_Unit=",F48))} -> #N/A | F48: degC | G48: =100*(E48-B48)/B48 -> #N/A
A49: TI_15 | B49: =IFERROR(_xlfn.XLOOKUP(A49,'Appendix A'!A:A,'Appendix A'!I:I),"") -> 47.26 | C49: 00TI015 | D49: 00TI015:MeasuredValue | E49: {=_xll.ReadKSpice(_xlfn.CONCAT("/",$B$1,"/",$B$2,"/",D49,"@V_Unit=",F49))} -> #N/A | F49: degC | G49: =100*(E49-B49)/B49 -> #N/A
A50: PT11 | B50: =IFERROR(_xlfn.XLOOKUP(A50,'Appendix A'!A:A,'Appendix A'!I:I),"") -> 6.78 | F50: l
A51: LT_01 | B51: =IFERROR(_xlfn.XLOOKUP(A51,'Appendix A'!A:A,'Appendix A'!I:I),"") -> 11.95 | F51: l | H51: Antar dette er extra column (dp)
A52: PT11 + LT_01 | B52: =B50+B51 -> 18.73 | C52: 00QIT001 | D52: 00QIT001:MeasuredValue | E52: {=_xll.ReadKSpice(_xlfn.CONCAT("/",$B$1,"/",$B$2,"/",D52,"@V_Unit=",F52))} -> #N/A | F52: l | G52: =100*(E52-B52)/B52 -> #N/A | H52: Absorber drum i K-spice = PT11 + LT_01
A54: FLOW OUT OF ABSORBER
A55: FT_101 | B55: =IFERROR(_xlfn.XLOOKUP(A55,'Appendix A'!A:A,'Appendix A'!I:I),"") -> 241.74 | C55: 00FT101 | D55: 00FT101:MeasuredValue | E55: {=_xll.ReadKSpice(_xlfn.CONCAT("/",$B$1,"/",$B$2,"/",D55,"@V_Unit=",F55))} -> #N/A | F55: kg/h | G55: =100*(E55-B55)/B55 -> #N/A
A56: TI_01 | B56: =IFERROR(_xlfn.XLOOKUP(A56,'Appendix A'!A:A,'Appendix A'!I:I),"") -> 39.16 | F56: degC | H56: Denne eksisterer ikke i K-Spice
A57: TI_03 | B57: =IFERROR(_xlfn.XLOOKUP(A57,'Appendix A'!A:A,'Appendix A'!I:I),"") -> 43.21 | C57: 00TI003 | D57: 00TI003:MeasuredValue | E57: {=_xll.ReadKSpice(_xlfn.CONCAT("/",$B$1,"/",$B$2,"/",D57,"@V_Unit=",F57))} -> #N/A | F57: degC | G57: =100*(E57-B57)/B57 -> #N/A
A58: TI_04 | B58: =IFERROR(_xlfn.XLOOKUP(A58,'Appendix A'!A:A,'Appendix A'!I:I),"") -> 38.56 | C58: 00TI004 | D58: 00TI004:MeasuredValue | E58: {=_xll.ReadKSpice(_xlfn.CONCAT("/",$B$1,"/",$B$2,"/",D58,"@V_Unit=",F58))} -> #N/A | F58: degC | G58: =100*(E58-B58)/B58 -> #N/A
A60: DESORBER
A61: TS01 | B61: =IFERROR(_xlfn.XLOOKUP(A61,'Appendix A'!A:A,'Appendix A'!I:I),"") -> 113.24 | C61: 01TS001 | D61: 01TS001:MeasuredValue | E61: {=_xll.ReadKSpice(_xlfn.CONCAT("/",$B$1,"/",$B$2,"/",D61,"@V_Unit=",F61))} -> #N/A | F61: degC | G61: =100*(E61-B61)/B61 -> #N/A
A62: TS02 | B62: =IFERROR(_xlfn.XLOOKUP(A62,'Appendix A'!A:A,'Appendix A'!I:I),"") -> 101.82 | C62: 01TS002 | D62: 01TS002:MeasuredValue | E62: {=_xll.ReadKSpice(_xlfn.CONCAT("/",$B$1,"/",$B$2,"/",D62,"@V_Unit=",F62))} -> #N/A | F62: degC | G62: =100*(E62-B62)/B62 -> #N/A
A63: TS03 | B63: =IFERROR(_xlfn.XLOOKUP(A63,'Appendix A'!A:A,'Appendix A'!I:I),"") -> 101.69 | C63: 01TS003 | D63: 01TS003:MeasuredValue | E63: {=_xll.ReadKSpice(_xlfn.CONCAT("/",$B$1,"/",$B$2,"/",D63,"@V_Unit=",F63))} -> #N/A | F63: degC | G63: =100*(E63-B63)/B63 -> #N/A
A64: TS04 | B64: =IFERROR(_xlfn.XLOOKUP(A64,'Appendix A'!A:A,'Appendix A'!I:I),"") -> 101.99 | C64: 01TS004 | D64: 01TS004:MeasuredValue | E64: {=_xll.ReadKSpice(_xlfn.CONCAT("/",$B$1,"/",$B$2,"/",D64,"@V_Unit=",F64))} -> #N/A | F64: degC | G64: =100*(E64-B64)/B64 -> #N/A
A65: TS05 | B65: =IFERROR(_xlfn.XLOOKUP(A65,'Appendix A'!A:A,'Appendix A'!I:I),"") -> 102.18 | C65: 01TS005 | D65: 01TS005:MeasuredValue | E65: {=_xll.ReadKSpice(_xlfn.CONCAT("/",$B$1,"/",$B$2,"/",D65,"@V_Unit=",F65))} -> #N/A | F65: degC | G65: =100*(E65-B65)/B65 -> #N/A
A66: TI_07 | B66: =IFERROR(_xlfn.XLOOKUP(A66,'Appendix A'!A:A,'Appendix A'!I:I),"") -> 102.8 | C66: 01TI007 | D66: 01TI007:MeasuredValue | E66: {=_xll.ReadKSpice(_xlfn.CONCAT("/",$B$1,"/",$B$2,"/",D66,"@V_Unit=",F66))} -> #N/A | F66: degC | G66: =100*(E66-B66)/B66 -> #N/A
A67: TI_09 | B67: =IFERROR(_xlfn.XLOOKUP(A67,'Appendix A'!A:A,'Appendix A'!I:I),"") -> 108.57 | C67: 01TI009 | D67: 01TI009:MeasuredValue | E67: {=_xll.ReadKSpice(_xlfn.CONCAT("/",$B$1,"/",$B$2,"/",D67,"@V_Unit=",F67))} -> #N/A | F67: degC | G67: =100*(E67-B67)/B67 -> #N/A
A68: TI_11 | B68: =IFERROR(_xlfn.XLOOKUP(A68,'Appendix A'!A:A,'Appendix A'!I:I),"") -> 101.07 | C68: 01TI011 | D68: 01TI011:MeasuredValue | E68: {=_xll.ReadKSpice(_xlfn.CONCAT("/",$B$1,"/",$B$2,"/",D68,"@V_Unit=",F68))} -> #N/A | F68: degC | G68: =100*(E68-B68)/B68 -> #N/A
A70: REBOILER
A71: FT_EH | B71: =IFERROR(_xlfn.XLOOKUP(A71,'Appendix A'!A:A,'Appendix A'!I:I),"") -> 3.49 | C71: 04FT001 | D71: 04FT001:MeasuredValue | E71: {=_xll.ReadKSpice(_xlfn.CONCAT("/",$B$1,"/",$B$2,"/",D71,"@V_Unit=",F71))} -> #N/A | F71: kg/h | G71: =100*(E71-B71)/B71 -> #N/A
A72: HE_04/05/06 | B72: =IFERROR(_xlfn.XLOOKUP(A72,'Appendix A'!A:A,'Appendix A'!I:I),"") -> 8.33 | C72: 02QI001 | D72: 02QI001:MeasuredValue | E72: {=_xll.ReadKSpice(_xlfn.CONCAT("/",$B$1,"/",$B$2,"/",D72,"@V_Unit=",F72))} -> #N/A | F72: kW | G72: =100*(E72-B72)/B72 -> #N/A
A73: LT_02 | B73: =IFERROR(_xlfn.XLOOKUP(A73,'Appendix A'!A:A,'Appendix A'!I:I),"") -> 54.39 | C73: 02QIT001 | D73: 02QIT001:MeasuredValue | E73: {=_xll.ReadKSpice(_xlfn.CONCAT("/",$B$1,"/",$B$2,"/",D73,"@V_Unit=",F73))} -> #N/A | F73: l | G73: =100*(E73-B73)/B73 -> #N/A
A74: PT_02 | B74: =IFERROR(_xlfn.XLOOKUP(A74,'Appendix A'!A:A,'Appendix A'!I:I),"") -> 0.7 | C74: 02PI002 | D74: 02PI002:MeasuredValue | E74: {=_xll.ReadKSpice(_xlfn.CONCAT("/",$B$1,"/",$B$2,"/",D74,"@V_Unit=",F74))} -> #N/A | F74: barg | G74: =100*(E74-B74)/B74 -> #N/A
A75: TI_08 | B75: =IFERROR(_xlfn.XLOOKUP(A75,'Appendix A'!A:A,'Appendix A'!I:I),"") -> 19.07 | C75: 04TI008 | D75: 04TI008:MeasuredValue | E75: {=_xll.ReadKSpice(_xlfn.CONCAT("/",$B$1,"/",$B$2,"/",D75,"@V_Unit=",F75))} -> #N/A | F75: degC | G75: =100*(E75-B75)/B75 -> #N/A
A76: TI10 | B76: =IFERROR(_xlfn.XLOOKUP(A76,'Appendix A'!A:A,'Appendix A'!I:I),"") -> 113.85 | C76: 02TI010 | D76: 02TI010:MeasuredValue | E76: {=_xll.ReadKSpice(_xlfn.CONCAT("/",$B$1,"/",$B$2,"/",D76,"@V_Unit=",F76))} -> #N/A | F76: degC | G76: =100*(E76-B76)/B76 -> #N/A
A78: CONDENSER
A79: FT_EM | B79: =IFERROR(_xlfn.XLOOKUP(A79,'Appendix A'!A:A,'Appendix A'!I:I),"") -> 6.63 | C79: 04FT004 | D79: 04FT004:MeasuredValue | E79: {=_xll.ReadKSpice(_xlfn.CONCAT("/",$B$1,"/",$B$2,"/",D79,"@V_Unit=",F79))} -> #N/A | F79: kg/h | G79: =100*(E79-B79)/B79 -> #N/A
A80: PT_04 | B80: =IFERROR(_xlfn.XLOOKUP(A80,'Appendix A'!A:A,'Appendix A'!I:I),"") -> 0.68 | C80: 04PT004 | D80: 04PT004:MeasuredValue | E80: {=_xll.ReadKSpice(_xlfn.CONCAT("/",$B$1,"/",$B$2,"/",D80,"@V_Unit=",F80))} -> #N/A | F80: barg | G80: =100*(E80-B80)/B80 -> #N/A
A82: EX01 | B82: =IFERROR(_xlfn.XLOOKUP(A82,'Appendix A'!A:A,'Appendix A'!D:D),"")
A83: TT103 | B83: =IFERROR(_xlfn.XLOOKUP(A83,'Appendix A'!A:A,'Appendix A'!I:I),"") -> 41.48 | C83: 01TT103 | D83: 01TT103:MeasuredValue | E83: {=_xll.ReadKSpice(_xlfn.CONCAT("/",$B$1,"/",$B$2,"/",D83,"@V_Unit=",F83))} -> #N/A | F83: degC | G83: =100*(E83-B83)/B83 -> #N/A
A84: TI_20 | B84: =IFERROR(_xlfn.XLOOKUP(A84,'Appendix A'!A:A,'Appendix A'!I:I),"") | C84: 02TI020 | D84: 02TI020:MeasuredValue | E84: {=_xll.ReadKSpice(_xlfn.CONCAT("/",$B$1,"/",$B$2,"/",D84,"@V_Unit=",F84))} -> #N/A | F84: degC | G84: =100*(E84-B84)/B84 -> #N/A | H84: Finnes ikke i Appendix A
A85: TI_06 | B85: =IFERROR(_xlfn.XLOOKUP(A85,'Appendix A'!A:A,'Appendix A'!I:I),"") -> 105.44 | C85: 01TI006 | D85: 01TI006:MeasuredValue | E85: {=_xll.ReadKSpice(_xlfn.CONCAT("/",$B$1,"/",$B$2,"/",D85,"@V_Unit=",F85))} -> #N/A | F85: degC | G85: =100*(E85-B85)/B85 -> #N/A
A87: EX03
A88: TT_01 | B88: =IFERROR(_xlfn.XLOOKUP(A88,'Appendix A'!A:A,'Appendix A'!I:I),"") -> 30.6 | C88: 03TT001 | D88: 03TT001:MeasuredValue | E88: {=_xll.ReadKSpice(_xlfn.CONCAT("/",$B$1,"/",$B$2,"/",D88,"@V_Unit=",F88))} -> #N/A | F88: degC | G88: =100*(E88-B88)/B88 -> #N/A
A90: EX04
A91: TT_02 | B91: =IFERROR(_xlfn.XLOOKUP(A91,'Appendix A'!A:A,'Appendix A'!I:I),"") -> 22.26 | C91: 04TT002 | D91: 04TT002:MeasuredValue | E91: {=_xll.ReadKSpice(_xlfn.CONCAT("/",$B$1,"/",$B$2,"/",D91,"@V_Unit=",F91))} -> #N/A | F91: degC | G91: =100*(E91-B91)/B91 -> #N/A
A93: UKJENT PLASSERING
A94: FT_VASK | B94: =IFERROR(_xlfn.XLOOKUP(A94,'Appendix A'!A:A,'Appendix A'!I:I),"") -> 228.23 | E94: {=_xll.ReadKSpice(_xlfn.CONCAT("/",$B$1,"/",$B$2,"/",D94,"@V_Unit=",F94))} -> #N/A | F94: kg/h | G94: =100*(E94-B94)/B94 -> #N/A
A95: QT_100 | B95: =IFERROR(_xlfn.XLOOKUP(A95,'Appendix A'!A:A,'Appendix A'!I:I),"") -> 1.071 | E95: {=_xll.ReadKSpice(_xlfn.CONCAT("/",$B$1,"/",$B$2,"/",D95,"@V_Unit=",F95))} -> #N/A | F95: kg/l | G95: =100*(E95-B95)/B95 -> #N/A
A96: QT_101 | B96: =IFERROR(_xlfn.XLOOKUP(A96,'Appendix A'!A:A,'Appendix A'!I:I),"") -> 1.096 | E96: {=_xll.ReadKSpice(_xlfn.CONCAT("/",$B$1,"/",$B$2,"/",D96,"@V_Unit=",F96))} -> #N/A | F96: kg/l | G96: =100*(E96-B96)/B96 -> #N/A
A97: TI_05 | B97: =IFERROR(_xlfn.XLOOKUP(A97,'Appendix A'!A:A,'Appendix A'!I:I),"") -> 36.46 | E97: {=_xll.ReadKSpice(_xlfn.CONCAT("/",$B$1,"/",$B$2,"/",D97,"@V_Unit=",F97))} -> #N/A | F97: degC | G97: =100*(E97-B97)/B97 -> #N/A
A98: TT_03 | B98: =IFERROR(_xlfn.XLOOKUP(A98,'Appendix A'!A:A,'Appendix A'!I:I),"") -> 37.09 | E98: {=_xll.ReadKSpice(_xlfn.CONCAT("/",$B$1,"/",$B$2,"/",D98,"@V_Unit=",F98))} -> #N/A | F98: degC | G98: =100*(E98-B98)/B98 -> #N/A
A99: KPIs
A100: table 8 | B100: 0.44 | C100: RAL | D100: RAL:Output | E100: {=_xll.ReadKSpice(_xlfn.CONCAT("/",$B$1,"/",$B$2,"/",D100,"@V_Unit=",F100))} -> #N/A | F100: kg/h | G100: =100*(E100-B100)/B100 -> #N/A
A101: table 8 | B101: 0.31 | C101: LAL | D101: LAL:Output | E101: {=_xll.ReadKSpice(_xlfn.CONCAT("/",$B$1,"/",$B$2,"/",D101,"@V_Unit=",F101))} -> #N/A | F101: mol/mol | G101: =100*(E101-B101)/B101 -> #N/A | H101: Lean amine output (sinked)
A102: Beregnet | B102: =((B34-B37)/B34)*100 -> 69.803063 | C102: CCR | D102: CCR:Output | E102: {=_xll.ReadKSpice(_xlfn.CONCAT("/",$B$1,"/",$B$2,"/",D102,"@V_Unit=",F102))} -> #N/A | F102: % | G102: =100*(E102-B102)/B102 -> #N/A | H102: Carbon capture ratio
A103: Beregnet | B103: =(3.6*B17)/B79 -> 4.5230769 | C103: SRD | D103: SRD:Output | E103: {=_xll.ReadKSpice(_xlfn.CONCAT("/",$B$1,"/",$B$2,"/",D103,"@V_Unit=",F103))} -> #N/A | F103: GJ/tonCO2 | G103: =100*(E103-B103)/B103 -> #N/A | H103: Spesific reboiler Duty
C104: SSMB | D104: SSMB:Output | E104: {=_xll.ReadKSpice(_xlfn.CONCAT("/",$B$1,"/",$B$2,"/",D104,"@V_Unit=",F104))} -> #N/A | F104: % | G104: =100*(E104-B104)/B104 -> #N/A | H104: Steady State Mass Balance

Sheet SS case 7 (v19.5)
A1: Timeline: | B1: Engineering
A2: Model server: | B2: ProcessModel
A4: Case: | B4: 7
A6: Fargevisning:
A7: Grønn: | B7: 0 | C7: 5
A8: Gul: | B8: 5 | C8: 10
A9: Rød: | B9: 10 | C9: 100 | F9: GJ KPI avvik: | G9: {=AVERAGE(ABS(G100:G103))} -> 18.876674
F10: Gj. Avvik: | G10: {=AVERAGE(ABS(G26:G31),ABS(G34),ABS(G37:G49),ABS(G52),ABS(G55),ABS(G57:G58),ABS(G61:G68),ABS(G71:G76),ABS(G79),ABS(G80),ABS(G83),ABS(G85),ABS(G88),ABS(G91),ABS(G100:G102))} -> 8.5353452
A11: TAG in literature | B11: Value from Appendix A | C11: TAG in model | D11: Data-tag in model | E11: SimulatedValue | F11: unit | G11: % deviation | H11: Comment
A12: SETPOINTS SET IN MCL
A13: FT06 | B13: 118.87 | C13: 00FIC001 | D13: 00FIC001:InternalSetpoint | E13: 118.87 | F13: m3/h | G13: 1.1954955e-14 | H13: Gas Flow Rate
A14: FT_100 | B14: 238.82 | C14: 00FC001 | D14: 00FC001:InternalSetpoint | E14: 238.8 | F14: kg/h | G14: -0.008374508 | H14: Solvent Flow Rate Lean input
A15: TA08 | B15: 50.02 | C15: LeanMEA_inn | D15: LeanMEA_inn:InstructorTemperature | E15: 50.02 | F15: degC | G15: -4.2615518e-14 | H15: Temperature Lean Solvent LeanMEA_inn
A16: TA08 | B16: 50.02 | C16: 02TIC002 | D16: 02TIC002:InternalSetpoint | E16: 50.02 | F16: degC | G16: -4.2615518e-14 | H16: Temperature Lean Solvent LeanMEA_ut
A17: HE_04/05/06 | B17: 8.33 | C17: 02QIC001 | D17: 02QIC001:InternalSetpoint | E17: 8.3 | F17: kW | G17: -0.36014406 | H17: Reboiler Duty
A18: TAB | B18: 39.58 | C18: 00TIC000 | D18: 00TIC000:InternalSetpoint | E18: 39.58 | F18: degC | G18: -3.590413e-14 | H18: Absorber Inlet CO2 Temperature
B19: 0.31 | C19: LAL_IN | D19: LAL_IN:Output | E19: 0.30998647 | F19: mol/mol | G19: -0.0043642271 | H19: CO2 Loading Lean input
A20: PI_100 | B20: 1031.27 | C20: 00PIC002 | D20: 00PIC002:InternalSetpoint | E20: 1031.27 | F20: mbara | G20: 0 | H20: Pressure in absorber
A21: PT_02 | B21: 0.7 | C21: 04PIC001 | D21: 04PIC001:InternalSetpoint | E21: 0.7 | F21: barg | G21: -1.5860329e-14 | H21: Pressure in reboiler
A22: TT_01 | B22: 30.6 | C22: 03TIC001 | D22: 03TIC001:InternalSetpoint | E22: 30.6 | F22: degC | G22: 6.9661053e-14 | H22: EX03 cooling loop
A23: TT_02 | B23: 22.26 | C23: 04TIC001 | D23: 04TIC001:InternalSetpoint | E23: 22.26 | F23: degC | G23: -4.7880238e-14 | H23: EX04 cooling loop
A25: FLOW INTO ABSORBER
A26: FT06 | B26: 118.87 | C26: 00FT001 | D26: 00FT001:MeasuredValue | E26: 118.87 | F26: m3/h | G26: -8.2821536e-10
A27: PI_103 | B27: 1045.31 | C27: 00PT001 | D27: 00PT001:MeasuredValue | E27: 1036.6708 | F27: mbara | G27: -0.82646975
A28: TV5 | B28: 41.86 | C28: 00TAB000 | D28: 00TAB000:MeasuredValue | E28: 39.58 | F28: degC | G28: -5.4467272
A29: FT_100 | B29: 238.82 | C29: 00FT003 | D29: 00FT003:MeasuredValue | E29: 238.8 | F29: kg/h | G29: -0.008374506
A30: TA08 | B30: 50.02 | C30: LeanAmineInput | D30: LeanAmineInput:OutletStream.t | E30: 50.024804 | F30: degC | G30: 0.0096033776 | H30: Temperature Lean Solvent LeanMEA_inn
A31: TA08 | B31: 50.02 | C31: 02TT002 | D31: 02TT002:MeasuredValue | E31: 37.218543 | F31: degC | G31: -25.592676 | H31: Temperature Lean Solvent LeanMEA_ut
A33: ABSORBER
A34: CO2_IN | B34: 4.57 | C34: GasToAbsorber | D34: GasToAbsorber:OutputCompositionVector[4] | E34: 4.8237831 | F34: % | G34: 5.5532413 | H34: % CO2
A35: CO2_OUT (Gas) | C35: GasFromAbsorber | D35: GasFromAbsorber:OutputCompositionVector[4] | E35: 0.23321781 | F35: % | H35: CO2 in gas form
A36: CO2_OUT (In MEA) | C36: GasFromAbsorber | D36: GasFromAbsorber:OutputCompositionVector[2] | E36: 0.097249467 | F36: % | H36: CO2 in MEA
A37: CO2_OUT | B37: 1.38 | C37: GasFromAbsorber | E37: 0.33046728 | F37: % | G37: -76.053096 | H37: Combined CO2 % in treated gas
A38: PI_100 | B38: 1031.27 | C38: 00PI100 | D38: 00PI100:MeasuredValue | E38: 1031.27 | F38: mbara | G38: 3.6478298e-09
A39: PI_102 | B39: 1041.48 | C39: 00PI102 | D39: 00PI102:MeasuredValue | E39: 1036.3678 | F39: mbara | G39: -0.49086376
A40: TAB | B40: 39.58 | C40: 00TAB000 | D40: 00TAB000:MeasuredValue | E40: 39.58 | F40: degC | G40: 6.2580899e-11 | H40: Lik TV5? Det er samme transpimmer i K-spice
A41: TA00 | B41: 39.16 | C41: 00TA000 | D41: 00TA000:MeasuredValue | E41: 35.904202 | F41: degC | G41: -8.3140918
A42: TA01 | B42: 40.79 | C42: 00TA001 | D42: 00TA001:MeasuredValue | E42: 35.889483 | F42: degC | G42: -12.014016
A43: TA02 | B43: 43.82 | C43: 00TA002 | D43: 00TA002:MeasuredValue | E43: 43.406355 | F43: degC | G43: -0.94396309
A44: TA03 | B44: 45.76 | C44: 00TA003 | D44: 00TA003:MeasuredValue | E44: 48.993843 | F44: degC | G44: 7.0669657
A45: TA04 | B45: 47.36 | C45: 00TA004 | D45: 00TA004:MeasuredValue | E45: 54.214049 | F45: degC | G45: 14.472232
A46: TA05 | B46: 52.69 | C46: 00TA005 | D46: 00TA005:MeasuredValue | E46: 58.1428 | F46: degC | G46: 10.348832
A47: TA06 | B47: 55.6 | C47: 00TA006 | D47: 00TA006:MeasuredValue | E47: 59.211533 | F47: degC | G47: 6.4955627
A48: TA07 | B48: 54.88 | C48: 00TA007 | D48: 00TA007:MeasuredValue | E48: 59.200288 | F48: degC | G48: 7.8722448
A49: TI_15 | B49: 47.26 | C49: 00TI015 | D49: 00TI015:MeasuredValue | E49: 50.593669 | F49: degC | G49: 7.0538908
A50: PT11 | B50: 6.78 | F50: l
A51: LT_01 | B51: 11.95 | F51: l | H51: Antar dette er extra column (dp)
A52: PT11 + LT_01 | B52: 18.73 | C52: 00QIT001 | D52: 00QIT001:MeasuredValue | E52: 17.450568 | F52: l | G52: -6.8309246 | H52: Absorber drum i K-spice = PT11 + LT_01
A54: FLOW OUT OF ABSORBER
A55: FT_101 | B55: 241.74 | C55: 00FT101 | D55: 00FT101:MeasuredValue | E55: 234.6951 | F55: kg/h | G55: -2.9142487
A56: TI_01 | B56: 39.16 | F56: degC | H56: Denne eksisterer ikke i K-Spice
A57: TI_03 | B57: 43.21 | C57: 00TI003 | D57: 00TI003:MeasuredValue | E57: 56.324129 | F57: degC | G57: 30.349756
A58: TI_04 | B58: 38.56 | C58: 00TI004 | D58: 00TI004:MeasuredValue | E58: 35.951484 | F58: degC | G58: -6.7648246
A60: DESORBER
A61: TS01 | B61: 113.24 | C61: 01TS001 | D61: 01TS001:MeasuredValue | E61: 101.74054 | F61: degC | G61: -10.154947
A62: TS02 | B62: 101.82 | C62: 01TS002 | D62: 01TS002:MeasuredValue | E62: 98.387183 | F62: degC | G62: -3.3714568
A63: TS03 | B63: 101.69 | C63: 01TS003 | D63: 01TS003:MeasuredValue | E63: 97.264338 | F63: degC | G63: -4.3521115
A64: TS04 | B64: 101.99 | C64: 01TS004 | D64: 01TS004:MeasuredValue | E64: 96.95907 | F64: degC | G64: -4.932768
A65: TS05 | B65: 102.18 | C65: 01TS005 | D65: 01TS005:MeasuredValue | E65: 96.886004 | F65: degC | G65: -5.1810495
A66: TI_07 | B66: 102.8 | C66: 01TI007 | D66: 01TI007:MeasuredValue | E66: 96.868189 | F66: degC | G66: -5.7702441
A67: TI_09 | B67: 108.57 | C67: 01TI009 | D67: 01TI009:MeasuredValue | E67: 103.18293 | F67: degC | G67: -4.9618428
A68: TI_11 | B68: 101.07 | C68: 01TI011 | D68: 01TI011:MeasuredValue | E68: 96.871979 | F68: degC | G68: -4.1535781
A70: REBOILER
A71: FT_EH | B71: 3.49 | C71: 04FT001 | D71: 04FT001:MeasuredValue | E71: 4.0487138 | F71: kg/h | G71: 16.008991
A72: HE_04/05/06 | B72: 8.33 | C72: 02QI001 | D72: 02QI001:MeasuredValue | E72: 8.300001 | F72: kW | G72: -0.36013265
A73: LT_02 | B73: 54.39 | C73: 02QIT001 | D73: 02QIT001:MeasuredValue | E73: 53.715567 | F73: l | G73: -1.2399941
A74: PT_02 | B74: 0.7 | C74: 02PI002 | D74: 02PI002:MeasuredValue | E74: 0.69996428 | F74: barg | G74: -0.0051028726
A75: TI_08 | B75: 19.07 | C75: 04TI008 | D75: 04TI008:MeasuredValue | E75: 21.137864 | F75: degC | G75: 10.843547
A76: TI10 | B76: 113.85 | C76: 02TI010 | D76: 02TI010:MeasuredValue | E76: 110.26034 | F76: degC | G76: -3.152977
A78: CONDENSER
A79: FT_EM | B79: 6.63 | C79: 04FT004 | D79: 04FT004:MeasuredValue | E79: 7.7931007 | F79: kg/h | G79: 17.542997
A80: PT_04 | B80: 0.68 | C80: 04PT004 | D80: 04PT004:MeasuredValue | E80: 0.69495031 | F80: barg | G80: 2.1985747
A82: EX01
A83: TT103 | B83: 41.48 | C83: 01TT103 | D83: 01TT103:MeasuredValue | E83: 37.485375 | F83: degC | G83: -9.6302429
A84: TI_20 | C84: 02TI020 | D84: 02TI020:MeasuredValue | E84: 110.26034 | F84: degC | G84: #VALUE! | H84: Finnes ikke i Appendix A
A85: TI_06 | B85: 105.44 | C85: 01TI006 | D85: 01TI006:MeasuredValue | E85: 104.24545 | F85: degC | G85: -1.1329196
A87: EX03
A88: TT_01 | B88: 30.6 | C88: 03TT001 | D88: 03TT001:MeasuredValue | E88: 30.600587 | F88: degC | G88: 0.001918627
A90: EX04
A91: TT_02 | B91: 22.26 | C91: 04TT002 | D91: 04TT002:MeasuredValue | E91: 22.260067 | F91: degC | G91: 0.00030108234
A93: UKJENT PLASSERING
A94: FT_VASK | B94: 228.23 | E94: Status:ItemUnknown | F94: kg/h | G94: #VALUE!
A95: QT_100 | B95: 1.071 | E95: Status:ItemUnknown | F95: kg/l | G95: #VALUE!
A96: QT_101 | B96: 1.096 | E96: Status:ItemUnknown | F96: kg/l | G96: #VALUE!
A97: TI_05 | B97: 36.46 | E97: Status:ItemUnknown | F97: degC | G97: #VALUE!
A98: TT_03 | B98: 37.09 | E98: Status:ItemUnknown | F98: degC | G98: #VALUE!
A99: KPIs
A100: table 8 | B100: 0.44 | C100: RAL | D100: RAL:Output | E100: 0.509237 | F100: kg/h | G100: 15.735682
A101: table 8 | B101: 0.31 | C101: LAL | D101: LAL:Output | E101: 0.345171 | F101: mol/mol | G101: 11.345484 | H101: Lean amine output (sinked)
A102: Beregnet | B102: 69.803063 | C102: CCR | D102: CCR:Output | E102: 93.3 | F102: % | G102: 33.661755 | H102: Carbon capture ratio
A103: Beregnet | B103: 4.5230769 | C103: SRD | D103: SRD:Output | E103: 3.8553 | F103: GJ/tonCO2 | G103: -14.763776 | H103: Spesific reboiler Duty
C104: SSMB | D104: SSMB:Output | E104: -5.93e-05 | F104: % | G104: #DIV/0! | H104: Steady State Mass Balance
