Workbook

Sheet Appendix A
B1: Enhet | C1: Case1 | D1: Case2 | E1: Case3 | F1: Case4 | G1: Case5 | H1: Case6 | I1: Case7 | J1: Case8 | N1: Absorber-høyder | P1: Stripper høyder
A2: CO2_IN | B2: dry % | C2: 3.52 | D2: 6.77 | E2: 7.41 | F2: 3.57 | G2: 3.9 | H2: 5.41 | I2: 4.57 | J2: 1.55 | N2: 1 | P2: 0
A3: CO2_OUT | B3: dry % | C3: 0.29 | D3: 1.19 | E3: 3.05 | F3: 0 | G3: 0.44 | H3: 3.09 | I3: 1.38 | J3: 0 | N3: 2 | P3: 1
A4: FT_100 | B4: kg/h | C4: 166.93 | D4: 172.33 | E4: 152.07 | F4: 142.13 | G4: 240.87 | H4: 178.72 | I4: 238.82 | J4: 239.09 | N4: 3 | P4: 2
A5: FT_101 | B5: kg/h | C5: 171.04 | D5: 179.79 | E5: 156.95 | F5: 146.43 | G5: 246.13 | H5: 180.31 | I5: 241.74 | J5: 240.34 | N5: 4 | P5: 3
A6: FT06 | B6: m³/h | C6: 89.77 | D6: 90.09 | E6: 127.02 | F6: 100.1 | G6: 125.94 | H6: 118.96 | I6: 118.87 | J6: 118.57 | N6: 5 | P6: 4
A7: FT_EH | B7: kg/h | C7: 2.91 | D7: 4.16 | E7: 4.6 | F7: 3.93 | G7: 5.56 | H7: 2.11 | I7: 3.49 | J7: 5.42 | N7: 6
A8: FT_EM | B8: kg/h | C8: 4.41 | D8: 7.71 | E8: 8.99 | F8: 6.53 | G8: 7.21 | H8: 4.95 | I8: 6.63 | J8: 3.25 | N8: 7
A9: FT_VASK | B9: kg/h | C9: 23.51 | D9: 23.21 | E9: 294.18 | F9: 271 | G9: 264.18 | H9: 196.66 | I9: 228.23 | J9: 251.49
A10: HE_04/05/06 | B10: kW | C10: 6.82 | D10: 9.23 | E10: 10.02 | F10: 8.29 | G10: 10.35 | H10: 6.13 | I10: 8.33 | J10: 8.26
A11: LT_01 | B11: L | C11: 11.32 | D11: 11.32 | E11: 11.32 | F11: 11.32 | G11: 11.67 | H11: 11.95 | I11: 11.95 | J11: 11.95
A12: LT_02 | B12: L | C12: 54.03 | D12: 53.31 | E12: 53.84 | F12: 53.67 | G12: 53.67 | H12: 54.75 | I12: 54.39 | J12: 54.4
A13: PI_100 | B13: mbar | C13: 1014.07 | D13: 1002.74 | E13: 1040.05 | F13: 1027.44 | G13: 1012.1 | H13: 1030.53 | I13: 1031.27 | J13: 1001.61
A14: PI_102 | B14: mbar | C14: 1019.19 | D14: 1005.78 | E14: 1048.13 | F14: 1032.3 | G14: 1020.73 | H14: 1038.75 | I14: 1041.48 | J14: 1010.21
A15: PI_103 | B15: mbar | C15: 1016.6 | D15: 1010.37 | E15: 1056.4 | F15: 1035.01 | G15: 1029 | H15: 1042.66 | I15: 1045.31 | J15: 1014.5
A16: PT_02 | B16: barg | C16: 0.9 | D16: 0.9 | E16: 0.9 | F16: 0.9 | G16: 0.9 | H16: 0.7 | I16: 0.7 | J16: 0.7
A17: PT_04 | B17: barg | C17: 0.89 | D17: 0.88 | E17: 0.88 | F17: 0.89 | G17: 0.88 | H17: 0.69 | I17: 0.68 | J17: 0.7
A18: PT11 | B18: L | C18: 6.48 | D18: 6.89 | E18: 6.97 | F18: 5.86 | G18: 6.6 | H18: 6.49 | I18: 6.78 | J18: 5.67
A19: QT_100 | B19: kg/l | C19: 1.069 | D19: 1.065 | E19: 1.053 | F19: 1.057 | G19: 1.069 | H19: 1.075 | I19: 1.071 | J19: 1.059
A20: QT_101 | B20: kg/l | C20: 1.091 | D20: 1.097 | E20: 1.102 | F20: 1.097 | G20: 1.092 | H20: 1.102 | I20: 1.096 | J20: 1.073
... A51: TV5 | B51: °C | C51: 43.26 | D51: 50.54 | E51: 49.37 | F51: 43.55 | G51: 47.16 | H51: 40.71 | I51: 41.86 | J51: 37.87
A52: Test | C52: 10 | D52: 55

Sheet SS case 1
A1: Timeline: | B1: Engineering
A2: Model server: | B2: ProcessModel
A4: Case: | B4: 1
A6: Fargevisning:
A7: Grønn: | B7: 0 | C7: 5
A8: Gul: | B8: 5 | C8: 10
A9: Rød: | B9: 10 | C9: 100
A11: TAG in literature | B11: Value from Appendix A | C11: TAG in model | D11: Data-tag in model | E11: SimulatedValue | F11: unit | G11: % deviation | H11: Comment
A12: SETPOINTS SET IN MCL
A13: FT06 | B13: =IFERROR(_xlfn.XLOOKUP(A13,'Appendix A'!A:A,'Appendix A'!C:C),"") -> 89.77 | C13: 00FIC001 | D13: 00FIC001:InternalSetpoint | E13: {=_xll.ReadKSpice(_xlfn.CONCAT("/",$B$1,"/",$B$2,"/",D13,"@V_Unit=",F13))} -> #N/A | F13: m3/h | G13: =100*(E13-B13)/B13 -> #N/A | H13: Gas Flow Rate
A14: FT_100 | B14: =IFERROR(_xlfn.XLOOKUP(A14,'Appendix A'!A:A,'Appendix A'!C:C),"") -> 166.93 | C14: 00FC001 | D14: 00FC001:InternalSetpoint | E14: {=_xll.ReadKSpice(_xlfn.CONCAT("/",$B$1,"/",$B$2,"/",D14,"@V_Unit=",F14))} -> #N/A | F14: kg/h | G14: =100*(E14-B14)/B14 -> #N/A | H14: Solvent Flow Rate Lean input
A15: PI_103 | B15: =IFERROR(_xlfn.XLOOKUP(A15,'Appendix A'!A:A,'Appendix A'!C:C),"") -> 1016.6 | C15: 00PIC001 | D15: 00PIC001:InternalSetpoint | E15: {=_xll.ReadKSpice(_xlfn.CONCAT("/",$B$1,"/",$B$2,"/",D15,"@V_Unit=",F15))} -> #N/A | F15: mbara | G15: =100*(E15-B15)/B15 -> #N/A | H15: Pressure of flue gas boundry
A16: TA08 | B16: =IFERROR(_xlfn.XLOOKUP(A16,'Appendix A'!A:A,'Appendix A'!C:C),"") -> 49.1 | C16: LeanMEA_inn | D16: LeanMEA_inn:InstructorTemperature | E16: {=_xll.ReadKSpice(_xlfn.CONCAT("/",$B$1,"/",$B$2,"/",D16,"@V_Unit=",F16))} -> #N/A | F16: degC | G16: =100*(E16-B16)/B16 -> #N/A | H16: Temperature Lean Solvent LeanMEA_inn
A17: TA08 | B17: =IFERROR(_xlfn.XLOOKUP(A17,'Appendix A'!A:A,'Appendix A'!C:C),"") -> 49.1 | C17: 02TIC002 | D17: 02TIC002:InternalSetpoint | E17: {=_xll.ReadKSpice(_xlfn.CONCAT("/",$B$1,"/",$B$2,"/",D17,"@V_Unit=",F17))} -> #N/A | F17: degC | G17: =100*(E17-B17)/B17 -> #N/A | H17: Temperature Lean Solvent LeanMEA_ut
A18: HE_04/05/06 | B18: =IFERROR(_xlfn.XLOOKUP(A18,'Appendix A'!A:A,'Appendix A'!C:C),"") -> 6.82 | C18: 02QIC001 | D18: 02QIC001:InternalSetpoint | E18: {=_xll.ReadKSpice(_xlfn.CONCAT("/",$B$1,"/",$B$2,"/",D18,"@V_Unit=",F18))} -> #N/A | F18: kW | G18: =100*(E18-B18)/B18 -> #N/A | H18: Reboiler Duty
A19: TAB | B19: =IFERROR(_xlfn.XLOOKUP(A19,'Appendix A'!A:A,'Appendix A'!C:C),"") -> 42.18 | C19: 00TIC000 | D19: 00TIC000:InternalSetpoint | E19: {=_xll.ReadKSpice(_xlfn.CONCAT("/",$B$1,"/",$B$2,"/",D19,"@V_Unit=",F19))} -> #N/A | F19: degC | G19: =100*(E19-B19)/B19 -> #N/A | H19: Absorber Inlet CO2 Temperature
B20: 0.3 | C20: LAL_IN | D20: LAL_IN:Output | E20: {=_xll.ReadKSpice(_xlfn.CONCAT("/",$B$1,"/",$B$2,"/",D20,"@V_Unit=",F20))} -> #N/A | F20: mol/mol | G20: =100*(E20-B20)/B20 -> #N/A | H20: CO2 Loading Lean input
A21: PI_100 | B21: =IFERROR(_xlfn.XLOOKUP(A21,'Appendix A'!A:A,'Appendix A'!C:C),"") -> 1014.07 | C21: 00PIC002 | D21: 00PIC002:InternalSetpoint | E21: {=_xll.ReadKSpice(_xlfn.CONCAT("/",$B$1,"/",$B$2,"/",D21,"@V_Unit=",F21))} -> #N/A | F21: mbara | G21: =100*(E21-B21)/B21 -> #N/A | H21: Pressure in absorber
A22: PT_02 | B22: =IFERROR(_xlfn.XLOOKUP(A22,'Appendix A'!A:A,'Appendix A'!C:C),"") -> 0.9 | C22: 04PIC001 | D22: 04PIC001:InternalSetpoint | E22: {=_xll.ReadKSpice(_xlfn.CONCAT("/",$B$1,"/",$B$2,"/",D22,"@V_Unit=",F22))} -> #N/A | F22: barg | G22: =100*(E22-B22)/B22 -> #N/A | H22: Pressure in reboiler
A23: TT_01 | B23: =IFERROR(_xlfn.XLOOKUP(A23,'Appendix A'!A:A,'Appendix A'!C:C),"") -> 30.65 | C23: 03TIC001 | D23: 03TIC001:InternalSetpoint | E23: {=_xll.ReadKSpice(_xlfn.CONCAT("/",$B$1,"/",$B$2,"/",D23,"@V_Unit=",F23))} -> #N/A | F23: degC | G23: =100*(E23-B23)/B23 -> #N/A | H23: EX03 cooling loop
A24: TT_02 | B24: =IFERROR(_xlfn.XLOOKUP(A24,'Appendix A'!A:A,'Appendix A'!C:C),"") -> 18.08 | C24: 04TIC001 | D24: 04TIC001:InternalSetpoint | E24: {=_xll.ReadKSpice(_xlfn.CONCAT("/",$B$1,"/",$B$2,"/",D24,"@V_Unit=",F24))} -> #N/A | F24: degC | G24: =100*(E24-B24)/B24 -> #N/A | H24: EX04 cooling loop
A26: FLOW INTO ABSORBER
A27: FT06 | B27: =IFERROR(_xlfn.XLOOKUP(A27,'Appendix A'!A:A,'Appendix A'!C:C),"") -> 89.77 | C27: 00FT001 | D27: 00FT001:MeasuredValue | E27: {=_xll.ReadKSpice(_xlfn.CONCAT("/",$B$1,"/",$B$2,"/",D27,"@V_Unit=",F27))} -> #N/A | F27: m3/h | G27: =100*(E27-B27)/B27 -> #N/A
A28: PI_103 | B28: =IFERROR(_xlfn.XLOOKUP(A28,'Appendix A'!A:A,'Appendix A'!C:C),"") -> 1016.6 | C28: 00PT001 | D28: 00PT001:MeasuredValue | E28: {=_xll.ReadKSpice(_xlfn.CONCAT("/",$B$1,"/",$B$2,"/",D28,"@V_Unit=",F28))} -> #N/A | F28: mbara | G28: =100*(E28-B28)/B28 -> #N/A
A29: TV5 | B29: =IFERROR(_xlfn.XLOOKUP(A29,'Appendix A'!A:A,'Appendix A'!C:C),"") -> 43.26 | C29: 00TAB000 | D29: 00TAB000:MeasuredValue | E29: {=_xll.ReadKSpice(_xlfn.CONCAT("/",$B$1,"/",$B$2,"/",D29,"@V_Unit=",F29))} -> #N/A | F29: degC | G29: =100*(E29-B29)/B29 -> #N/A
A30: FT_100 | B30: =IFERROR(_xlfn.XLOOKUP(A30,'Appendix A'!A:A,'Appendix A'!C:C),"") -> 166.93 | C30: 00FT003 | D30: 00FT003:MeasuredValue | E30: {=_xll.ReadKSpice(_xlfn.CONCAT("/",$B$1,"/",$B$2,"/",D30,"@V_Unit=",F30))} -> #N/A | F30: kg/h | G30: =100*(E30-B30)/B30 -> #N/A
A31: TA08 | B31: =IFERROR(_xlfn.XLOOKUP(A31,'Appendix A'!A:A,'Appendix A'!C:C),"") -> 49.1 | C31: LeanAmineInput | D31: LeanAmineInput:OutletStream.t | E31: {=_xll.ReadKSpice(_xlfn.CONCAT("/",$B$1,"/",$B$2,"/",D31,"@V_Unit=",F31))} -> #N/A | F31: degC | G31: =100*(E31-B31)/B31 -> #N/A | H31: Temperature Lean Solvent LeanMEA_inn
A32: TA08 | B32: =IFERROR(_xlfn.XLOOKUP(A32,'Appendix A'!A:A,'Appendix A'!C:C),"") -> 49.1 | C32: 02TT002 | D32: 02TT002:MeasuredValue | E32: {=_xll.ReadKSpice(_xlfn.CONCAT("/",$B$1,"/",$B$2,"/",D32,"@V_Unit=",F32))} -> #N/A | F32: degC | G32: =100*(E32-B32)/B32 -> #N/A | H32: Temperature Lean Solvent LeanMEA_ut
A34: ABSORBER
A35: CO2_IN | B35: =IFERROR(_xlfn.XLOOKUP(A35,'Appendix A'!A:A,'Appendix A'!C:C),"") -> 3.52 | C35: GasToAbsorber | D35: GasToAbsorber:OutputCompositionVector[4] | E35: {=_xll.ReadKSpice(_xlfn.CONCAT("/",$B$1,"/",$B$2,"/",D35,"@V_Unit=",F35))} -> #N/A | F35: % | G35: =100*(E35-B35)/B35 -> #N/A | H35: % CO2
A36: CO2_OUT (Gas) | B36: =IFERROR(_xlfn.XLOOKUP(A36,'Appendix A'!A:A,'Appendix A'!D:D),"") | C36: GasFromAbsorber | D36: GasFromAbsorber:OutputCompositionVector[4] | E36: {=_xll.ReadKSpice(_xlfn.CONCAT("/",$B$1,"/",$B$2,"/",D36,"@V_Unit=",F36))} -> #N/A | F36: % | H36: CO2 in gas form
A37: CO2_OUT (In MEA) | B37: =IFERROR(_xlfn.XLOOKUP(A37,'Appendix A'!A:A,'Appendix A'!D:D),"") | C37: GasFromAbsorber | D37: GasFromAbsorber:OutputCompositionVector[2] | E37: {=_xll.ReadKSpice(_xlfn.CONCAT("/",$B$1,"/",$B$2,"/",D37,"@V_Unit=",F37))} -> #N/A | F37: % | H37: CO2 in MEA
A38: CO2_OUT | B38: =IFERROR(_xlfn.XLOOKUP(A38,'Appendix A'!A:A,'Appendix A'!C:C),"") -> 0.29 | C38: GasFromAbsorber | E38: =E37+E36 -> #N/A | F38: % | G38: =100*(E38-B38)/B38 -> #N/A | H38: Combined CO2 % in treated gas
A39: PI_100 | B39: =IFERROR(_xlfn.XLOOKUP(A39,'Appendix A'!A:A,'Appendix A'!C:C),"") -> 1014.07 | C39: 00PI100 | D39: 00PI100:MeasuredValue | E39: {=_xll.ReadKSpice(_xlfn.CONCAT("/",$B$1,"/",$B$2,"/",D39,"@V_Unit=",F39))} -> #N/A | F39: mbara | G39: =100*(E39-B39)/B39 -> #N/A
A40: PI_102 | B40: =IFERROR(_xlfn.XLOOKUP(A40,'Appendix A'!A:A,'Appendix A'!C:C),"") -> 1019.19 | C40: 00PI102 | D40: 00PI102:MeasuredValue | E40: {=_xll.ReadKSpice(_xlfn.CONCAT("/",$B$1,"/",$B$2,"/",D40,"@V_Unit=",F40))} -> #N/A | F40: mbara | G40: =100*(E40-B40)/B40 -> #N/A
A41: TAB | B41: =IFERROR(_xlfn.XLOOKUP(A41,'Appendix A'!A:A,'Appendix A'!C:C),"") -> 42.18 | C41: 00TAB000 | D41: 00TAB000:MeasuredValue | E41: {=_xll.ReadKSpice(_xlfn.CONCAT("/",$B$1,"/",$B$2,"/",D41,"@V_Unit=",F41))} -> #N/A | F41: degC | G41: =100*(E41-B41)/B41 -> #N/A | H41: Lik TV5? Det er samme transpimmer i K-spice
A42: TA00 | B42: =IFERROR(_xlfn.XLOOKUP(A42,'Appendix A'!A:A,'Appendix A'!C:C),"") -> 45.14 | C42: 00TA000 | D42: 00TA000:MeasuredValue | E42: {=_xll.ReadKSpice(_xlfn.CONCAT("/",$B$1,"/",$B$2,"/",D42,"@V_Unit=",F42))} -> #N/A | F42: degC | G42: =100*(E42-B42)/B42 -> #N/A
A43: TA01 | B43: =IFERROR(_xlfn.XLOOKUP(A43,'Appendix A'!A:A,'Appendix A'!C:C),"") -> 46.62 | C43: 00TA001 | D43: 00TA001:MeasuredValue | E43: {=_xll.ReadKSpice(_xlfn.CONCAT("/",$B$1,"/",$B$2,"/",D43,"@V_Unit=",F43))} -> #N/A | F43: degC | G43: =100*(E43-B43)/B43 -> #N/A
A44: TA02 | B44: =IFERROR(_xlfn.XLOOKUP(A44,'Appendix A'!A:A,'Appendix A'!C:C),"") -> 49.38 | C44: 00TA002 | D44: 00TA002:MeasuredValue | E44: {=_xll.ReadKSpice(_xlfn.CONCAT("/",$B$1,"/",$B$2,"/",D44,"@V_Unit=",F44))} -> #N/A | F44: degC | G44: =100*(E44-B44)/B44 -> #N/A
A45: TA03 | B45: =IFERROR(_xlfn.XLOOKUP(A45,'Appendix A'!A:A,'Appendix A'!C:C),"") -> 50.97 | C45: 00TA003 | D45: 00TA003:MeasuredValue | E45: {=_xll.ReadKSpice(_xlfn.CONCAT("/",$B$1,"/",$B$2,"/",D45,"@V_Unit=",F45))} -> #N/A | F45: degC | G45: =100*(E45-B45)/B45 -> #N/A
A46: TA04 | B46: =IFERROR(_xlfn.XLOOKUP(A46,'Appendix A'!A:A,'Appendix A'!C:C),"") -> 52.49 | C46: 00TA004 | D46: 00TA004:MeasuredValue | E46: {=_xll.ReadKSpice(_xlfn.CONCAT("/",$B$1,"/",$B$2,"/",D46,"@V_Unit=",F46))} -> #N/A | F46: degC | G46: =100*(E46-B46)/B46 -> #N/A
A47: TA05 | B47: =IFERROR(_xlfn.XLOOKUP(A47,'Appendix A'!A:A,'Appendix A'!C:C),"") -> 56.29 | C47: 00TA005 | D47: 00TA005:MeasuredValue | E47: {=_xll.ReadKSpice(_xlfn.CONCAT("/",$B$1,"/",$B$2,"/",D47,"@V_Unit=",F47))} -> #N/A | F47: degC | G47: =100*(E47-B47)/B47 -> #N/A
A48: TA06 | B48: =IFERROR(_xlfn.XLOOKUP(A48,'Appendix A'!A:A,'Appendix A'!C:C),"") -> 57.47 | C48: 00TA006 | D48: 00TA006:MeasuredValue | E48: {=_xll.ReadKSpice(_xlfn.CONCAT("/",$B$1,"/",$B$2,"/",D48,"@V_Unit=",F48))} -> #N/A | F48: degC | G48: =100*(E48-B48)/B48 -> #N/A
A49: TA07 | B49: =IFERROR(_xlfn.XLOOKUP(A49,'Appendix A'!A:A,'Appendix A'!C:C),"") -> 56.03 | C49: 00TA007 | D49: 00TA007:MeasuredValue | E49: {=_xll.ReadKSpice(_xlfn.CONCAT("/",$B$1,"/",$B$2,"/",D49,"@V_Unit=",F49))} -> #N/A | F49: degC | G49: =100*(E49-B49)/B49 -> #N/A
A50: TI_15 | B50: =IFERROR(_xlfn.XLOOKUP(A50,'Appendix A'!A:A,'Appendix A'!C:C),"") -> 48.35 | C50: 00TI015 | D50: 00TI015:MeasuredValue | E50: {=_xll.ReadKSpice(_xlfn.CONCAT("/",$B$1,"/",$B$2,"/",D50,"@V_Unit=",F50))} -> #N/A | F50: degC | G50: =100*(E50-B50)/B50 -> #N/A
A51: PT11 | B51: =IFERROR(_xlfn.XLOOKUP(A51,'Appendix A'!A:A,'Appendix A'!C:C),"") -> 6.48 | F51: l
A52: LT_01 | B52: =IFERROR(_xlfn.XLOOKUP(A52,'Appendix A'!A:A,'Appendix A'!C:C),"") -> 11.32 | F52: l | H52: Antar dette er extra column (dp)
A53: PT11 + LT_01 | B53: =B51+B52 -> 17.8 | C53: 00QIT001 | D53: 00QIT001:MeasuredValue | E53: {=_xll.ReadKSpice(_xlfn.CONCAT("/",$B$1,"/",$B$2,"/",D53,"@V_Unit=",F53))} -> #N/A | F53: l | G53: =100*(E53-B53)/B53 -> #N/A | H53: Absorber drum i K-spice = PT11 + LT_01
A55: FLOW OUT OF ABSORBER
A56: FT_101 | B56: =IFERROR(_xlfn.XLOOKUP(A56,'Appendix A'!A:A,'Appendix A'!C:C),"") -> 171.04 | C56: 00FT101 | D56: 00FT101:MeasuredValue | E56: {=_xll.ReadKSpice(_xlfn.CONCAT("/",$B$1,"/",$B$2,"/",D56,"@V_Unit=",F56))} -> #N/A | F56: kg/h | G56: =100*(E56-B56)/B56 -> #N/A
A57: TI_01 | B57: =IFERROR(_xlfn.XLOOKUP(A57,'Appendix A'!A:A,'Appendix A'!C:C),"") -> 44.96 | F57: degC | H57: Denne eksisterer ikke i K-Spice
A58: TI_03 | B58: =IFERROR(_xlfn.XLOOKUP(A58,'Appendix A'!A:A,'Appendix A'!C:C),"") -> 43.37 | C58: 00TI003 | D58: 00TI003:MeasuredValue | E58: {=_xll.ReadKSpice(_xlfn.CONCAT("/",$B$1,"/",$B$2,"/",D58,"@V_Unit=",F58))} -> #N/A | F58: degC | G58: =100*(E58-B58)/B58 -> #N/A
A59: TI_04 | B59: =IFERROR(_xlfn.XLOOKUP(A59,'Appendix A'!A:A,'Appendix A'!C:C),"") -> 44.15 | C59: 00TI004 | D59: 00TI004:MeasuredValue | E59: {=_xll.ReadKSpice(_xlfn.CONCAT("/",$B$1,"/",$B$2,"/",D59,"@V_Unit=",F59))} -> #N/A | F59: degC | G59: =100*(E59-B59)/B59 -> #N/A
A61: DESORBER
A62: TS01 | B62: =IFERROR(_xlfn.XLOOKUP(A62,'Appendix A'!A:A,'Appendix A'!C:C),"") -> 116.73 | C62: 01TS001 | D62: 01TS001:MeasuredValue | E62: {=_xll.ReadKSpice(_xlfn.CONCAT("/",$B$1,"/",$B$2,"/",D62,"@V_Unit=",F62))} -> #N/A | F62: degC | G62: =100*(E62-B62)/B62 -> #N/A
A63: TS02 | B63: =IFERROR(_xlfn.XLOOKUP(A63,'Appendix A'!A:A,'Appendix A'!C:C),"") -> 109.2 | C63: 01TS002 | D63: 01TS002:MeasuredValue | E63: {=_xll.ReadKSpice(_xlfn.CONCAT("/",$B$1,"/",$B$2,"/",D63,"@V_Unit=",F63))} -> #N/A | F63: degC | G63: =100*(E63-B63)/B63 -> #N/A
A64: TS03 | B64: =IFERROR(_xlfn.XLOOKUP(A64,'Appendix A'!A:A,'Appendix A'!C:C),"") -> 106.76 | C64: 01TS003 | D64: 01TS003:MeasuredValue | E64: {=_xll.ReadKSpice(_xlfn.CONCAT("/",$B$1,"/",$B$2,"/",D64,"@V_Unit=",F64))} -> #N/A | F64: degC | G64: =100*(E64-B64)/B64 -> #N/A
A65: TS04 | B65: =IFERROR(_xlfn.XLOOKUP(A65,'Appendix A'!A:A,'Appendix A'!C:C),"") -> 106.59 | C65: 01TS004 | D65: 01TS004:MeasuredValue | E65: {=_xll.ReadKSpice(_xlfn.CONCAT("/",$B$1,"/",$B$2,"/",D65,"@V_Unit=",F65))} -> #N/A | F65: degC | G65: =100*(E65-B65)/B65 -> #N/A
A66: TS05 | B66: =IFERROR(_xlfn.XLOOKUP(A66,'Appendix A'!A:A,'Appendix A'!C:C),"") -> 107.02 | C66: 01TS005 | D66: 01TS005:MeasuredValue | E66: {=_xll.ReadKSpice(_xlfn.CONCAT("/",$B$1,"/",$B$2,"/",D66,"@V_Unit=",F66))} -> #N/A | F66: degC | G66: =100*(E66-B66)/B66 -> #N/A
A67: TI_07 | B67: =IFERROR(_xlfn.XLOOKUP(A67,'Appendix A'!A:A,'Appendix A'!C:C),"") -> 107.81 | C67: 01TI007 | D67: 01TI007:MeasuredValue | E67: {=_xll.ReadKSpice(_xlfn.CONCAT("/",$B$1,"/",$B$2,"/",D67,"@V_Unit=",F67))} -> #N/A | F67: degC | G67: =100*(E67-B67)/B67 -> #N/A
A68: TI_09 | B68: =IFERROR(_xlfn.XLOOKUP(A68,'Appendix A'!A:A,'Appendix A'!C:C),"") -> 112.66 | C68: 01TI009 | D68: 01TI009:MeasuredValue | E68: {=_xll.ReadKSpice(_xlfn.CONCAT("/",$B$1,"/",$B$2,"/",D68,"@V_Unit=",F68))} -> #N/A | F68: degC | G68: =100*(E68-B68)/B68 -> #N/A
A69: TI_11 | B69: =IFERROR(_xlfn.XLOOKUP(A69,'Appendix A'!A:A,'Appendix A'!C:C),"") -> 105.46 | C69: 01TI011 | D69: 01TI011:MeasuredValue | E69: {=_xll.ReadKSpice(_xlfn.CONCAT("/",$B$1,"/",$B$2,"/",D69,"@V_Unit=",F69))} -> #N/A | F69: degC | G69: =100*(E69-B69)/B69 -> #N/A
A71: REBOILER
A72: FT_EH | B72: =IFERROR(_xlfn.XLOOKUP(A72,'Appendix A'!A:A,'Appendix A'!C:C),"") -> 2.91 | C72: 04FT001 | D72: 04FT001:MeasuredValue | E72: {=_xll.ReadKSpice(_xlfn.CONCAT("/",$B$1,"/",$B$2,"/",D72,"@V_Unit=",F72))} -> #N/A | F72: kg/h | G72: =100*(E72-B72)/B72 -> #N/A
A73: HE_04/05/06 | B73: =IFERROR(_xlfn.XLOOKUP(A73,'Appendix A'!A:A,'Appendix A'!C:C),"") -> 6.82 | C73: 02QI001 | D73: 02QI001:MeasuredValue | E73: {=_xll.ReadKSpice(_xlfn.CONCAT("/",$B$1,"/",$B$2,"/",D73,"@V_Unit=",F73))} -> #N/A | F73: kW | G73: =100*(E73-B73)/B73 -> #N/A
A74: LT_02 | B74: =IFERROR(_xlfn.XLOOKUP(A74,'Appendix A'!A:A,'Appendix A'!C:C),"") -> 54.03 | C74: 02QIT001 | D74: 02QIT001:MeasuredValue | E74: {=_xll.ReadKSpice(_xlfn.CONCAT("/",$B$1,"/",$B$2,"/",D74,"@V_Unit=",F74))} -> #N/A | F74: l | G74: =100*(E74-B74)/B74 -> #N/A
A75: PT_02 | B75: =IFERROR(_xlfn.XLOOKUP(A75,'Appendix A'!A:A,'Appendix A'!C:C),"") -> 0.9 | C75: 02PI002 | D75: 02PI002:MeasuredValue | E75: {=_xll.ReadKSpice(_xlfn.CONCAT("/",$B$1,"/",$B$2,"/",D75,"@V_Unit=",F75))} -> #N/A | F75: barg | G75: =100*(E75-B75)/B75 -> #N/A
A76: TI_08 | B76: =IFERROR(_xlfn.XLOOKUP(A76,'Appendix A'!A:A,'Appendix A'!C:C),"") -> 15.7 | C76: 04TI008 | D76: 04TI008:MeasuredValue | E76: {=_xll.ReadKSpice(_xlfn.CONCAT("/",$B$1,"/",$B$2,"/",D76,"@V_Unit=",F76))} -> #N/A | F76: degC | G76: =100*(E76-B76)/B76 -> #N/A
A77: TI10 | B77: =IFERROR(_xlfn.XLOOKUP(A77,'Appendix A'!A:A,'Appendix A'!C:C),"") -> 117.57 | C77: 02TI010 | D77: 02TI010:MeasuredValue | E77: {=_xll.ReadKSpice(_xlfn.CONCAT("/",$B$1,"/",$B$2,"/",D77,"@V_Unit=",F77))} -> #N/A | F77: degC | G77: =100*(E77-B77)/B77 -> #N/A
A79: CONDENSER
A80: FT_EM | B80: =IFERROR(_xlfn.XLOOKUP(A80,'Appendix A'!A:A,'Appendix A'!C:C),"") -> 4.41 | C80: 04FT004 | D80: 04FT004:MeasuredValue | E80: {=_xll.ReadKSpice(_xlfn.CONCAT("/",$B$1,"/",$B$2,"/",D80,"@V_Unit=",F80))} -> #N/A | F80: kg/h | G80: =100*(E80-B80)/B80 -> #N/A
A81: PT_04 | B81: =IFERROR(_xlfn.XLOOKUP(A81,'Appendix A'!A:A,'Appendix A'!C:C),"") -> 0.89 | C81: 04PT004 | D81: 04PT004:MeasuredValue | E81: {=_xll.ReadKSpice(_xlfn.CONCAT("/",$B$1,"/",$B$2,"/",D81,"@V_Unit=",F81))} -> #N/A | F81: barg | G81: =100*(E81-B81)/B81 -> #N/A
A83: EX01 | B83: =IFERROR(_xlfn.XLOOKUP(A83,'Appendix A'!A:A,'Appendix A'!D:D),"")
A84: TT103 | B84: =IFERROR(_xlfn.XLOOKUP(A84,'Appendix A'!A:A,'Appendix A'!C:C),"") -> 48.25 | C84: 01TT103 | D84: 01TT103:MeasuredValue | E84: {=_xll.ReadKSpice(_xlfn.CONCAT("/",$B$1,"/",$B$2,"/",D84,"@V_Unit=",F84))} -> #N/A | F84: degC | G84: =100*(E84-B84)/B84 -> #N/A
A85: TI_20 | C85: 02TI020 | D85: 02TI020:MeasuredValue | E85: {=_xll.ReadKSpice(_xlfn.CONCAT("/",$B$1,"/",$B$2,"/",D85,"@V_Unit=",F85))} -> #N/A | F85: degC | G85: =100*(E85-B85)/B85 -> #N/A | H85: Finnes ikke i Appendix A
A86: TI_06 | B86: =IFERROR(_xlfn.XLOOKUP(A86,'Appendix A'!A:A,'Appendix A'!C:C),"") -> 109.87 | C86: 01TI006 | D86: 01TI006:MeasuredValue | E86: {=_xll.ReadKSpice(_xlfn.CONCAT("/",$B$1,"/",$B$2,"/",D86,"@V_Unit=",F86))} -> #N/A | F86: degC | G86: =100*(E86-B86)/B86 -> #N/A
A88: EX03
A89: TT_01 | B89: =IFERROR(_xlfn.XLOOKUP(A89,'Appendix A'!A:A,'Appendix A'!C:C),"") -> 30.65 | C89: 03TT001 | D89: 03TT001:MeasuredValue | E89: {=_xll.ReadKSpice(_xlfn.CONCAT("/",$B$1,"/",$B$2,"/",D89,"@V_Unit=",F89))} -> #N/A | F89: degC | G89: =100*(E89-B89)/B89 -> #N/A
A91: EX04
A92: TT_02 | B92: =IFERROR(_xlfn.XLOOKUP(A92,'Appendix A'!A:A,'Appendix A'!C:C),"") -> 18.08 | C92: 04TT002 | D92: 04TT002:MeasuredValue | E92: {=_xll.ReadKSpice(_xlfn.CONCAT("/",$B$1,"/",$B$2,"/",D92,"@V_Unit=",F92))} -> #N/A | F92: degC | G92: =100*(E92-B92)/B92 -> #N/A
A94: UKJENT PLASSERING
A95: FT_VASK | B95: =IFERROR(_xlfn.XLOOKUP(A95,'Appendix A'!A:A,'Appendix A'!C:C),"") -> 23.51 | E95: {=_xll.ReadKSpice(_xlfn.CONCAT("/",$B$1,"/",$B$2,"/",D95,"@V_Unit=",F95))} -> #N/A | F95: kg/h | G95: =100*(E95-B95)/B95 -> #N/A
A96: QT_100 | B96: =IFERROR(_xlfn.XLOOKUP(A96,'Appendix A'!A:A,'Appendix A'!C:C),"") -> 1.069 | E96: {=_xll.ReadKSpice(_xlfn.CONCAT("/",$B$1,"/",$B$2,"/",D96,"@V_Unit=",F96))} -> #N/A | F96: kg/l | G96: =100*(E96-B96)/B96 -> #N/A
A97: QT_101 | B97: =IFERROR(_xlfn.XLOOKUP(A97,'Appendix A'!A:A,'Appendix A'!C:C),"") -> 1.091 | E97: {=_xll.ReadKSpice(_xlfn.CONCAT("/",$B$1,"/",$B$2,"/",D97,"@V_Unit=",F97))} -> #N/A | F97: kg/l | G97: =100*(E97-B97)/B97 -> #N/A
A98: TI_05 | B98: =IFERROR(_xlfn.XLOOKUP(A98,'Appendix A'!A:A,'Appendix A'!C:C),"") -> 36.06 | E98: {=_xll.ReadKSpice(_xlfn.CONCAT("/",$B$1,"/",$B$2,"/",D98,"@V_Unit=",F98))} -> #N/A | F98: degC | G98: =100*(E98-B98)/B98 -> #N/A
A99: TT_03 | B99: =IFERROR(_xlfn.XLOOKUP(A99,'Appendix A'!A:A,'Appendix A'!C:C),"") -> 36.8 | E99: {=_xll.ReadKSpice(_xlfn.CONCAT("/",$B$1,"/",$B$2,"/",D99,"@V_Unit=",F99))} -> #N/A | F99: degC | G99: =100*(E99-B99)/B99 -> #N/A

Sheet SS case 1 (v19.7_CL)
A1: Timeline: | B1: Engineering
A2: Model server: | B2: ProcessModel
A4: Case: | B4: 1
A6: Fargevisning:
A7: Grønn: | B7: 0 | C7: 5
A8: Gul: | B8: 5 | C8: 10
A9: Rød: | B9: 10 | C9: 100
A11: TAG in literature | B11: Value from Appendix A | C11: TAG in model | D11: Data-tag in model | E11: SimulatedValue | F11: unit | G11: % deviation | H11: Comment
A12: SETPOINTS SET IN MCL
A13: FT06 | B13: 89.77 | C13: 00FIC001 | D13: 00FIC001:InternalSetpoint | E13: 89.77 | F13: m3/h | G13: 0 | H13: Gas Flow Rate
A14: FT_100 | B14: 166.93 | C14: 00FC001 | D14: 00FC001:InternalSetpoint | E14: 166.9 | F14: kg/h | G14: -0.017971605 | H14: Solvent Flow Rate Lean input
A15: PI_103 | B15: 1016.6 | C15: 00PIC001 | D15: 00PIC001:InternalSetpoint | E15: 1016.6 | F15: mbara | G15: 0 | H15: Pressure of flue gas boundry
A16: TA08 | B16: 49.1 | C16: LeanMEA_inn | D16: LeanMEA_inn:InstructorTemperature | E16: 49.1 | F16: degC | G16: 4.3414016e-14 | H16: Temperature Lean Solvent LeanMEA_inn
A17: TA08 | B17: 49.1 | C17: 02TIC002 | D17: 02TIC002:InternalSetpoint | E17: 49.1 | F17: degC | G17: 4.3414016e-14 | H17: Temperature Lean Solvent LeanMEA_ut
A18: HE_04/05/06 | B18: 6.82 | C18: 02QIC001 | D18: 02QIC001:InternalSetpoint | E18: 6.8 | F18: kW | G18: -0.29325513 | H18: Reboiler Duty
A19: TAB | B19: 42.18 | C19: 00TIC000 | D19: 00TIC000:InternalSetpoint | E19: 42.18 | F19: degC | G19: 1.6845489e-14 | H19: Absorber Inlet CO2 Temperature
B20: 0.3 | C20: LAL_IN | D20: LAL_IN:Output | E20: 0.29999017 | F20: mol/mol | G20: -0.0032759566 | H20: CO2 Loading Lean input
A21: PI_100 | B21: 1014.07 | C21: 00PIC002 | D21: 00PIC002:InternalSetpoint | E21: 1014.07 | F21: mbara | G21: 0 | H21: Pressure in absorber
A22: PT_02 | B22: 0.9 | C22: 04PIC001 | D22: 04PIC001:InternalSetpoint | E22: 0.9 | F22: barg | G22: 1.2335811e-14 | H22: Pressure in reboiler
A23: TT_01 | B23: 30.65 | C23: 03TIC001 | D23: 03TIC001:InternalSetpoint | E23: 30.65 | F23: degC | G23: -6.9547413e-14 | H23: EX03 cooling loop
A24: TT_02 | B24: 18.08 | C24: 04TIC001 | D24: 04TIC001:InternalSetpoint | E24: 18.08 | F24: degC | G24: -7.859986e-14 | H24: EX04 cooling loop
A26: FLOW INTO ABSORBER
A27: FT06 | B27: 89.77 | C27: 00FT001 | D27: 00FT001:MeasuredValue | E27: 94.060759 | F27: m3/h | G27: 4.7797249
A28: PI_103 | B28: 1016.6 | C28: 00PT001 | D28: 00PT001:MeasuredValue | E28: 1016.7226 | F28: mbara | G28: 0.012059023
A29: TV5 | B29: 43.26 | C29: 00TAB000 | D29: 00TAB000:MeasuredValue | E29: 42.778232 | F29: degC | G29: -1.113658
A30: FT_100 | B30: 166.93 | C30: 00FT003 | D30: 00FT003:MeasuredValue | E30: 166.88021 | F30: kg/h | G30: -0.029825566
A31: TA08 | B31: 49.1 | C31: LeanAmineInput | D31: LeanAmineInput:OutletStream.t | E31: 49.105505 | F31: degC | G31: 0.011212742 | H31: Temperature Lean Solvent LeanMEA_inn
A32: TA08 | B32: 49.1 | C32: 02TT002 | D32: 02TT002:MeasuredValue | E32: 39.371812 | F32: degC | G32: -19.813011 | H32: Temperature Lean Solvent LeanMEA_ut
A34: ABSORBER
A35: CO2_IN | B35: 3.52 | C35: GasToAbsorber | D35: GasToAbsorber:OutputCompositionVector[4] | E35: 3.5 | F35: % | G35: -0.56818182 | H35: % CO2
A36: CO2_OUT (Gas) | C36: GasFromAbsorber | D36: GasFromAbsorber:OutputCompositionVector[4] | E36: 0.12271817 | F36: % | H36: CO2 in gas form
A37: CO2_OUT (In MEA) | C37: GasFromAbsorber | D37: GasFromAbsorber:OutputCompositionVector[2] | E37: 0.066474997 | F37: % | H37: CO2 in MEA
A38: CO2_OUT | B38: 0.29 | C38: GasFromAbsorber | E38: 0.18919316 | F38: % | G38: -34.760978 | H38: Combined CO2 % in treated gas
A39: PI_100 | B39: 1014.07 | C39: 00PI100 | D39: 00PI100:MeasuredValue | E39: 1013.7902 | F39: mbara | G39: -0.027591504
A40: PI_102 | B40: 1019.19 | C40: 00PI102 | D40: 00PI102:MeasuredValue | E40: 1016.5847 | F40: mbara | G40: -0.25562579
A41: TAB | B41: 42.18 | C41: 00TAB000 | D41: 00TAB000:MeasuredValue | E41: 42.778232 | F41: degC | G41: 1.4182825 | H41: Lik TV5? Det er samme transpimmer i K-spice
A42: TA00 | B42: 45.14 | C42: 00TA000 | D42: 00TA000:MeasuredValue | E42: 41.340293 | F42: degC | G42: -8.4176058
A43: TA01 | B43: 46.62 | C43: 00TA001 | D43: 00TA001:MeasuredValue | E43: 44.256293 | F43: degC | G43: -5.0701561
A44: TA02 | B44: 49.38 | C44: 00TA002 | D44: 00TA002:MeasuredValue | E44: 51.046223 | F44: degC | G44: 3.3742867
A45: TA03 | B45: 50.97 | C45: 00TA003 | D45: 00TA003:MeasuredValue | E45: 51.32473 | F45: degC | G45: 0.69595826
A46: TA04 | B46: 52.49 | C46: 00TA004 | D46: 00TA004:MeasuredValue | E46: 51.324229 | F46: degC | G46: -2.2209388
A47: TA05 | B47: 56.29 | C47: 00TA005 | D47: 00TA005:MeasuredValue | E47: 51.308154 | F47: degC | G47: -8.8503215
A48: TA06 | B48: 57.47 | C48: 00TA006 | D48: 00TA006:MeasuredValue | E48: 51.270383 | F48: degC | G48: -10.78757
A49: TA07 | B49: 56.03 | C49: 00TA007 | D49: 00TA007:MeasuredValue | E49: 51.149207 | F49: degC | G49: -8.711035
A50: TI_15 | B50: 48.35 | C50: 00TI015 | D50: 00TI015:MeasuredValue | E50: 49.183806 | F50: degC | G50: 1.7245212
A51: PT11 | B51: 6.48 | F51: l
A52: LT_01 | B52: 11.32 | F52: l | H52: Antar dette er extra column (dp)
A53: PT11 + LT_01 | B53: 17.8 | C53: 00QIT001 | D53: 00QIT001:MeasuredValue | E53: 17.448046 | F53: l | G53: -1.9772687 | H53: Absorber drum i K-spice = PT11 + LT_01
A55: FLOW OUT OF ABSORBER
A56: FT_101 | B56: 171.04 | C56: 00FT101 | D56: 00FT101:MeasuredValue | E56: 171.7856 | F56: kg/h | G56: 0.43592373
A57: TI_01 | B57: 44.96 | F57: degC | H57: Denne eksisterer ikke i K-Spice
A58: TI_03 | B58: 43.37 | C58: 00TI003 | D58: 00TI003:MeasuredValue | E58: 50.277082 | F58: degC | G58: 15.925944
A59: TI_04 | B59: 44.15 | C59: 00TI004 | D59: 00TI004:MeasuredValue | E59: 41.287464 | F59: degC | G59: -6.4836614
A61: DESORBER
A62: TS01 | B62: 116.73 | C62: 01TS001 | D62: 01TS001:MeasuredValue | E62: 109.21683 | F62: degC | G62: -6.4363661
A63: TS02 | B63: 109.2 | C63: 01TS002 | D63: 01TS002:MeasuredValue | E63: 104.69954 | F63: degC | G63: -4.1213012
A64: TS03 | B64: 106.76 | C64: 01TS003 | D64: 01TS003:MeasuredValue | E64: 102.57029 | F64: degC | G64: -3.9244195
A65: TS04 | B65: 106.59 | C65: 01TS004 | D65: 01TS004:MeasuredValue | E65: 101.96608 | F65: degC | G65: -4.338047
A66: TS05 | B66: 107.02 | C66: 01TS005 | D66: 01TS005:MeasuredValue | E66: 101.92808 | F66: degC | G66: -4.7579112
A67: TI_07 | B67: 107.81 | C67: 01TI007 | D67: 01TI007:MeasuredValue | E67: 102.12811 | F67: degC | G67: -5.270283
A68: TI_09 | B68: 112.66 | C68: 01TI009 | D68: 01TI009:MeasuredValue | E68: 111.52014 | F68: degC | G68: -1.0117724
A69: TI_11 | B69: 105.46 | C69: 01TI011 | D69: 01TI011:MeasuredValue | E69: 102.04635 | F69: degC | G69: -3.2369129
A71: REBOILER
A72: FT_EH | B72: 2.91 | C72: 04FT001 | D72: 04FT001:MeasuredValue | E72: 5.1627431 | F72: kg/h | G72: 77.413851
A73: HE_04/05/06 | B73: 6.82 | C73: 02QI001 | D73: 02QI001:MeasuredValue | E73: 6.8282894 | F73: kW | G73: 0.12154524
A74: LT_02 | B74: 54.03 | C74: 02QIT001 | D74: 02QIT001:MeasuredValue | E74: 53.673112 | F74: l | G74: -0.66053754
A75: PT_02 | B75: 0.9 | C75: 02PI002 | D75: 02PI002:MeasuredValue | E75: 0.89489653 | F75: barg | G75: -0.56705239
A76: TI_08 | B76: 15.7 | C76: 04TI008 | D76: 04TI008:MeasuredValue | E76: 28.020049 | F76: degC | G76: 78.471649
A77: TI10 | B77: 117.57 | C77: 02TI010 | D77: 02TI010:MeasuredValue | E77: 116.58212 | F77: degC | G77: -0.84024897
A79: CONDENSER
A80: FT_EM | B80: 4.41 | C80: 04FT004 | D80: 04FT004:MeasuredValue | E80: 6.2468145 | F80: kg/h | G80: 41.651123
A81: PT_04 | B81: 0.89 | C81: 04PT004 | D81: 04PT004:MeasuredValue | E81: 0.89155078 | F81: barg | G81: 0.17424457
A83: EX01
A84: TT103 | B84: 48.25 | C84: 01TT103 | D84: 01TT103:MeasuredValue | E84: 41.185133 | F84: degC | G84: -14.642211
A85: TI_20 | C85: 02TI020 | D85: 02TI020:MeasuredValue | E85: 116.58212 | F85: degC | G85: #DIV/0! | H85: Finnes ikke i Appendix A
A86: TI_06 | B86: 109.87 | C86: 01TI006 | D86: 01TI006:MeasuredValue | E86: 109.31173 | F86: degC | G86: -0.50811764
A88: EX03
A89: TT_01 | B89: 30.65 | C89: 03TT001 | D89: 03TT001:MeasuredValue | E89: 30.875682 | F89: degC | G89: 0.73632085
A91: EX04
A92: TT_02 | B92: 18.08 | C92: 04TT002 | D92: 04TT002:MeasuredValue | E92: 18.121444 | F92: degC | G92: 0.22922808
A94: UKJENT PLASSERING
A95: FT_VASK | B95: 23.51 | E95: Status:ItemUnknown | F95: kg/h | G95: #VALUE!
A96: QT_100 | B96: 1.069 | E96: Status:ItemUnknown | F96: kg/l | G96: #VALUE!
A97: QT_101 | B97: 1.091 | E97: Status:ItemUnknown | F97: kg/l | G97: #VALUE!
A98: TI_05 | B98: 36.06 | E98: Status:ItemUnknown | F98: degC | G98: #VALUE!
A99: TT_03 | B99: 36.8 | E99: Status:ItemUnknown | F99: degC | G99: #VALUE!
C113: 0 | D113: 0 | E113: 98000.000000
D114: 0.050000 | E114: 97000.000000
D115: 0.100000 | E115: 96000.000000
D116: 0.250000 | E116: 94000.000000
D117: 0.500000 | E117: 93000.000000
D118: 0.620000 | E118: 92000.000000
D119: 0.750000 | E119: 91500.000000
D120: 1.000000 | E120: 90000.000000
D121: 1.350000 | E121: 88000.000000
C125: 1 | D125: 0 | E125: 99000.000000
D126: 0.050000 | E126: 98000.000000
D127: 0.100000 | E127: 97000.000000
D128: 0.250000 | E128: 95000.000000
D129: 0.500000 | E129: 94000.000000
...

Sheet SS case 2
A1: Timeline: | B1: Engineering
A2: Model server: | B2: ProcessModel
A4: Case: | B4: 2
A6: Fargevisning:
A7: Grønn: | B7: 0 | C7: 5
A8: Gul: | B8: 5 | C8: 10
A9: Rød: | B9: 10 | C9: 100
A11: TAG in literature | B11: Value from Appendix A | C11: TAG in model | D11: Data-tag in model | E11: SimulatedValue | F11: unit | G11: % deviation | H11: Comment
A12: SETPOINTS SET IN MCL
A13: FT06 | B13: =IFERROR(_xlfn.XLOOKUP(A13,'Appendix A'!A:A,'Appendix A'!D:D),"") -> 90.09 | C13: 00FIC001 | D13: 00FIC001:InternalSetpoint | E13: {=_xll.ReadKSpice(_xlfn.CONCAT("/",$B$1,"/",$B$2,"/",D13,"@V_Unit=",F13))} -> #N/A | F13: m3/h | G13: =100*(E13-B13)/B13 -> #N/A | H13: Gas Flow Rate
A14: FT_100 | B14: =IFERROR(_xlfn.XLOOKUP(A14,'Appendix A'!A:A,'Appendix A'!D:D),"") -> 172.33 | C14: 00FC001 | D14: 00FC001:InternalSetpoint | E14: {=_xll.ReadKSpice(_xlfn.CONCAT("/",$B$1,"/",$B$2,"/",D14,"@V_Unit=",F14))} -> #N/A | F14: kg/h | G14: =100*(E14-B14)/B14 -> #N/A | H14: Solvent Flow Rate Lean input
A15: PI_103 | B15: =IFERROR(_xlfn.XLOOKUP(A15,'Appendix A'!A:A,'Appendix A'!D:D),"") -> 1010.37 | C15: 00PIC001 | D15: 00PIC001:InternalSetpoint | E15: {=_xll.ReadKSpice(_xlfn.CONCAT("/",$B$1,"/",$B$2,"/",D15,"@V_Unit=",F15))} -> #N/A | F15: mbara | G15: =100*(E15-B15)/B15 -> #N/A | H15: Pressure of flue gas boundry
A16: TA08 | B16: =IFERROR(_xlfn.XLOOKUP(A16,'Appendix A'!A:A,'Appendix A'!D:D),"") -> 58.31 | C16: LeanMEA_inn | D16: LeanMEA_inn:InstructorTemperature | E16: {=_xll.ReadKSpice(_xlfn.CONCAT("/",$B$1,"/",$B$2,"/",D16,"@V_Unit=",F16))} -> #N/A | F16: degC | G16: =100*(E16-B16)/B16 -> #N/A | H16: Temperature Lean Solvent LeanMEA_inn
A17: TA08 | B17: =IFERROR(_xlfn.XLOOKUP(A17,'Appendix A'!A:A,'Appendix A'!D:D),"") -> 58.31 | C17: 02TIC002 | D17: 02TIC002:InternalSetpoint | E17: {=_xll.ReadKSpice(_xlfn.CONCAT("/",$B$1,"/",$B$2,"/",D17,"@V_Unit=",F17))} -> #N/A | F17: degC | G17: =100*(E17-B17)/B17 -> #N/A | H17: Temperature Lean Solvent LeanMEA_ut
A18: HE_04/05/06 | B18: =IFERROR(_xlfn.XLOOKUP(A18,'Appendix A'!A:A,'Appendix A'!D:D),"") -> 9.23 | C18: 02QIC001 | D18: 02QIC001:InternalSetpoint | E18: {=_xll.ReadKSpice(_xlfn.CONCAT("/",$B$1,"/",$B$2,"/",D18,"@V_Unit=",F18))} -> #N/A | F18: kW | G18: =100*(E18-B18)/B18 -> #N/A | H18: Reboiler Duty
A19: TAB | B19: =IFERROR(_xlfn.XLOOKUP(A19,'Appendix A'!A:A,'Appendix A'!D:D),"") -> 49.24 | C19: 00TIC000 | D19: 00TIC000:InternalSetpoint | E19: {=_xll.ReadKSpice(_xlfn.CONCAT("/",$B$1,"/",$B$2,"/",D19,"@V_Unit=",F19))} -> #N/A | F19: degC | G19: =100*(E19-B19)/B19 -> #N/A | H19: Absorber Inlet CO2 Temperature
B20: 0.26 | C20: LAL_IN | D20: LAL_IN:Output | E20: {=_xll.ReadKSpice(_xlfn.CONCAT("/",$B$1,"/",$B$2,"/",D20,"@V_Unit=",F20))} -> #N/A | F20: mol/mol | G20: =100*(E20-B20)/B20 -> #N/A | H20: CO2 Loading Lean input
A21: PI_100 | B21: =IFERROR(_xlfn.XLOOKUP(A21,'Appendix A'!A:A,'Appendix A'!D:D),"") -> 1002.74 | C21: 00PIC002 | D21: 00PIC002:InternalSetpoint | E21: {=_xll.ReadKSpice(_xlfn.CONCAT("/",$B$1,"/",$B$2,"/",D21,"@V_Unit=",F21))} -> #N/A | F21: mbara | G21: =100*(E21-B21)/B21 -> #N/A | H21: Pressure in absorber
A22: PT_02 | B22: =IFERROR(_xlfn.XLOOKUP(A22,'Appendix A'!A:A,'Appendix A'!D:D),"") -> 0.9 | C22: 04PIC001 | D22: 04PIC001:InternalSetpoint | E22: {=_xll.ReadKSpice(_xlfn.CONCAT("/",$B$1,"/",$B$2,"/",D22,"@V_Unit=",F22))} -> #N/A | F22: barg | G22: =100*(E22-B22)/B22 -> #N/A | H22: Pressure in reboiler
A23: TT_01 | B23: =IFERROR(_xlfn.XLOOKUP(A23,'Appendix A'!A:A,'Appendix A'!D:D),"") -> 30.64 | C23: 03TIC001 | D23: 03TIC001:InternalSetpoint | E23: {=_xll.ReadKSpice(_xlfn.CONCAT("/",$B$1,"/",$B$2,"/",D23,"@V_Unit=",F23))} -> #N/A | F23: degC | G23: =100*(E23-B23)/B23 -> #N/A | H23: EX03 cooling loop
A24: TT_02 | B24: =IFERROR(_xlfn.XLOOKUP(A24,'Appendix A'!A:A,'Appendix A'!D:D),"") -> 25.01 | C24: 04TIC001 | D24: 04TIC001:InternalSetpoint | E24: {=_xll.ReadKSpice(_xlfn.CONCAT("/",$B$1,"/",$B$2,"/",D24,"@V_Unit=",F24))} -> #N/A | F24: degC | G24: =100*(E24-B24)/B24 -> #N/A | H24: EX04 cooling loop
A26: FLOW INTO ABSORBER
A27: FT06 | B27: =IFERROR(_xlfn.XLOOKUP(A27,'Appendix A'!A:A,'Appendix A'!D:D),"") -> 90.09 | C27: 00FT001 | D27: 00FT001:MeasuredValue | E27: {=_xll.ReadKSpice(_xlfn.CONCAT("/",$B$1,"/",$B$2,"/",D27,"@V_Unit=",F27))} -> #N/A | F27: m3/h | G27: =100*(E27-B27)/B27 -> #N/A
A28: PI_103 | B28: =IFERROR(_xlfn.XLOOKUP(A28,'Appendix A'!A:A,'Appendix A'!D:D),"") -> 1010.37 | C28: 00PT001 | D28: 00PT001:MeasuredValue | E28: {=_xll.ReadKSpice(_xlfn.CONCAT("/",$B$1,"/",$B$2,"/",D28,"@V_Unit=",F28))} -> #N/A | F28: mbara | G28: =100*(E28-B28)/B28 -> #N/A
A29: TV5 | B29: =IFERROR(_xlfn.XLOOKUP(A29,'Appendix A'!A:A,'Appendix A'!D:D),"") -> 50.54 | C29: 00TAB000 | D29: 00TAB000:MeasuredValue | E29: {=_xll.ReadKSpice(_xlfn.CONCAT("/",$B$1,"/",$B$2,"/",D29,"@V_Unit=",F29))} -> #N/A | F29: degC | G29: =100*(E29-B29)/B29 -> #N/A
A30: FT_100 | B30: =IFERROR(_xlfn.XLOOKUP(A30,'Appendix A'!A:A,'Appendix A'!D:D),"") -> 172.33 | C30: 00FT003 | D30: 00FT003:MeasuredValue | E30: {=_xll.ReadKSpice(_xlfn.CONCAT("/",$B$1,"/",$B$2,"/",D30,"@V_Unit=",F30))} -> #N/A | F30: kg/h | G30: =100*(E30-B30)/B30 -> #N/A
A31: TA08 | B31: =IFERROR(_xlfn.XLOOKUP(A31,'Appendix A'!A:A,'Appendix A'!D:D),"") -> 58.31 | C31: LeanAmineInput | D31: LeanAmineInput:OutletStream.t | E31: {=_xll.ReadKSpice(_xlfn.CONCAT("/",$B$1,"/",$B$2,"/",D31,"@V_Unit=",F31))} -> #N/A | F31: degC | G31: =100*(E31-B31)/B31 -> #N/A | H31: Temperature Lean Solvent LeanMEA_inn
A32: TA08 | B32: =IFERROR(_xlfn.XLOOKUP(A32,'Appendix A'!A:A,'Appendix A'!D:D),"") -> 58.31 | C32: 02TT002 | D32: 02TT002:MeasuredValue | E32: {=_xll.ReadKSpice(_xlfn.CONCAT("/",$B$1,"/",$B$2,"/",D32,"@V_Unit=",F32))} -> #N/A | F32: degC | G32: =100*(E32-B32)/B32 -> #N/A | H32: Temperature Lean Solvent LeanMEA_ut
A34: ABSORBER
A35: CO2_IN | B35: =IFERROR(_xlfn.XLOOKUP(A35,'Appendix A'!A:A,'Appendix A'!D:D),"") -> 6.77 | C35: GasToAbsorber | D35: GasToAbsorber:OutputCompositionVector[4] | E35: {=_xll.ReadKSpice(_xlfn.CONCAT("/",$B$1,"/",$B$2,"/",D35,"@V_Unit=",F35))} -> #N/A | F35: % | G35: =100*(E35-B35)/B35 -> #N/A | H35: % CO2
A36: CO2_OUT (Gas) | B36: =IFERROR(_xlfn.XLOOKUP(A36,'Appendix A'!A:A,'Appendix A'!D:D),"") | C36: GasFromAbsorber | D36: GasFromAbsorber:OutputCompositionVector[4] | E36: {=_xll.ReadKSpice(_xlfn.CONCAT("/",$B$1,"/",$B$2,"/",D36,"@V_Unit=",F36))} -> #N/A | F36: % | H36: CO2 in gas form
A37: CO2_OUT (In MEA) | B37: =IFERROR(_xlfn.XLOOKUP(A37,'Appendix A'!A:A,'Appendix A'!D:D),"") | C37: GasFromAbsorber | D37: GasFromAbsorber:OutputCompositionVector[2] | E37: {=_xll.ReadKSpice(_xlfn.CONCAT("/",$B$1,"/",$B$2,"/",D37,"@V_Unit=",F37))} -> #N/A | F37: % | H37: CO2 in MEA
A38: CO2_OUT | B38: =IFERROR(_xlfn.XLOOKUP(A38,'Appendix A'!A:A,'Appendix A'!D:D),"") -> 1.19 | C38: GasFromAbsorber | E38: =E37+E36 -> #N/A | F38: % | G38: =100*(E38-B38)/B38 -> #N/A | H38: Combined CO2 % in treated gas
A39: PI_100 | B39: =IFERROR(_xlfn.XLOOKUP(A39,'Appendix A'!A:A,'Appendix A'!D:D),"") -> 1002.74 | C39: 00PI100 | D39: 00PI100:MeasuredValue | E39: {=_xll.ReadKSpice(_xlfn.CONCAT("/",$B$1,"/",$B$2,"/",D39,"@V_Unit=",F39))} -> #N/A | F39: mbara | G39: =100*(E39-B39)/B39 -> #N/A
A40: PI_102 | B40: =IFERROR(_xlfn.XLOOKUP(A40,'Appendix A'!A:A,'Appendix A'!D:D),"") -> 1005.78 | C40: 00PI102 | D40: 00PI102:MeasuredValue | E40: {=_xll.ReadKSpice(_xlfn.CONCAT("/",$B$1,"/",$B$2,"/",D40,"@V_Unit=",F40))} -> #N/A | F40: mbara | G40: =100*(E40-B40)/B40 -> #N/A
A41: TAB | B41: =IFERROR(_xlfn.XLOOKUP(A41,'Appendix A'!A:A,'Appendix A'!D:D),"") -> 49.24 | C41: 00TAB000 | D41: 00TAB000:MeasuredValue | E41: {=_xll.ReadKSpice(_xlfn.CONCAT("/",$B$1,"/",$B$2,"/",D41,"@V_Unit=",F41))} -> #N/A | F41: degC | G41: =100*(E41-B41)/B41 -> #N/A | H41: Lik TV5? Det er samme transpimmer i K-spice
A42: TA00 | B42: =IFERROR(_xlfn.XLOOKUP(A42,'Appendix A'!A:A,'Appendix A'!D:D),"") -> 51.61 | C42: 00TA000 | D42: 00TA000:MeasuredValue | E42: {=_xll.ReadKSpice(_xlfn.CONCAT("/",$B$1,"/",$B$2,"/",D42,"@V_Unit=",F42))} -> #N/A | F42: degC | G42: =100*(E42-B42)/B42 -> #N/A
A43: TA01 | B43: =IFERROR(_xlfn.XLOOKUP(A43,'Appendix A'!A:A,'Appendix A'!D:D),"") -> 52.68 | C43: 00TA001 | D43: 00TA001:MeasuredValue | E43: {=_xll.ReadKSpice(_xlfn.CONCAT("/",$B$1,"/",$B$2,"/",D43,"@V_Unit=",F43))} -> #N/A | F43: degC | G43: =100*(E43-B43)/B43 -> #N/A
A44: TA02 | B44: =IFERROR(_xlfn.XLOOKUP(A44,'Appendix A'!A:A,'Appendix A'!D:D),"") -> 53.57 | C44: 00TA002 | D44: 00TA002:MeasuredValue | E44: {=_xll.ReadKSpice(_xlfn.CONCAT("/",$B$1,"/",$B$2,"/",D44,"@V_Unit=",F44))} -> #N/A | F44: degC | G44: =100*(E44-B44)/B44 -> #N/A
A45: TA03 | B45: =IFERROR(_xlfn.XLOOKUP(A45,'Appendix A'!A:A,'Appendix A'!D:D),"") -> 54.13 | C45: 00TA003 | D45: 00TA003:MeasuredValue | E45: {=_xll.ReadKSpice(_xlfn.CONCAT("/",$B$1,"/",$B$2,"/",D45,"@V_Unit=",F45))} -> #N/A | F45: degC | G45: =100*(E45-B45)/B45 -> #N/A
A46: TA04 | B46: =IFERROR(_xlfn.XLOOKUP(A46,'Appendix A'!A:A,'Appendix A'!D:D),"") -> 55.1 | C46: 00TA004 | D46: 00TA004:MeasuredValue | E46: {=_xll.ReadKSpice(_xlfn.CONCAT("/",$B$1,"/",$B$2,"/",D46,"@V_Unit=",F46))} -> #N/A | F46: degC | G46: =100*(E46-B46)/B46 -> #N/A
A47: TA05 | B47: =IFERROR(_xlfn.XLOOKUP(A47,'Appendix A'!A:A,'Appendix A'!D:D),"") -> 60.1 | C47: 00TA005 | D47: 00TA005:MeasuredValue | E47: {=_xll.ReadKSpice(_xlfn.CONCAT("/",$B$1,"/",$B$2,"/",D47,"@V_Unit=",F47))} -> #N/A | F47: degC | G47: =100*(E47-B47)/B47 -> #N/A
A48: TA06 | B48: =IFERROR(_xlfn.XLOOKUP(A48,'Appendix A'!A:A,'Appendix A'!D:D),"") -> 64.31 | C48: 00TA006 | D48: 00TA006:MeasuredValue | E48: {=_xll.ReadKSpice(_xlfn.CONCAT("/",$B$1,"/",$B$2,"/",D48,"@V_Unit=",F48))} -> #N/A | F48: degC | G48: =100*(E48-B48)/B48 -> #N/A
A49: TA07 | B49: =IFERROR(_xlfn.XLOOKUP(A49,'Appendix A'!A:A,'Appendix A'!D:D),"") -> 65.03 | C49: 00TA007 | D49: 00TA007:MeasuredValue | E49: {=_xll.ReadKSpice(_xlfn.CONCAT("/",$B$1,"/",$B$2,"/",D49,"@V_Unit=",F49))} -> #N/A | F49: degC | G49: =100*(E49-B49)/B49 -> #N/A
A50: TI_15 | B50: =IFERROR(_xlfn.XLOOKUP(A50,'Appendix A'!A:A,'Appendix A'!D:D),"") -> 57.02 | C50: 00TI015 | D50: 00TI015:MeasuredValue | E50: {=_xll.ReadKSpice(_xlfn.CONCAT("/",$B$1,"/",$B$2,"/",D50,"@V_Unit=",F50))} -> #N/A | F50: degC | G50: =100*(E50-B50)/B50 -> #N/A
A51: PT11 | B51: =IFERROR(_xlfn.XLOOKUP(A51,'Appendix A'!A:A,'Appendix A'!D:D),"") -> 6.89 | F51: l
A52: LT_01 | B52: =IFERROR(_xlfn.XLOOKUP(A52,'Appendix A'!A:A,'Appendix A'!D:D),"") -> 11.32 | F52: l | H52: Antar dette er extra column (dp)
A53: PT11 + LT_01 | B53: =B51+B52 -> 18.21 | C53: 00QIT001 | D53: 00QIT001:MeasuredValue | E53: {=_xll.ReadKSpice(_xlfn.CONCAT("/",$B$1,"/",$B$2,"/",D53,"@V_Unit=",F53))} -> #N/A | F53: l | G53: =100*(E53-B53)/B53 -> #N/A | H53: Absorber drum i K-spice = PT11 + LT_01
A55: FLOW OUT OF ABSORBER
A56: FT_101 | B56: =IFERROR(_xlfn.XLOOKUP(A56,'Appendix A'!A:A,'Appendix A'!D:D),"") -> 179.79 | C56: 00FT101 | D56: 00FT101:MeasuredValue | E56: {=_xll.ReadKSpice(_xlfn.CONCAT("/",$B$1,"/",$B$2,"/",D56,"@V_Unit=",F56))} -> #N/A | F56: kg/h | G56: =100*(E56-B56)/B56 -> #N/A
A57: TI_01 | B57: =IFERROR(_xlfn.XLOOKUP(A57,'Appendix A'!A:A,'Appendix A'!D:D),"") -> 51.39 | F57: degC | H57: Denne eksisterer ikke i K-Spice
A58: TI_03 | B58: =IFERROR(_xlfn.XLOOKUP(A58,'Appendix A'!A:A,'Appendix A'!D:D),"") -> 51.32 | C58: 00TI003 | D58: 00TI003:MeasuredValue | E58: {=_xll.ReadKSpice(_xlfn.CONCAT("/",$B$1,"/",$B$2,"/",D58,"@V_Unit=",F58))} -> #N/A | F58: degC | G58: =100*(E58-B58)/B58 -> #N/A
A59: TI_04 | B59: =IFERROR(_xlfn.XLOOKUP(A59,'Appendix A'!A:A,'Appendix A'!D:D),"") -> 50.31 | C59: 00TI004 | D59: 00TI004:MeasuredValue | E59: {=_xll.ReadKSpice(_xlfn.CONCAT("/",$B$1,"/",$B$2,"/",D59,"@V_Unit=",F59))} -> #N/A | F59: degC | G59: =100*(E59-B59)/B59 -> #N/A
A61: DESORBER
A62: TS01 | B62: =IFERROR(_xlfn.XLOOKUP(A62,'Appendix A'!A:A,'Appendix A'!D:D),"") -> 118.69 | C62: 01TS001 | D62: 01TS001:MeasuredValue | E62: {=_xll.ReadKSpice(_xlfn.CONCAT("/",$B$1,"/",$B$2,"/",D62,"@V_Unit=",F62))} -> #N/A | F62: degC | G62: =100*(E62-B62)/B62 -> #N/A
A63: TS02 | B63: =IFERROR(_xlfn.XLOOKUP(A63,'Appendix A'!A:A,'Appendix A'!D:D),"") -> 108.2 | C63: 01TS002 | D63: 01TS002:MeasuredValue | E63: {=_xll.ReadKSpice(_xlfn.CONCAT("/",$B$1,"/",$B$2,"/",D63,"@V_Unit=",F63))} -> #N/A | F63: degC | G63: =100*(E63-B63)/B63 -> #N/A
A64: TS03 | B64: =IFERROR(_xlfn.XLOOKUP(A64,'Appendix A'!A:A,'Appendix A'!D:D),"") -> 104.84 | C64: 01TS003 | D64: 01TS003:MeasuredValue | E64: {=_xll.ReadKSpice(_xlfn.CONCAT("/",$B$1,"/",$B$2,"/",D64,"@V_Unit=",F64))} -> #N/A | F64: degC | G64: =100*(E64-B64)/B64 -> #N/A
A65: TS04 | B65: =IFERROR(_xlfn.XLOOKUP(A65,'Appendix A'!A:A,'Appendix A'!D:D),"") -> 104.87 | C65: 01TS004 | D65: 01TS004:MeasuredValue | E65: {=_xll.ReadKSpice(_xlfn.CONCAT("/",$B$1,"/",$B$2,"/",D65,"@V_Unit=",F65))} -> #N/A | F65: degC | G65: =100*(E65-B65)/B65 -> #N/A
A66: TS05 | B66: =IFERROR(_xlfn.XLOOKUP(A66,'Appendix A'!A:A,'Appendix A'!D:D),"") -> 105.07 | C66: 01TS005 | D66: 01TS005:MeasuredValue | E66: {=_xll.ReadKSpice(_xlfn.CONCAT("/",$B$1,"/",$B$2,"/",D66,"@V_Unit=",F66))} -> #N/A | F66: degC | G66: =100*(E66-B66)/B66 -> #N/A
A67: TI_07 | B67: =IFERROR(_xlfn.XLOOKUP(A67,'Appendix A'!A:A,'Appendix A'!D:D),"") -> 105.5 | C67: 01TI007 | D67: 01TI007:MeasuredValue | E67: {=_xll.ReadKSpice(_xlfn.CONCAT("/",$B$1,"/",$B$2,"/",D67,"@V_Unit=",F67))} -> #N/A | F67: degC | G67: =100*(E67-B67)/B67 -> #N/A
A68: TI_09 | B68: =IFERROR(_xlfn.XLOOKUP(A68,'Appendix A'!A:A,'Appendix A'!D:D),"") -> 115.45 | C68: 01TI009 | D68: 01TI009:MeasuredValue | E68: {=_xll.ReadKSpice(_xlfn.CONCAT("/",$B$1,"/",$B$2,"/",D68,"@V_Unit=",F68))} -> #N/A | F68: degC | G68: =100*(E68-B68)/B68 -> #N/A
A69: TI_11 | B69: =IFERROR(_xlfn.XLOOKUP(A69,'Appendix A'!A:A,'Appendix A'!D:D),"") -> 103.77 | C69: 01TI011 | D69: 01TI011:MeasuredValue | E69: {=_xll.ReadKSpice(_xlfn.CONCAT("/",$B$1,"/",$B$2,"/",D69,"@V_Unit=",F69))} -> #N/A | F69: degC | G69: =100*(E69-B69)/B69 -> #N/A
A71: REBOILER
A72: FT_EH | B72: =IFERROR(_xlfn.XLOOKUP(A72,'Appendix A'!A:A,'Appendix A'!D:D),"") -> 4.16 | C72: 04FT001 | D72: 04FT001:MeasuredValue | E72: {=_xll.ReadKSpice(_xlfn.CONCAT("/",$B$1,"/",$B$2,"/",D72,"@V_Unit=",F72))} -> #N/A | F72: kg/h | G72: =100*(E72-B72)/B72 -> #N/A
A73: HE_04/05/06 | B73: =IFERROR(_xlfn.XLOOKUP(A73,'Appendix A'!A:A,'Appendix A'!D:D),"") -> 9.23 | C73: 02QI001 | D73: 02QI001:MeasuredValue | E73: {=_xll.ReadKSpice(_xlfn.CONCAT("/",$B$1,"/",$B$2,"/",D73,"@V_Unit=",F73))} -> #N/A | F73: kW | G73: =100*(E73-B73)/B73 -> #N/A
A74: LT_02 | B74: =IFERROR(_xlfn.XLOOKUP(A74,'Appendix A'!A:A,'Appendix A'!D:D),"") -> 53.31 | C74: 02QIT001 | D74: 02QIT001:MeasuredValue | E74: {=_xll.ReadKSpice(_xlfn.CONCAT("/",$B$1,"/",$B$2,"/",D74,"@V_Unit=",F74))} -> #N/A | F74: l | G74: =100*(E74-B74)/B74 -> #N/A
A75: PT_02 | B75: =IFERROR(_xlfn.XLOOKUP(A75,'Appendix A'!A:A,'Appendix A'!D:D),"") -> 0.9 | C75: 02PI002 | D75: 02PI002:MeasuredValue | E75: {=_xll.ReadKSpice(_xlfn.CONCAT("/",$B$1,"/",$B$2,"/",D75,"@V_Unit=",F75))} -> #N/A | F75: barg | G75: =100*(E75-B75)/B75 -> #N/A
A76: TI_08 | B76: =IFERROR(_xlfn.XLOOKUP(A76,'Appendix A'!A:A,'Appendix A'!D:D),"") -> 20.81 | C76: 04TI008 | D76: 04TI008:MeasuredValue | E76: {=_xll.ReadKSpice(_xlfn.CONCAT("/",$B$1,"/",$B$2,"/",D76,"@V_Unit=",F76))} -> #N/A | F76: degC | G76: =100*(E76-B76)/B76 -> #N/A
A77: TI10 | B77: =IFERROR(_xlfn.XLOOKUP(A77,'Appendix A'!A:A,'Appendix A'!D:D),"") -> 118.79 | C77: 02TI010 | D77: 02TI010:MeasuredValue | E77: {=_xll.ReadKSpice(_xlfn.CONCAT("/",$B$1,"/",$B$2,"/",D77,"@V_Unit=",F77))} -> #N/A | F77: degC | G77: =100*(E77-B77)/B77 -> #N/A
A79: CONDENSER
A80: FT_EM | B80: =IFERROR(_xlfn.XLOOKUP(A80,'Appendix A'!A:A,'Appendix A'!D:D),"") -> 7.71 | C80: 04FT004 | D80: 04FT004:MeasuredValue | E80: {=_xll.ReadKSpice(_xlfn.CONCAT("/",$B$1,"/",$B$2,"/",D80,"@V_Unit=",F80))} -> #N/A | F80: kg/h | G80: =100*(E80-B80)/B80 -> #N/A
A81: PT_04 | B81: =IFERROR(_xlfn.XLOOKUP(A81,'Appendix A'!A:A,'Appendix A'!D:D),"") -> 0.88 | C81: 04PT004 | D81: 04PT004:MeasuredValue | E81: {=_xll.ReadKSpice(_xlfn.CONCAT("/",$B$1,"/",$B$2,"/",D81,"@V_Unit=",F81))} -> #N/A | F81: barg | G81: =100*(E81-B81)/B81 -> #N/A
A83: EX01 | B83: =IFERROR(_xlfn.XLOOKUP(A83,'Appendix A'!A:A,'Appendix A'!D:D),"")
A84: TT103 | B84: =IFERROR(_xlfn.XLOOKUP(A84,'Appendix A'!A:A,'Appendix A'!D:D),"") -> 52.63 | C84: 01TT103 | D84: 01TT103:MeasuredValue | E84: {=_xll.ReadKSpice(_xlfn.CONCAT("/",$B$1,"/",$B$2,"/",D84,"@V_Unit=",F84))} -> #N/A | F84: degC | G84: =100*(E84-B84)/B84 -> #N/A
A85: TI_20 | C85: 02TI020 | D85: 02TI020:MeasuredValue | E85: {=_xll.ReadKSpice(_xlfn.CONCAT("/",$B$1,"/",$B$2,"/",D85,"@V_Unit=",F85))} -> #N/A | F85: degC | G85: =100*(E85-B85)/B85 -> #N/A | H85: Finnes ikke i Appendix A
A86: TI_06 | B86: =IFERROR(_xlfn.XLOOKUP(A86,'Appendix A'!A:A,'Appendix A'!D:D),"") -> 109.15 | C86: 01TI006 | D86: 01TI006:MeasuredValue | E86: {=_xll.ReadKSpice(_xlfn.CONCAT("/",$B$1,"/",$B$2,"/",D86,"@V_Unit=",F86))} -> #N/A | F86: degC | G86: =100*(E86-B86)/B86 -> #N/A
A88: EX03
A89: TT_01 | B89: =IFERROR(_xlfn.XLOOKUP(A89,'Appendix A'!A:A,'Appendix A'!D:D),"") -> 30.64 | C89: 03TT001 | D89: 03TT001:MeasuredValue | E89: {=_xll.ReadKSpice(_xlfn.CONCAT("/",$B$1,"/",$B$2,"/",D89,"@V_Unit=",F89))} -> #N/A | F89: degC | G89: =100*(E89-B89)/B89 -> #N/A
A91: EX04
A92: TT_02 | B92: =IFERROR(_xlfn.XLOOKUP(A92,'Appendix A'!A:A,'Appendix A'!D:D),"") -> 25.01 | C92: 04TT002 | D92: 04TT002:MeasuredValue | E92: {=_xll.ReadKSpice(_xlfn.CONCAT("/",$B$1,"/",$B$2,"/",D92,"@V_Unit=",F92))} -> #N/A | F92: degC | G92: =100*(E92-B92)/B92 -> #N/A
A94: UKJENT PLASSERING
A95: FT_VASK | B95: =IFERROR(_xlfn.XLOOKUP(A95,'Appendix A'!A:A,'Appendix A'!D:D),"") -> 23.21 | E95: {=_xll.ReadKSpice(_xlfn.CONCAT("/",$B$1,"/",$B$2,"/",D95,"@V_Unit=",F95))} -> #N/A | F95: kg/h | G95: =100*(E95-B95)/B95 -> #N/A
A96: QT_100 | B96: =IFERROR(_xlfn.XLOOKUP(A96,'Appendix A'!A:A,'Appendix A'!D:D),"") -> 1.065 | E96: {=_xll.ReadKSpice(_xlfn.CONCAT("/",$B$1,"/",$B$2,"/",D96,"@V_Unit=",F96))} -> #N/A | F96: kg/l | G96: =100*(E96-B96)/B96 -> #N/A
A97: QT_101 | B97: =IFERROR(_xlfn.XLOOKUP(A97,'Appendix A'!A:A,'Appendix A'!D:D),"") -> 1.097 | E97: {=_xll.ReadKSpice(_xlfn.CONCAT("/",$B$1,"/",$B$2,"/",D97,"@V_Unit=",F97))} -> #N/A | F97: kg/l | G97: =100*(E97-B97)/B97 -> #N/A
A98: TI_05 | B98: =IFERROR(_xlfn.XLOOKUP(A98,'Appendix A'!A:A,'Appendix A'!D:D),"") -> 35.92 | E98: {=_xll.ReadKSpice(_xlfn.CONCAT("/",$B$1,"/",$B$2,"/",D98,"@V_Unit=",F98))} -> #N/A | F98: degC | G98: =100*(E98-B98)/B98 -> #N/A
A99: TT_03 | B99: =IFERROR(_xlfn.XLOOKUP(A99,'Appendix A'!A:A,'Appendix A'!D:D),"") -> 36.63 | E99: {=_xll.ReadKSpice(_xlfn.CONCAT("/",$B$1,"/",$B$2,"/",D99,"@V_Unit=",F99))} -> #N/A | F99: degC | G99: =100*(E99-B99)/B99 -> #N/A

Sheet SS case 3
A1: Timeline: | B1: Engineering
A2: Model server: | B2: ProcessModel
A4: Case: | B4: 3
A6: Fargevisning:
A7: Grønn: | B7: 0 | C7: 5
A8: Gul: | B8: 5 | C8: 10
A9: Rød: | B9: 10 | C9: 100
A11: TAG in literature | B11: Value from Appendix A | C11: TAG in model | D11: Data-tag in model | E11: SimulatedValue | F11: unit | G11: % deviation | H11: Comment
A12: SETPOINTS SET IN MCL
A13: FT06 | B13: =IFERROR(_xlfn.XLOOKUP(A13,'Appendix A'!A:A,'Appendix A'!E:E),"") -> 127.02 | C13: 00FIC001 | D13: 00FIC001:InternalSetpoint | E13: {=_xll.ReadKSpice(_xlfn.CONCAT("/",$B$1,"/",$B$2,"/",D13,"@V_Unit=",F13))} -> #N/A | F13: m3/h | G13: =100*(E13-B13)/B13 -> #N/A | H13: Gas Flow Rate
A14: FT_100 | B14: =IFERROR(_xlfn.XLOOKUP(A14,'Appendix A'!A:A,'Appendix A'!E:E),"") -> 152.07 | C14: 00FC001 | D14: 00FC001:InternalSetpoint | E14: {=_xll.ReadKSpice(_xlfn.CONCAT("/",$B$1,"/",$B$2,"/",D14,"@V_Unit=",F14))} -> #N/A | F14: kg/h | G14: =100*(E14-B14)/B14 -> #N/A | H14: Solvent Flow Rate Lean input
A15: PI_103 | B15: =IFERROR(_xlfn.XLOOKUP(A15,'Appendix A'!A:A,'Appendix A'!E:E),"") -> 1056.4 | C15: 00PIC001 | D15: 00PIC001:InternalSetpoint | E15: {=_xll.ReadKSpice(_xlfn.CONCAT("/",$B$1,"/",$B$2,"/",D15,"@V_Unit=",F15))} -> #N/A | F15: mbara | G15: =100*(E15-B15)/B15 -> #N/A | H15: Pressure of flue gas boundry
A16: TA08 | B16: =IFERROR(_xlfn.XLOOKUP(A16,'Appendix A'!A:A,'Appendix A'!E:E),"") -> 57.95 | C16: LeanMEA_inn | D16: LeanMEA_inn:InstructorTemperature | E16: {=_xll.ReadKSpice(_xlfn.CONCAT("/",$B$1,"/",$B$2,"/",D16,"@V_Unit=",F16))} -> #N/A | F16: degC | G16: =100*(E16-B16)/B16 -> #N/A | H16: Temperature Lean Solvent LeanMEA_inn
A17: TA08 | B17: =IFERROR(_xlfn.XLOOKUP(A17,'Appendix A'!A:A,'Appendix A'!E:E),"") -> 57.95 | C17: 02TIC002 | D17: 02TIC002:InternalSetpoint | E17: {=_xll.ReadKSpice(_xlfn.CONCAT("/",$B$1,"/",$B$2,"/",D17,"@V_Unit=",F17))} -> #N/A | F17: degC | G17: =100*(E17-B17)/B17 -> #N/A | H17: Temperature Lean Solvent LeanMEA_ut
A18: HE_04/05/06 | B18: =IFERROR(_xlfn.XLOOKUP(A18,'Appendix A'!A:A,'Appendix A'!E:E),"") -> 10.02 | C18: 02QIC001 | D18: 02QIC001:InternalSetpoint | E18: {=_xll.ReadKSpice(_xlfn.CONCAT("/",$B$1,"/",$B$2,"/",D18,"@V_Unit=",F18))} -> #N/A | F18: kW | G18: =100*(E18-B18)/B18 -> #N/A | H18: Reboiler Duty
A19: TAB | B19: =IFERROR(_xlfn.XLOOKUP(A19,'Appendix A'!A:A,'Appendix A'!E:E),"") -> 46.68 | C19: 00TIC000 | D19: 00TIC000:InternalSetpoint | E19: {=_xll.ReadKSpice(_xlfn.CONCAT("/",$B$1,"/",$B$2,"/",D19,"@V_Unit=",F19))} -> #N/A | F19: degC | G19: =100*(E19-B19)/B19 -> #N/A | H19: Absorber Inlet CO2 Temperature
B20: 0.22 | C20: LAL_IN | D20: LAL_IN:Output | E20: {=_xll.ReadKSpice(_xlfn.CONCAT("/",$B$1,"/",$B$2,"/",D20,"@V_Unit=",F20))} -> #N/A | F20: mol/mol | G20: =100*(E20-B20)/B20 -> #N/A | H20: CO2 Loading Lean input
A21: PI_100 | B21: =IFERROR(_xlfn.XLOOKUP(A21,'Appendix A'!A:A,'Appendix A'!E:E),"") -> 1040.05 | C21: 00PIC002 | D21: 00PIC002:InternalSetpoint | E21: {=_xll.ReadKSpice(_xlfn.CONCAT("/",$B$1,"/",$B$2,"/",D21,"@V_Unit=",F21))} -> #N/A | F21: mbara | G21: =100*(E21-B21)/B21 -> #N/A | H21: Pressure in absorber
A22: PT_02 | B22: =IFERROR(_xlfn.XLOOKUP(A22,'Appendix A'!A:A,'Appendix A'!E:E),"") -> 0.9 | C22: 04PIC001 | D22: 04PIC001:InternalSetpoint | E22: {=_xll.ReadKSpice(_xlfn.CONCAT("/",$B$1,"/",$B$2,"/",D22,"@V_Unit=",F22))} -> #N/A | F22: barg | G22: =100*(E22-B22)/B22 -> #N/A | H22: Pressure in reboiler
A23: TT_01 | B23: =IFERROR(_xlfn.XLOOKUP(A23,'Appendix A'!A:A,'Appendix A'!E:E),"") -> 30.74 | C23: 03TIC001 | D23: 03TIC001:InternalSetpoint | E23: {=_xll.ReadKSpice(_xlfn.CONCAT("/",$B$1,"/",$B$2,"/",D23,"@V_Unit=",F23))} -> #N/A | F23: degC | G23: =100*(E23-B23)/B23 -> #N/A | H23: EX03 cooling loop
A24: TT_02 | B24: =IFERROR(_xlfn.XLOOKUP(A24,'Appendix A'!A:A,'Appendix A'!E:E),"") -> 29.4 | C24: 04TIC001 | D24: 04TIC001:InternalSetpoint | E24: {=_xll.ReadKSpice(_xlfn.CONCAT("/",$B$1,"/",$B$2,"/",D24,"@V_Unit=",F24))} -> #N/A | F24: degC | G24: =100*(E24-B24)/B24 -> #N/A | H24: EX04 cooling loop
A26: FLOW INTO ABSORBER
A27: FT06 | B27: =IFERROR(_xlfn.XLOOKUP(A27,'Appendix A'!A:A,'Appendix A'!E:E),"") -> 127.02 | C27: 00FT001 | D27: 00FT001:MeasuredValue | E27: {=_xll.ReadKSpice(_xlfn.CONCAT("/",$B$1,"/",$B$2,"/",D27,"@V_Unit=",F27))} -> #N/A | F27: m3/h | G27: =100*(E27-B27)/B27 -> #N/A
A28: PI_103 | B28: =IFERROR(_xlfn.XLOOKUP(A28,'Appendix A'!A:A,'Appendix A'!E:E),"") -> 1056.4 | C28: 00PT001 | D28: 00PT001:MeasuredValue | E28: {=_xll.ReadKSpice(_xlfn.CONCAT("/",$B$1,"/",$B$2,"/",D28,"@V_Unit=",F28))} -> #N/A | F28: mbara | G28: =100*(E28-B28)/B28 -> #N/A
A29: TV5 | B29: =IFERROR(_xlfn.XLOOKUP(A29,'Appendix A'!A:A,'Appendix A'!E:E),"") -> 49.37 | C29: 00TAB000 | D29: 00TAB000:MeasuredValue | E29: {=_xll.ReadKSpice(_xlfn.CONCAT("/",$B$1,"/",$B$2,"/",D29,"@V_Unit=",F29))} -> #N/A | F29: degC | G29: =100*(E29-B29)/B29 -> #N/A
A30: FT_100 | B30: =IFERROR(_xlfn.XLOOKUP(A30,'Appendix A'!A:A,'Appendix A'!E:E),"") -> 152.07 | C30: 00FT003 | D30: 00FT003:MeasuredValue | E30: {=_xll.ReadKSpice(_xlfn.CONCAT("/",$B$1,"/",$B$2,"/",D30,"@V_Unit=",F30))} -> #N/A | F30: kg/h | G30: =100*(E30-B30)/B30 -> #N/A
A31: TA08 | B31: =IFERROR(_xlfn.XLOOKUP(A31,'Appendix A'!A:A,'Appendix A'!E:E),"") -> 57.95 | C31: LeanAmineInput | D31: LeanAmineInput:OutletStream.t | E31: {=_xll.ReadKSpice(_xlfn.CONCAT("/",$B$1,"/",$B$2,"/",D31,"@V_Unit=",F31))} -> #N/A | F31: degC | G31: =100*(E31-B31)/B31 -> #N/A | H31: Temperature Lean Solvent LeanMEA_inn
A32: TA08 | B32: =IFERROR(_xlfn.XLOOKUP(A32,'Appendix A'!A:A,'Appendix A'!E:E),"") -> 57.95 | C32: 02TT002 | D32: 02TT002:MeasuredValue | E32: {=_xll.ReadKSpice(_xlfn.CONCAT("/",$B$1,"/",$B$2,"/",D32,"@V_Unit=",F32))} -> #N/A | F32: degC | G32: =100*(E32-B32)/B32 -> #N/A | H32: Temperature Lean Solvent LeanMEA_ut
A34: ABSORBER
A35: CO2_IN | B35: =IFERROR(_xlfn.XLOOKUP(A35,'Appendix A'!A:A,'Appendix A'!E:E),"") -> 7.41 | C35: GasToAbsorber | D35: GasToAbsorber:OutputCompositionVector[4] | E35: {=_xll.ReadKSpice(_xlfn.CONCAT("/",$B$1,"/",$B$2,"/",D35,"@V_Unit=",F35))} -> #N/A | F35: % | G35: =100*(E35-B35)/B35 -> #N/A | H35: % CO2
A36: CO2_OUT (Gas) | B36: =IFERROR(_xlfn.XLOOKUP(A36,'Appendix A'!A:A,'Appendix A'!D:D),"") | C36: GasFromAbsorber | D36: GasFromAbsorber:OutputCompositionVector[4] | E36: {=_xll.ReadKSpice(_xlfn.CONCAT("/",$B$1,"/",$B$2,"/",D36,"@V_Unit=",F36))} -> #N/A | F36: % | H36: CO2 in gas form
A37: CO2_OUT (In MEA) | B37: =IFERROR(_xlfn.XLOOKUP(A37,'Appendix A'!A:A,'Appendix A'!D:D),"") | C37: GasFromAbsorber | D37: GasFromAbsorber:OutputCompositionVector[2] | E37: {=_xll.ReadKSpice(_xlfn.CONCAT("/",$B$1,"/",$B$2,"/",D37,"@V_Unit=",F37))} -> #N/A | F37: % | H37: CO2 in MEA
A38: CO2_OUT | B38: =IFERROR(_xlfn.XLOOKUP(A38,'Appendix A'!A:A,'Appendix A'!E:E),"") -> 3.05 | C38: GasFromAbsorber | E38: =E37+E36 -> #N/A | F38: % | G38: =100*(E38-B38)/B38 -> #N/A | H38: Combined CO2 % in treated gas
A39: PI_100 | B39: =IFERROR(_xlfn.XLOOKUP(A39,'Appendix A'!A:A,'Appendix A'!E:E),"") -> 1040.05 | C39: 00PI100 | D39: 00PI100:MeasuredValue | E39: {=_xll.ReadKSpice(_xlfn.CONCAT("/",$B$1,"/",$B$2,"/",D39,"@V_Unit=",F39))} -> #N/A | F39: mbara | G39: =100*(E39-B39)/B39 -> #N/A
A40: PI_102 | B40: =IFERROR(_xlfn.XLOOKUP(A40,'Appendix A'!A:A,'Appendix A'!E:E),"") -> 1048.13 | C40: 00PI102 | D40: 00PI102:MeasuredValue | E40: {=_xll.ReadKSpice(_xlfn.CONCAT("/",$B$1,"/",$B$2,"/",D40,"@V_Unit=",F40))} -> #N/A | F40: mbara | G40: =100*(E40-B40)/B40 -> #N/A
A41: TAB | B41: =IFERROR(_xlfn.XLOOKUP(A41,'Appendix A'!A:A,'Appendix A'!E:E),"") -> 46.68 | C41: 00TAB000 | D41: 00TAB000:MeasuredValue | E41: {=_xll.ReadKSpice(_xlfn.CONCAT("/",$B$1,"/",$B$2,"/",D41,"@V_Unit=",F41))} -> #N/A | F41: degC | G41: =100*(E41-B41)/B41 -> #N/A | H41: Lik TV5? Det er samme transpimmer i K-spice
A42: TA00 | B42: =IFERROR(_xlfn.XLOOKUP(A42,'Appendix A'!A:A,'Appendix A'!E:E),"") -> 47.91 | C42: 00TA000 | D42: 00TA000:MeasuredValue | E42: {=_xll.ReadKSpice(_xlfn.CONCAT("/",$B$1,"/",$B$2,"/",D42,"@V_Unit=",F42))} -> #N/A | F42: degC | G42: =100*(E42-B42)/B42 -> #N/A
A43: TA01 | B43: =IFERROR(_xlfn.XLOOKUP(A43,'Appendix A'!A:A,'Appendix A'!E:E),"") -> 48.73 | C43: 00TA001 | D43: 00TA001:MeasuredValue | E43: {=_xll.ReadKSpice(_xlfn.CONCAT("/",$B$1,"/",$B$2,"/",D43,"@V_Unit=",F43))} -> #N/A | F43: degC | G43: =100*(E43-B43)/B43 -> #N/A
A44: TA02 | B44: =IFERROR(_xlfn.XLOOKUP(A44,'Appendix A'!A:A,'Appendix A'!E:E),"") -> 48.67 | C44: 00TA002 | D44: 00TA002:MeasuredValue | E44: {=_xll.ReadKSpice(_xlfn.CONCAT("/",$B$1,"/",$B$2,"/",D44,"@V_Unit=",F44))} -> #N/A | F44: degC | G44: =100*(E44-B44)/B44 -> #N/A
A45: TA03 | B45: =IFERROR(_xlfn.XLOOKUP(A45,'Appendix A'!A:A,'Appendix A'!E:E),"") -> 48.61 | C45: 00TA003 | D45: 00TA003:MeasuredValue | E45: {=_xll.ReadKSpice(_xlfn.CONCAT("/",$B$1,"/",$B$2,"/",D45,"@V_Unit=",F45))} -> #N/A | F45: degC | G45: =100*(E45-B45)/B45 -> #N/A
A46: TA04 | B46: =IFERROR(_xlfn.XLOOKUP(A46,'Appendix A'!A:A,'Appendix A'!E:E),"") -> 48.67 | C46: 00TA004 | D46: 00TA004:MeasuredValue | E46: {=_xll.ReadKSpice(_xlfn.CONCAT("/",$B$1,"/",$B$2,"/",D46,"@V_Unit=",F46))} -> #N/A | F46: degC | G46: =100*(E46-B46)/B46 -> #N/A
A47: TA05 | B47: =IFERROR(_xlfn.XLOOKUP(A47,'Appendix A'!A:A,'Appendix A'!E:E),"") -> 50.85 | C47: 00TA005 | D47: 00TA005:MeasuredValue | E47: {=_xll.ReadKSpice(_xlfn.CONCAT("/",$B$1,"/",$B$2,"/",D47,"@V_Unit=",F47))} -> #N/A | F47: degC | G47: =100*(E47-B47)/B47 -> #N/A
A48: TA06 | B48: =IFERROR(_xlfn.XLOOKUP(A48,'Appendix A'!A:A,'Appendix A'!E:E),"") -> 56.46 | C48: 00TA006 | D48: 00TA006:MeasuredValue | E48: {=_xll.ReadKSpice(_xlfn.CONCAT("/",$B$1,"/",$B$2,"/",D48,"@V_Unit=",F48))} -> #N/A | F48: degC | G48: =100*(E48-B48)/B48 -> #N/A
A49: TA07 | B49: =IFERROR(_xlfn.XLOOKUP(A49,'Appendix A'!A:A,'Appendix A'!E:E),"") -> 58.9 | C49: 00TA007 | D49: 00TA007:MeasuredValue | E49: {=_xll.ReadKSpice(_xlfn.CONCAT("/",$B$1,"/",$B$2,"/",D49,"@V_Unit=",F49))} -> #N/A | F49: degC | G49: =100*(E49-B49)/B49 -> #N/A
A50: TI_15 | B50: =IFERROR(_xlfn.XLOOKUP(A50,'Appendix A'!A:A,'Appendix A'!E:E),"") -> 57.2 | C50: 00TI015 | D50: 00TI015:MeasuredValue | E50: {=_xll.ReadKSpice(_xlfn.CONCAT("/",$B$1,"/",$B$2,"/",D50,"@V_Unit=",F50))} -> #N/A | F50: degC | G50: =100*(E50-B50)/B50 -> #N/A
A51: PT11 | B51: =IFERROR(_xlfn.XLOOKUP(A51,'Appendix A'!A:A,'Appendix A'!E:E),"") -> 6.97 | F51: l
A52: LT_01 | B52: =IFERROR(_xlfn.XLOOKUP(A52,'Appendix A'!A:A,'Appendix A'!E:E),"") -> 11.32 | F52: l | H52: Antar dette er extra column (dp)
A53: PT11 + LT_01 | B53: =B51+B52 -> 18.29 | C53: 00QIT001 | D53: 00QIT001:MeasuredValue | E53: {=_xll.ReadKSpice(_xlfn.CONCAT("/",$B$1,"/",$B$2,"/",D53,"@V_Unit=",F53))} -> #N/A | F53: l | G53: =100*(E53-B53)/B53 -> #N/A | H53: Absorber drum i K-spice = PT11 + LT_01
A55: FLOW OUT OF ABSORBER
A56: FT_101 | B56: =IFERROR(_xlfn.XLOOKUP(A56,'Appendix A'!A:A,'Appendix A'!E:E),"") -> 156.95 | C56: 00FT101 | D56: 00FT101:MeasuredValue | E56: {=_xll.ReadKSpice(_xlfn.CONCAT("/",$B$1,"/",$B$2,"/",D56,"@V_Unit=",F56))} -> #N/A | F56: kg/h | G56: =100*(E56-B56)/B56 -> #N/A
A57: TI_01 | B57: =IFERROR(_xlfn.XLOOKUP(A57,'Appendix A'!A:A,'Appendix A'!E:E),"") -> 47.67 | F57: degC | H57: Denne eksisterer ikke i K-Spice
A58: TI_03 | B58: =IFERROR(_xlfn.XLOOKUP(A58,'Appendix A'!A:A,'Appendix A'!E:E),"") -> 51.62 | C58: 00TI003 | D58: 00TI003:MeasuredValue | E58: {=_xll.ReadKSpice(_xlfn.CONCAT("/",$B$1,"/",$B$2,"/",D58,"@V_Unit=",F58))} -> #N/A | F58: degC | G58: =100*(E58-B58)/B58 -> #N/A
A59: TI_04 | B59: =IFERROR(_xlfn.XLOOKUP(A59,'Appendix A'!A:A,'Appendix A'!E:E),"") -> 46.72 | C59: 00TI004 | D59: 00TI004:MeasuredValue | E59: {=_xll.ReadKSpice(_xlfn.CONCAT("/",$B$1,"/",$B$2,"/",D59,"@V_Unit=",F59))} -> #N/A | F59: degC | G59: =100*(E59-B59)/B59 -> #N/A
A61: DESORBER
A62: TS01 | B62: =IFERROR(_xlfn.XLOOKUP(A62,'Appendix A'!A:A,'Appendix A'!E:E),"") -> 120.65 | C62: 01TS001 | D62: 01TS001:MeasuredValue | E62: {=_xll.ReadKSpice(_xlfn.CONCAT("/",$B$1,"/",$B$2,"/",D62,"@V_Unit=",F62))} -> #N/A | F62: degC | G62: =100*(E62-B62)/B62 -> #N/A
A63: TS02 | B63: =IFERROR(_xlfn.XLOOKUP(A63,'Appendix A'!A:A,'Appendix A'!E:E),"") -> 114.29 | C63: 01TS002 | D63: 01TS002:MeasuredValue | E63: {=_xll.ReadKSpice(_xlfn.CONCAT("/",$B$1,"/",$B$2,"/",D63,"@V_Unit=",F63))} -> #N/A | F63: degC | G63: =100*(E63-B63)/B63 -> #N/A
A64: TS03 | B64: =IFERROR(_xlfn.XLOOKUP(A64,'Appendix A'!A:A,'Appendix A'!E:E),"") -> 109.7 | C64: 01TS003 | D64: 01TS003:MeasuredValue | E64: {=_xll.ReadKSpice(_xlfn.CONCAT("/",$B$1,"/",$B$2,"/",D64,"@V_Unit=",F64))} -> #N/A | F64: degC | G64: =100*(E64-B64)/B64 -> #N/A
A65: TS04 | B65: =IFERROR(_xlfn.XLOOKUP(A65,'Appendix A'!A:A,'Appendix A'!E:E),"") -> 106.01 | C65: 01TS004 | D65: 01TS004:MeasuredValue | E65: {=_xll.ReadKSpice(_xlfn.CONCAT("/",$B$1,"/",$B$2,"/",D65,"@V_Unit=",F65))} -> #N/A | F65: degC | G65: =100*(E65-B65)/B65 -> #N/A
A66: TS05 | B66: =IFERROR(_xlfn.XLOOKUP(A66,'Appendix A'!A:A,'Appendix A'!E:E),"") -> 104.84 | C66: 01TS005 | D66: 01TS005:MeasuredValue | E66: {=_xll.ReadKSpice(_xlfn.CONCAT("/",$B$1,"/",$B$2,"/",D66,"@V_Unit=",F66))} -> #N/A | F66: degC | G66: =100*(E66-B66)/B66 -> #N/A
A67: TI_07 | B67: =IFERROR(_xlfn.XLOOKUP(A67,'Appendix A'!A:A,'Appendix A'!E:E),"") -> 105.29 | C67: 01TI007 | D67: 01TI007:MeasuredValue | E67: {=_xll.ReadKSpice(_xlfn.CONCAT("/",$B$1,"/",$B$2,"/",D67,"@V_Unit=",F67))} -> #N/A | F67: degC | G67: =100*(E67-B67)/B67 -> #N/A
A68: TI_09 | B68: =IFERROR(_xlfn.XLOOKUP(A68,'Appendix A'!A:A,'Appendix A'!E:E),"") -> 118.52 | C68: 01TI009 | D68: 01TI009:MeasuredValue | E68: {=_xll.ReadKSpice(_xlfn.CONCAT("/",$B$1,"/",$B$2,"/",D68,"@V_Unit=",F68))} -> #N/A | F68: degC | G68: =100*(E68-B68)/B68 -> #N/A
A69: TI_11 | B69: =IFERROR(_xlfn.XLOOKUP(A69,'Appendix A'!A:A,'Appendix A'!E:E),"") -> 103.72 | C69: 01TI011 | D69: 01TI011:MeasuredValue | E69: {=_xll.ReadKSpice(_xlfn.CONCAT("/",$B$1,"/",$B$2,"/",D69,"@V_Unit=",F69))} -> #N/A | F69: degC | G69: =100*(E69-B69)/B69 -> #N/A
A71: REBOILER
A72: FT_EH | B72: =IFERROR(_xlfn.XLOOKUP(A72,'Appendix A'!A:A,'Appendix A'!E:E),"") -> 4.6 | C72: 04FT001 | D72: 04FT001:MeasuredValue | E72: {=_xll.ReadKSpice(_xlfn.CONCAT("/",$B$1,"/",$B$2,"/",D72,"@V_Unit=",F72))} -> #N/A | F72: kg/h | G72: =100*(E72-B72)/B72 -> #N/A
A73: HE_04/05/06 | B73: =IFERROR(_xlfn.XLOOKUP(A73,'Appendix A'!A:A,'Appendix A'!E:E),"") -> 10.02 | C73: 02QI001 | D73: 02QI001:MeasuredValue | E73: {=_xll.ReadKSpice(_xlfn.CONCAT("/",$B$1,"/",$B$2,"/",D73,"@V_Unit=",F73))} -> #N/A | F73: kW | G73: =100*(E73-B73)/B73 -> #N/A
A74: LT_02 | B74: =IFERROR(_xlfn.XLOOKUP(A74,'Appendix A'!A:A,'Appendix A'!E:E),"") -> 53.84 | C74: 02QIT001 | D74: 02QIT001:MeasuredValue | E74: {=_xll.ReadKSpice(_xlfn.CONCAT("/",$B$1,"/",$B$2,"/",D74,"@V_Unit=",F74))} -> #N/A | F74: l | G74: =100*(E74-B74)/B74 -> #N/A
A75: PT_02 | B75: =IFERROR(_xlfn.XLOOKUP(A75,'Appendix A'!A:A,'Appendix A'!E:E),"") -> 0.9 | C75: 02PI002 | D75: 02PI002:MeasuredValue | E75: {=_xll.ReadKSpice(_xlfn.CONCAT("/",$B$1,"/",$B$2,"/",D75,"@V_Unit=",F75))} -> #N/A | F75: barg | G75: =100*(E75-B75)/B75 -> #N/A
A76: TI_08 | B76: =IFERROR(_xlfn.XLOOKUP(A76,'Appendix A'!A:A,'Appendix A'!E:E),"") -> 24.87 | C76: 04TI008 | D76: 04TI008:MeasuredValue | E76: {=_xll.ReadKSpice(_xlfn.CONCAT("/",$B$1,"/",$B$2,"/",D76,"@V_Unit=",F76))} -> #N/A | F76: degC | G76: =100*(E76-B76)/B76 -> #N/A
A77: TI10 | B77: =IFERROR(_xlfn.XLOOKUP(A77,'Appendix A'!A:A,'Appendix A'!E:E),"") -> 121.07 | C77: 02TI010 | D77: 02TI010:MeasuredValue | E77: {=_xll.ReadKSpice(_xlfn.CONCAT("/",$B$1,"/",$B$2,"/",D77,"@V_Unit=",F77))} -> #N/A | F77: degC | G77: =100*(E77-B77)/B77 -> #N/A
A79: CONDENSER
A80: FT_EM | B80: =IFERROR(_xlfn.XLOOKUP(A80,'Appendix A'!A:A,'Appendix A'!E:E),"") -> 8.99 | C80: 04FT004 | D80: 04FT004:MeasuredValue | E80: {=_xll.ReadKSpice(_xlfn.CONCAT("/",$B$1,"/",$B$2,"/",D80,"@V_Unit=",F80))} -> #N/A | F80: kg/h | G80: =100*(E80-B80)/B80 -> #N/A
A81: PT_04 | B81: =IFERROR(_xlfn.XLOOKUP(A81,'Appendix A'!A:A,'Appendix A'!E:E),"") -> 0.88 | C81: 04PT004 | D81: 04PT004:MeasuredValue | E81: {=_xll.ReadKSpice(_xlfn.CONCAT("/",$B$1,"/",$B$2,"/",D81,"@V_Unit=",F81))} -> #N/A | F81: barg | G81: =100*(E81-B81)/B81 -> #N/A
A83: EX01 | B83: =IFERROR(_xlfn.XLOOKUP(A83,'Appendix A'!A:A,'Appendix A'!D:D),"")
A84: TT103 | B84: =IFERROR(_xlfn.XLOOKUP(A84,'Appendix A'!A:A,'Appendix A'!E:E),"") -> 49.43 | C84: 01TT103 | D84: 01TT103:MeasuredValue | E84: {=_xll.ReadKSpice(_xlfn.CONCAT("/",$B$1,"/",$B$2,"/",D84,"@V_Unit=",F84))} -> #N/A | F84: degC | G84: =100*(E84-B84)/B84 -> #N/A
A85: TI_20 | B85: =IFERROR(_xlfn.XLOOKUP(A85,'Appendix A'!A:A,'Appendix A'!E:E),"") | C85: 02TI020 | D85: 02TI020:MeasuredValue | E85: {=_xll.ReadKSpice(_xlfn.CONCAT("/",$B$1,"/",$B$2,"/",D85,"@V_Unit=",F85))} -> #N/A | F85: degC | G85: =100*(E85-B85)/B85 -> #N/A | H85: Finnes ikke i Appendix A
A86: TI_06 | B86: =IFERROR(_xlfn.XLOOKUP(A86,'Appendix A'!A:A,'Appendix A'!E:E),"") -> 109.62 | C86: 01TI006 | D86: 01TI006:MeasuredValue | E86: {=_xll.ReadKSpice(_xlfn.CONCAT("/",$B$1,"/",$B$2,"/",D86,"@V_Unit=",F86))} -> #N/A | F86: degC | G86: =100*(E86-B86)/B86 -> #N/A
A88: EX03
A89: TT_01 | B89: =IFERROR(_xlfn.XLOOKUP(A89,'Appendix A'!A:A,'Appendix A'!E:E),"") -> 30.74 | C89: 03TT001 | D89: 03TT001:MeasuredValue | E89: {=_xll.ReadKSpice(_xlfn.CONCAT("/",$B$1,"/",$B$2,"/",D89,"@V_Unit=",F89))} -> #N/A | F89: degC | G89: =100*(E89-B89)/B89 -> #N/A
A91: EX04
A92: TT_02 | B92: =IFERROR(_xlfn.XLOOKUP(A92,'Appendix A'!A:A,'Appendix A'!E:E),"") -> 29.4 | C92: 04TT002 | D92: 04TT002:MeasuredValue | E92: {=_xll.ReadKSpice(_xlfn.CONCAT("/",$B$1,"/",$B$2,"/",D92,"@V_Unit=",F92))} -> #N/A | F92: degC | G92: =100*(E92-B92)/B92 -> #N/A
A94: UKJENT PLASSERING
A95: FT_VASK | B95: =IFERROR(_xlfn.XLOOKUP(A95,'Appendix A'!A:A,'Appendix A'!E:E),"") -> 294.18 | E95: {=_xll.ReadKSpice(_xlfn.CONCAT("/",$B$1,"/",$B$2,"/",D95,"@V_Unit=",F95))} -> #N/A | F95: kg/h | G95: =100*(E95-B95)/B95 -> #N/A
A96: QT_100 | B96: =IFERROR(_xlfn.XLOOKUP(A96,'Appendix A'!A:A,'Appendix A'!E:E),"") -> 1.053 | E96: {=_xll.ReadKSpice(_xlfn.CONCAT("/",$B$1,"/",$B$2,"/",D96,"@V_Unit=",F96))} -> #N/A | F96: kg/l | G96: =100*(E96-B96)/B96 -> #N/A
A97: QT_101 | B97: =IFERROR(_xlfn.XLOOKUP(A97,'Appendix A'!A:A,'Appendix A'!E:E),"") -> 1.102 | E97: {=_xll.ReadKSpice(_xlfn.CONCAT("/",$B$1,"/",$B$2,"/",D97,"@V_Unit=",F97))} -> #N/A | F97: kg/l | G97: =100*(E97-B97)/B97 -> #N/A
A98: TI_05 | B98: =IFERROR(_xlfn.XLOOKUP(A98,'Appendix A'!A:A,'Appendix A'!E:E),"") -> 35.95 | E98: {=_xll.ReadKSpice(_xlfn.CONCAT("/",$B$1,"/",$B$2,"/",D98,"@V_Unit=",F98))} -> #N/A | F98: degC | G98: =100*(E98-B98)/B98 -> #N/A
A99: TT_03 | B99: =IFERROR(_xlfn.XLOOKUP(A99,'Appendix A'!A:A,'Appendix A'!E:E),"") -> 36.68 | E99: {=_xll.ReadKSpice(_xlfn.CONCAT("/",$B$1,"/",$B$2,"/",D99,"@V_Unit=",F99))} -> #N/A | F99: degC | G99: =100*(E99-B99)/B99 -> #N/A

Sheet SS case 4
A1: Timeline: | B1: Engineering
A2: Model server: | B2: ProcessModel
A4: Case: | B4: 4
A6: Fargevisning:
A7: Grønn: | B7: 0 | C7: 5
A8: Gul: | B8: 5 | C8: 10
A9: Rød: | B9: 10 | C9: 100
A11: TAG in literature | B11: Value from Appendix A | C11: TAG in model | D11: Data-tag in model | E11: SimulatedValue | F11: unit | G11: % deviation | H11: Comment
A12: SETPOINTS SET IN MCL
A13: FT06 | B13: =IFERROR(_xlfn.XLOOKUP(A13,'Appendix A'!A:A,'Appendix A'!F:F),"") -> 100.1 | C13: 00FIC001 | D13: 00FIC001:InternalSetpoint | E13: {=_xll.ReadKSpice(_xlfn.CONCAT("/",$B$1,"/",$B$2,"/",D13,"@V_Unit=",F13))} -> #N/A | F13: m3/h | G13: =100*(E13-B13)/B13 -> #N/A | H13: Gas Flow Rate
A14: FT_100 | B14: =IFERROR(_xlfn.XLOOKUP(A14,'Appendix A'!A:A,'Appendix A'!F:F),"") -> 142.13 | C14: 00FC001 | D14: 00FC001:InternalSetpoint | E14: {=_xll.ReadKSpice(_xlfn.CONCAT("/",$B$1,"/",$B$2,"/",D14,"@V_Unit=",F14))} -> #N/A | F14: kg/h | G14: =100*(E14-B14)/B14 -> #N/A | H14: Solvent Flow Rate Lean input
A15: PI_103 | B15: =IFERROR(_xlfn.XLOOKUP(A15,'Appendix A'!A:A,'Appendix A'!F:F),"") -> 1035.01 | C15: 00PIC001 | D15: 00PIC001:InternalSetpoint | E15: {=_xll.ReadKSpice(_xlfn.CONCAT("/",$B$1,"/",$B$2,"/",D15,"@V_Unit=",F15))} -> #N/A | F15: mbara | G15: =100*(E15-B15)/B15 -> #N/A | H15: Pressure of flue gas boundry
A16: TA08 | B16: =IFERROR(_xlfn.XLOOKUP(A16,'Appendix A'!A:A,'Appendix A'!F:F),"") -> 53.51 | C16: LeanMEA_inn | D16: LeanMEA_inn:InstructorTemperature | E16: {=_xll.ReadKSpice(_xlfn.CONCAT("/",$B$1,"/",$B$2,"/",D16,"@V_Unit=",F16))} -> #N/A | F16: degC | G16: =100*(E16-B16)/B16 -> #N/A | H16: Temperature Lean Solvent LeanMEA_inn
A17: TA08 | B17: =IFERROR(_xlfn.XLOOKUP(A17,'Appendix A'!A:A,'Appendix A'!F:F),"") -> 53.51 | C17: 02TIC002 | D17: 02TIC002:InternalSetpoint | E17: {=_xll.ReadKSpice(_xlfn.CONCAT("/",$B$1,"/",$B$2,"/",D17,"@V_Unit=",F17))} -> #N/A | F17: degC | G17: =100*(E17-B17)/B17 -> #N/A | H17: Temperature Lean Solvent LeanMEA_ut
A18: HE_04/05/06 | B18: =IFERROR(_xlfn.XLOOKUP(A18,'Appendix A'!A:A,'Appendix A'!F:F),"") -> 8.29 | C18: 02QIC001 | D18: 02QIC001:InternalSetpoint | E18: {=_xll.ReadKSpice(_xlfn.CONCAT("/",$B$1,"/",$B$2,"/",D18,"@V_Unit=",F18))} -> #N/A | F18: kW | G18: =100*(E18-B18)/B18 -> #N/A | H18: Reboiler Duty
A19: TAB | B19: =IFERROR(_xlfn.XLOOKUP(A19,'Appendix A'!A:A,'Appendix A'!F:F),"") -> 41.78 | C19: 00TIC000 | D19: 00TIC000:InternalSetpoint | E19: {=_xll.ReadKSpice(_xlfn.CONCAT("/",$B$1,"/",$B$2,"/",D19,"@V_Unit=",F19))} -> #N/A | F19: degC | G19: =100*(E19-B19)/B19 -> #N/A | H19: Absorber Inlet CO2 Temperature
B20: =IFERROR(_xlfn.XLOOKUP(A20,'Appendix A'!A:A,'Appendix A'!F:F),"") | C20: LAL_IN | D20: LAL_IN:Output | E20: {=_xll.ReadKSpice(_xlfn.CONCAT("/",$B$1,"/",$B$2,"/",D20,"@V_Unit=",F20))} -> #N/A | F20: mol/mol | G20: =100*(E20-B20)/B20 -> #N/A | H20: CO2 Loading Lean input
A21: PI_100 | B21: =IFERROR(_xlfn.XLOOKUP(A21,'Appendix A'!A:A,'Appendix A'!F:F),"") -> 1027.44 | C21: 00PIC002 | D21: 00PIC002:InternalSetpoint | E21: {=_xll.ReadKSpice(_xlfn.CONCAT("/",$B$1,"/",$B$2,"/",D21,"@V_Unit=",F21))} -> #N/A | F21: mbara | G21: =100*(E21-B21)/B21 -> #N/A | H21: Pressure in absorber
A22: PT_02 | B22: =IFERROR(_xlfn.XLOOKUP(A22,'Appendix A'!A:A,'Appendix A'!F:F),"") -> 0.9 | C22: 04PIC001 | D22: 04PIC001:InternalSetpoint | E22: {=_xll.ReadKSpice(_xlfn.CONCAT("/",$B$1,"/",$B$2,"/",D22,"@V_Unit=",F22))} -> #N/A | F22: barg | G22: =100*(E22-B22)/B22 -> #N/A | H22: Pressure in reboiler
A23: TT_01 | B23: =IFERROR(_xlfn.XLOOKUP(A23,'Appendix A'!A:A,'Appendix A'!F:F),"") -> 30.62 | C23: 03TIC001 | D23: 03TIC001:InternalSetpoint | E23: {=_xll.ReadKSpice(_xlfn.CONCAT("/",$B$1,"/",$B$2,"/",D23,"@V_Unit=",F23))} -> #N/A | F23: degC | G23: =100*(E23-B23)/B23 -> #N/A | H23: EX03 cooling loop
A24: TT_02 | B24: =IFERROR(_xlfn.XLOOKUP(A24,'Appendix A'!A:A,'Appendix A'!F:F),"") -> 22.57 | C24: 04TIC001 | D24: 04TIC001:InternalSetpoint | E24: {=_xll.ReadKSpice(_xlfn.CONCAT("/",$B$1,"/",$B$2,"/",D24,"@V_Unit=",F24))} -> #N/A | F24: degC | G24: =100*(E24-B24)/B24 -> #N/A | H24: EX04 cooling loop
A26: FLOW INTO ABSORBER
A27: FT06 | B27: =IFERROR(_xlfn.XLOOKUP(A27,'Appendix A'!A:A,'Appendix A'!F:F),"") -> 100.1 | C27: 00FT001 | D27: 00FT001:MeasuredValue | E27: {=_xll.ReadKSpice(_xlfn.CONCAT("/",$B$1,"/",$B$2,"/",D27,"@V_Unit=",F27))} -> #N/A | F27: m3/h | G27: =100*(E27-B27)/B27 -> #N/A
A28: PI_103 | B28: =IFERROR(_xlfn.XLOOKUP(A28,'Appendix A'!A:A,'Appendix A'!F:F),"") -> 1035.01 | C28: 00PT001 | D28: 00PT001:MeasuredValue | E28: {=_xll.ReadKSpice(_xlfn.CONCAT("/",$B$1,"/",$B$2,"/",D28,"@V_Unit=",F28))} -> #N/A | F28: mbara | G28: =100*(E28-B28)/B28 -> #N/A
A29: TV5 | B29: =IFERROR(_xlfn.XLOOKUP(A29,'Appendix A'!A:A,'Appendix A'!F:F),"") -> 43.55 | C29: 00TAB000 | D29: 00TAB000:MeasuredValue | E29: {=_xll.ReadKSpice(_xlfn.CONCAT("/",$B$1,"/",$B$2,"/",D29,"@V_Unit=",F29))} -> #N/A | F29: degC | G29: =100*(E29-B29)/B29 -> #N/A
A30: FT_100 | B30: =IFERROR(_xlfn.XLOOKUP(A30,'Appendix A'!A:A,'Appendix A'!F:F),"") -> 142.13 | C30: 00FT003 | D30: 00FT003:MeasuredValue | E30: {=_xll.ReadKSpice(_xlfn.CONCAT("/",$B$1,"/",$B$2,"/",D30,"@V_Unit=",F30))} -> #N/A | F30: kg/h | G30: =100*(E30-B30)/B30 -> #N/A
A31: TA08 | B31: =IFERROR(_xlfn.XLOOKUP(A31,'Appendix A'!A:A,'Appendix A'!F:F),"") -> 53.51 | C31: LeanAmineInput | D31: LeanAmineInput:OutletStream.t | E31: {=_xll.ReadKSpice(_xlfn.CONCAT("/",$B$1,"/",$B$2,"/",D31,"@V_Unit=",F31))} -> #N/A | F31: degC | G31: =100*(E31-B31)/B31 -> #N/A | H31: Temperature Lean Solvent LeanMEA_inn
A32: TA08 | B32: =IFERROR(_xlfn.XLOOKUP(A32,'Appendix A'!A:A,'Appendix A'!F:F),"") -> 53.51 | C32: 02TT002 | D32: 02TT002:MeasuredValue | E32: {=_xll.ReadKSpice(_xlfn.CONCAT("/",$B$1,"/",$B$2,"/",D32,"@V_Unit=",F32))} -> #N/A | F32: degC | G32: =100*(E32-B32)/B32 -> #N/A | H32: Temperature Lean Solvent LeanMEA_ut
A34: ABSORBER
A35: CO2_IN | B35: =IFERROR(_xlfn.XLOOKUP(A35,'Appendix A'!A:A,'Appendix A'!F:F),"") -> 3.57 | C35: GasToAbsorber | D35: GasToAbsorber:OutputCompositionVector[4] | E35: {=_xll.ReadKSpice(_xlfn.CONCAT("/",$B$1,"/",$B$2,"/",D35,"@V_Unit=",F35))} -> #N/A | F35: % | G35: =100*(E35-B35)/B35 -> #N/A | H35: % CO2
A36: CO2_OUT (Gas) | B36: =IFERROR(_xlfn.XLOOKUP(A36,'Appendix A'!A:A,'Appendix A'!D:D),"") | C36: GasFromAbsorber | D36: GasFromAbsorber:OutputCompositionVector[4] | E36: {=_xll.ReadKSpice(_xlfn.CONCAT("/",$B$1,"/",$B$2,"/",D36,"@V_Unit=",F36))} -> #N/A | F36: % | H36: CO2 in gas form
A37: CO2_OUT (In MEA) | B37: =IFERROR(_xlfn.XLOOKUP(A37,'Appendix A'!A:A,'Appendix A'!D:D),"") | C37: GasFromAbsorber | D37: GasFromAbsorber:OutputCompositionVector[2] | E37: {=_xll.ReadKSpice(_xlfn.CONCAT("/",$B$1,"/",$B$2,"/",D37,"@V_Unit=",F37))} -> #N/A | F37: % | H37: CO2 in MEA
A38: CO2_OUT | B38: =IFERROR(_xlfn.XLOOKUP(A38,'Appendix A'!A:A,'Appendix A'!F:F),"") -> 0 | C38: GasFromAbsorber | E38: =E37+E36 -> #N/A | F38: % | G38: =100*(E38-B38)/B38 -> #N/A | H38: Combined CO2 % in treated gas
A39: PI_100 | B39: =IFERROR(_xlfn.XLOOKUP(A39,'Appendix A'!A:A,'Appendix A'!F:F),"") -> 1027.44 | C39: 00PI100 | D39: 00PI100:MeasuredValue | E39: {=_xll.ReadKSpice(_xlfn.CONCAT("/",$B$1,"/",$B$2,"/",D39,"@V_Unit=",F39))} -> #N/A | F39: mbara | G39: =100*(E39-B39)/B39 -> #N/A
A40: PI_102 | B40: =IFERROR(_xlfn.XLOOKUP(A40,'Appendix A'!A:A,'Appendix A'!F:F),"") -> 1032.3 | C40: 00PI102 | D40: 00PI102:MeasuredValue | E40: {=_xll.ReadKSpice(_xlfn.CONCAT("/",$B$1,"/",$B$2,"/",D40,"@V_Unit=",F40))} -> #N/A | F40: mbara | G40: =100*(E40-B40)/B40 -> #N/A
A41: TAB | B41: =IFERROR(_xlfn.XLOOKUP(A41,'Appendix A'!A:A,'Appendix A'!F:F),"") -> 41.78 | C41: 00TAB000 | D41: 00TAB000:MeasuredValue | E41: {=_xll.ReadKSpice(_xlfn.CONCAT("/",$B$1,"/",$B$2,"/",D41,"@V_Unit=",F41))} -> #N/A | F41: degC | G41: =100*(E41-B41)/B41 -> #N/A | H41: Lik TV5? Det er samme transpimmer i K-spice
A42: TA00 | B42: =IFERROR(_xlfn.XLOOKUP(A42,'Appendix A'!A:A,'Appendix A'!F:F),"") -> 44.15 | C42: 00TA000 | D42: 00TA000:MeasuredValue | E42: {=_xll.ReadKSpice(_xlfn.CONCAT("/",$B$1,"/",$B$2,"/",D42,"@V_Unit=",F42))} -> #N/A | F42: degC | G42: =100*(E42-B42)/B42 -> #N/A
A43: TA01 | B43: =IFERROR(_xlfn.XLOOKUP(A43,'Appendix A'!A:A,'Appendix A'!F:F),"") -> 45.3 | C43: 00TA001 | D43: 00TA001:MeasuredValue | E43: {=_xll.ReadKSpice(_xlfn.CONCAT("/",$B$1,"/",$B$2,"/",D43,"@V_Unit=",F43))} -> #N/A | F43: degC | G43: =100*(E43-B43)/B43 -> #N/A
A44: TA02 | B44: =IFERROR(_xlfn.XLOOKUP(A44,'Appendix A'!A:A,'Appendix A'!F:F),"") -> 47.59 | C44: 00TA002 | D44: 00TA002:MeasuredValue | E44: {=_xll.ReadKSpice(_xlfn.CONCAT("/",$B$1,"/",$B$2,"/",D44,"@V_Unit=",F44))} -> #N/A | F44: degC | G44: =100*(E44-B44)/B44 -> #N/A
A45: TA03 | B45: =IFERROR(_xlfn.XLOOKUP(A45,'Appendix A'!A:A,'Appendix A'!F:F),"") -> 49.28 | C45: 00TA003 | D45: 00TA003:MeasuredValue | E45: {=_xll.ReadKSpice(_xlfn.CONCAT("/",$B$1,"/",$B$2,"/",D45,"@V_Unit=",F45))} -> #N/A | F45: degC | G45: =100*(E45-B45)/B45 -> #N/A
A46: TA04 | B46: =IFERROR(_xlfn.XLOOKUP(A46,'Appendix A'!A:A,'Appendix A'!F:F),"") -> 51.04 | C46: 00TA004 | D46: 00TA004:MeasuredValue | E46: {=_xll.ReadKSpice(_xlfn.CONCAT("/",$B$1,"/",$B$2,"/",D46,"@V_Unit=",F46))} -> #N/A | F46: degC | G46: =100*(E46-B46)/B46 -> #N/A
A47: TA05 | B47: =IFERROR(_xlfn.XLOOKUP(A47,'Appendix A'!A:A,'Appendix A'!F:F),"") -> 56.19 | C47: 00TA005 | D47: 00TA005:MeasuredValue | E47: {=_xll.ReadKSpice(_xlfn.CONCAT("/",$B$1,"/",$B$2,"/",D47,"@V_Unit=",F47))} -> #N/A | F47: degC | G47: =100*(E47-B47)/B47 -> #N/A
A48: TA06 | B48: =IFERROR(_xlfn.XLOOKUP(A48,'Appendix A'!A:A,'Appendix A'!F:F),"") -> 58.26 | C48: 00TA006 | D48: 00TA006:MeasuredValue | E48: {=_xll.ReadKSpice(_xlfn.CONCAT("/",$B$1,"/",$B$2,"/",D48,"@V_Unit=",F48))} -> #N/A | F48: degC | G48: =100*(E48-B48)/B48 -> #N/A
A49: TA07 | B49: =IFERROR(_xlfn.XLOOKUP(A49,'Appendix A'!A:A,'Appendix A'!F:F),"") -> 58.25 | C49: 00TA007 | D49: 00TA007:MeasuredValue | E49: {=_xll.ReadKSpice(_xlfn.CONCAT("/",$B$1,"/",$B$2,"/",D49,"@V_Unit=",F49))} -> #N/A | F49: degC | G49: =100*(E49-B49)/B49 -> #N/A
A50: TI_15 | B50: =IFERROR(_xlfn.XLOOKUP(A50,'Appendix A'!A:A,'Appendix A'!F:F),"") -> 52.59 | C50: 00TI015 | D50: 00TI015:MeasuredValue | E50: {=_xll.ReadKSpice(_xlfn.CONCAT("/",$B$1,"/",$B$2,"/",D50,"@V_Unit=",F50))} -> #N/A | F50: degC | G50: =100*(E50-B50)/B50 -> #N/A
A51: PT11 | B51: =IFERROR(_xlfn.XLOOKUP(A51,'Appendix A'!A:A,'Appendix A'!F:F),"") -> 5.86 | F51: l
A52: LT_01 | B52: =IFERROR(_xlfn.XLOOKUP(A52,'Appendix A'!A:A,'Appendix A'!F:F),"") -> 11.32 | F52: l | H52: Antar dette er extra column (dp)
A53: PT11 + LT_01 | B53: =B51+B52 -> 17.18 | C53: 00QIT001 | D53: 00QIT001:MeasuredValue | E53: {=_xll.ReadKSpice(_xlfn.CONCAT("/",$B$1,"/",$B$2,"/",D53,"@V_Unit=",F53))} -> #N/A | F53: l | G53: =100*(E53-B53)/B53 -> #N/A | H53: Absorber drum i K-spice = PT11 + LT_01
A55: FLOW OUT OF ABSORBER
A56: FT_101 | B56: =IFERROR(_xlfn.XLOOKUP(A56,'Appendix A'!A:A,'Appendix A'!F:F),"") -> 146.43 | C56: 00FT101 | D56: 00FT101:MeasuredValue | E56: {=_xll.ReadKSpice(_xlfn.CONCAT("/",$B$1,"/",$B$2,"/",D56,"@V_Unit=",F56))} -> #N/A | F56: kg/h | G56: =100*(E56-B56)/B56 -> #N/A
A57: TI_01 | B57: =IFERROR(_xlfn.XLOOKUP(A57,'Appendix A'!A:A,'Appendix A'!F:F),"") -> 43.92 | F57: degC | H57: Denne eksisterer ikke i K-Spice
A58: TI_03 | B58: =IFERROR(_xlfn.XLOOKUP(A58,'Appendix A'!A:A,'Appendix A'!F:F),"") -> 47.7 | C58: 00TI003 | D58: 00TI003:MeasuredValue | E58: {=_xll.ReadKSpice(_xlfn.CONCAT("/",$B$1,"/",$B$2,"/",D58,"@V_Unit=",F58))} -> #N/A | F58: degC | G58: =100*(E58-B58)/B58 -> #N/A
A59: TI_04 | B59: =IFERROR(_xlfn.XLOOKUP(A59,'Appendix A'!A:A,'Appendix A'!F:F),"") -> 43.07 | C59: 00TI004 | D59: 00TI004:MeasuredValue | E59: {=_xll.ReadKSpice(_xlfn.CONCAT("/",$B$1,"/",$B$2,"/",D59,"@V_Unit=",F59))} -> #N/A | F59: degC | G59: =100*(E59-B59)/B59 -> #N/A
A61: DESORBER
A62: TS01 | B62: =IFERROR(_xlfn.XLOOKUP(A62,'Appendix A'!A:A,'Appendix A'!F:F),"") -> 120.23 | C62: 01TS001 | D62: 01TS001:MeasuredValue | E62: {=_xll.ReadKSpice(_xlfn.CONCAT("/",$B$1,"/",$B$2,"/",D62,"@V_Unit=",F62))} -> #N/A | F62: degC | G62: =100*(E62-B62)/B62 -> #N/A
A63: TS02 | B63: =IFERROR(_xlfn.XLOOKUP(A63,'Appendix A'!A:A,'Appendix A'!F:F),"") -> 112.43 | C63: 01TS002 | D63: 01TS002:MeasuredValue | E63: {=_xll.ReadKSpice(_xlfn.CONCAT("/",$B$1,"/",$B$2,"/",D63,"@V_Unit=",F63))} -> #N/A | F63: degC | G63: =100*(E63-B63)/B63 -> #N/A
A64: TS03 | B64: =IFERROR(_xlfn.XLOOKUP(A64,'Appendix A'!A:A,'Appendix A'!F:F),"") -> 108.18 | C64: 01TS003 | D64: 01TS003:MeasuredValue | E64: {=_xll.ReadKSpice(_xlfn.CONCAT("/",$B$1,"/",$B$2,"/",D64,"@V_Unit=",F64))} -> #N/A | F64: degC | G64: =100*(E64-B64)/B64 -> #N/A
A65: TS04 | B65: =IFERROR(_xlfn.XLOOKUP(A65,'Appendix A'!A:A,'Appendix A'!F:F),"") -> 106.98 | C65: 01TS004 | D65: 01TS004:MeasuredValue | E65: {=_xll.ReadKSpice(_xlfn.CONCAT("/",$B$1,"/",$B$2,"/",D65,"@V_Unit=",F65))} -> #N/A | F65: degC | G65: =100*(E65-B65)/B65 -> #N/A
A66: TS05 | B66: =IFERROR(_xlfn.XLOOKUP(A66,'Appendix A'!A:A,'Appendix A'!F:F),"") -> 106.98 | C66: 01TS005 | D66: 01TS005:MeasuredValue | E66: {=_xll.ReadKSpice(_xlfn.CONCAT("/",$B$1,"/",$B$2,"/",D66,"@V_Unit=",F66))} -> #N/A | F66: degC | G66: =100*(E66-B66)/B66 -> #N/A
A67: TI_07 | B67: =IFERROR(_xlfn.XLOOKUP(A67,'Appendix A'!A:A,'Appendix A'!F:F),"") -> 107.4 | C67: 01TI007 | D67: 01TI007:MeasuredValue | E67: {=_xll.ReadKSpice(_xlfn.CONCAT("/",$B$1,"/",$B$2,"/",D67,"@V_Unit=",F67))} -> #N/A | F67: degC | G67: =100*(E67-B67)/B67 -> #N/A
A68: TI_09 | B68: =IFERROR(_xlfn.XLOOKUP(A68,'Appendix A'!A:A,'Appendix A'!F:F),"") -> 117.59 | C68: 01TI009 | D68: 01TI009:MeasuredValue | E68: {=_xll.ReadKSpice(_xlfn.CONCAT("/",$B$1,"/",$B$2,"/",D68,"@V_Unit=",F68))} -> #N/A | F68: degC | G68: =100*(E68-B68)/B68 -> #N/A
A69: TI_11 | B69: =IFERROR(_xlfn.XLOOKUP(A69,'Appendix A'!A:A,'Appendix A'!F:F),"") -> 105.68 | C69: 01TI011 | D69: 01TI011:MeasuredValue | E69: {=_xll.ReadKSpice(_xlfn.CONCAT("/",$B$1,"/",$B$2,"/",D69,"@V_Unit=",F69))} -> #N/A | F69: degC | G69: =100*(E69-B69)/B69 -> #N/A
A71: REBOILER
A72: FT_EH | B72: =IFERROR(_xlfn.XLOOKUP(A72,'Appendix A'!A:A,'Appendix A'!F:F),"") -> 3.93 | C72: 04FT001 | D72: 04FT001:MeasuredValue | E72: {=_xll.ReadKSpice(_xlfn.CONCAT("/",$B$1,"/",$B$2,"/",D72,"@V_Unit=",F72))} -> #N/A | F72: kg/h | G72: =100*(E72-B72)/B72 -> #N/A
A73: HE_04/05/06 | B73: =IFERROR(_xlfn.XLOOKUP(A73,'Appendix A'!A:A,'Appendix A'!F:F),"") -> 8.29 | C73: 02QI001 | D73: 02QI001:MeasuredValue | E73: {=_xll.ReadKSpice(_xlfn.CONCAT("/",$B$1,"/",$B$2,"/",D73,"@V_Unit=",F73))} -> #N/A | F73: kW | G73: =100*(E73-B73)/B73 -> #N/A
A74: LT_02 | B74: =IFERROR(_xlfn.XLOOKUP(A74,'Appendix A'!A:A,'Appendix A'!F:F),"") -> 53.67 | C74: 02QIT001 | D74: 02QIT001:MeasuredValue | E74: {=_xll.ReadKSpice(_xlfn.CONCAT("/",$B$1,"/",$B$2,"/",D74,"@V_Unit=",F74))} -> #N/A | F74: l | G74: =100*(E74-B74)/B74 -> #N/A
A75: PT_02 | B75: =IFERROR(_xlfn.XLOOKUP(A75,'Appendix A'!A:A,'Appendix A'!F:F),"") -> 0.9 | C75: 02PI002 | D75: 02PI002:MeasuredValue | E75: {=_xll.ReadKSpice(_xlfn.CONCAT("/",$B$1,"/",$B$2,"/",D75,"@V_Unit=",F75))} -> #N/A | F75: barg | G75: =100*(E75-B75)/B75 -> #N/A
A76: TI_08 | B76: =IFERROR(_xlfn.XLOOKUP(A76,'Appendix A'!A:A,'Appendix A'!F:F),"") -> 18.5 | C76: 04TI008 | D76: 04TI008:MeasuredValue | E76: {=_xll.ReadKSpice(_xlfn.CONCAT("/",$B$1,"/",$B$2,"/",D76,"@V_Unit=",F76))} -> #N/A | F76: degC | G76: =100*(E76-B76)/B76 -> #N/A
A77: TI10 | B77: =IFERROR(_xlfn.XLOOKUP(A77,'Appendix A'!A:A,'Appendix A'!F:F),"") -> 120.61 | C77: 02TI010 | D77: 02TI010:MeasuredValue | E77: {=_xll.ReadKSpice(_xlfn.CONCAT("/",$B$1,"/",$B$2,"/",D77,"@V_Unit=",F77))} -> #N/A | F77: degC | G77: =100*(E77-B77)/B77 -> #N/A
A79: CONDENSER
A80: FT_EM | B80: =IFERROR(_xlfn.XLOOKUP(A80,'Appendix A'!A:A,'Appendix A'!F:F),"") -> 6.53 | C80: 04FT004 | D80: 04FT004:MeasuredValue | E80: {=_xll.ReadKSpice(_xlfn.CONCAT("/",$B$1,"/",$B$2,"/",D80,"@V_Unit=",F80))} -> #N/A | F80: kg/h | G80: =100*(E80-B80)/B80 -> #N/A
A81: PT_04 | B81: =IFERROR(_xlfn.XLOOKUP(A81,'Appendix A'!A:A,'Appendix A'!F:F),"") -> 0.89 | C81: 04PT004 | D81: 04PT004:MeasuredValue | E81: {=_xll.ReadKSpice(_xlfn.CONCAT("/",$B$1,"/",$B$2,"/",D81,"@V_Unit=",F81))} -> #N/A | F81: barg | G81: =100*(E81-B81)/B81 -> #N/A
A83: EX01 | B83: =IFERROR(_xlfn.XLOOKUP(A83,'Appendix A'!A:A,'Appendix A'!D:D),"")
A84: TT103 | B84: =IFERROR(_xlfn.XLOOKUP(A84,'Appendix A'!A:A,'Appendix A'!F:F),"") -> 46.17 | C84: 01TT103 | D84: 01TT103:MeasuredValue | E84: {=_xll.ReadKSpice(_xlfn.CONCAT("/",$B$1,"/",$B$2,"/",D84,"@V_Unit=",F84))} -> #N/A | F84: degC | G84: =100*(E84-B84)/B84 -> #N/A
A85: TI_20 | B85: =IFERROR(_xlfn.XLOOKUP(A85,'Appendix A'!A:A,'Appendix A'!E:E),"") | C85: 02TI020 | D85: 02TI020:MeasuredValue | E85: {=_xll.ReadKSpice(_xlfn.CONCAT("/",$B$1,"/",$B$2,"/",D85,"@V_Unit=",F85))} -> #N/A | F85: degC | G85: =100*(E85-B85)/B85 -> #N/A | H85: Finnes ikke i Appendix A
A86: TI_06 | B86: =IFERROR(_xlfn.XLOOKUP(A86,'Appendix A'!A:A,'Appendix A'!F:F),"") -> 110.49 | C86: 01TI006 | D86: 01TI006:MeasuredValue | E86: {=_xll.ReadKSpice(_xlfn.CONCAT("/",$B$1,"/",$B$2,"/",D86,"@V_Unit=",F86))} -> #N/A | F86: degC | G86: =100*(E86-B86)/B86 -> #N/A
A88: EX03
A89: TT_01 | B89: =IFERROR(_xlfn.XLOOKUP(A89,'Appendix A'!A:A,'Appendix A'!F:F),"") -> 30.62 | C89: 03TT001 | D89: 03TT001:MeasuredValue | E89: {=_xll.ReadKSpice(_xlfn.CONCAT("/",$B$1,"/",$B$2,"/",D89,"@V_Unit=",F89))} -> #N/A | F89: degC | G89: =100*(E89-B89)/B89 -> #N/A
A91: EX04
A92: TT_02 | B92: =IFERROR(_xlfn.XLOOKUP(A92,'Appendix A'!A:A,'Appendix A'!F:F),"") -> 22.57 | C92: 04TT002 | D92: 04TT002:MeasuredValue | E92: {=_xll.ReadKSpice(_xlfn.CONCAT("/",$B$1,"/",$B$2,"/",D92,"@V_Unit=",F92))} -> #N/A | F92: degC | G92: =100*(E92-B92)/B92 -> #N/A
A94: UKJENT PLASSERING
A95: FT_VASK | B95: =IFERROR(_xlfn.XLOOKUP(A95,'Appendix A'!A:A,'Appendix A'!F:F),"") -> 271 | E95: {=_xll.ReadKSpice(_xlfn.CONCAT("/",$B$1,"/",$B$2,"/",D95,"@V_Unit=",F95))} -> #N/A | F95: kg/h | G95: =100*(E95-B95)/B95 -> #N/A
A96: QT_100 | B96: =IFERROR(_xlfn.XLOOKUP(A96,'Appendix A'!A:A,'Appendix A'!F:F),"") -> 1.057 | E96: {=_xll.ReadKSpice(_xlfn.CONCAT("/",$B$1,"/",$B$2,"/",D96,"@V_Unit=",F96))} -> #N/A | F96: kg/l | G96: =100*(E96-B96)/B96 -> #N/A
A97: QT_101 | B97: =IFERROR(_xlfn.XLOOKUP(A97,'Appendix A'!A:A,'Appendix A'!F:F),"") -> 1.097 | E97: {=_xll.ReadKSpice(_xlfn.CONCAT("/",$B$1,"/",$B$2,"/",D97,"@V_Unit=",F97))} -> #N/A | F97: kg/l | G97: =100*(E97-B97)/B97 -> #N/A
A98: TI_05 | B98: =IFERROR(_xlfn.XLOOKUP(A98,'Appendix A'!A:A,'Appendix A'!F:F),"") -> 36.12 | E98: {=_xll.ReadKSpice(_xlfn.CONCAT("/",$B$1,"/",$B$2,"/",D98,"@V_Unit=",F98))} -> #N/A | F98: degC | G98: =100*(E98-B98)/B98 -> #N/A
A99: TT_03 | B99: =IFERROR(_xlfn.XLOOKUP(A99,'Appendix A'!A:A,'Appendix A'!F:F),"") -> 37.28 | E99: {=_xll.ReadKSpice(_xlfn.CONCAT("/",$B$1,"/",$B$2,"/",D99,"@V_Unit=",F99))} -> #N/A | F99: degC | G99: =100*(E99-B99)/B99 -> #N/A

Sheet SS case 5
A1: Timeline: | B1: Engineering
A2: Model server: | B2: ProcessModel
A4: Case: | B4: 5
A6: Fargevisning:
A7: Grønn: | B7: 0 | C7: 5
A8: Gul: | B8: 5 | C8: 10
A9: Rød: | B9: 10 | C9: 100
A11: TAG in literature | B11: Value from Appendix A | C11: TAG in model | D11: Data-tag in model | E11: SimulatedValue | F11: unit | G11: % deviation | H11: Comment
A12: SETPOINTS SET IN MCL
A13: FT06 | B13: =IFERROR(_xlfn.XLOOKUP(A13,'Appendix A'!A:A,'Appendix A'!G:G),"") -> 125.94 | C13: 00FIC001 | D13: 00FIC001:InternalSetpoint | E13: {=_xll.ReadKSpice(_xlfn.CONCAT("/",$B$1,"/",$B$2,"/",D13,"@V_Unit=",F13))} -> #N/A | F13: m3/h | G13: =100*(E13-B13)/B13 -> #N/A | H13: Gas Flow Rate
A14: FT_100 | B14: =IFERROR(_xlfn.XLOOKUP(A14,'Appendix A'!A:A,'Appendix A'!G:G),"") -> 240.87 | C14: 00FC001 | D14: 00FC001:InternalSetpoint | E14: {=_xll.ReadKSpice(_xlfn.CONCAT("/",$B$1,"/",$B$2,"/",D14,"@V_Unit=",F14))} -> #N/A | F14: kg/h | G14: =100*(E14-B14)/B14 -> #N/A | H14: Solvent Flow Rate Lean input
A15: PI_103 | B15: =IFERROR(_xlfn.XLOOKUP(A15,'Appendix A'!A:A,'Appendix A'!G:G),"") -> 1029 | C15: 00PIC001 | D15: 00PIC001:InternalSetpoint | E15: {=_xll.ReadKSpice(_xlfn.CONCAT("/",$B$1,"/",$B$2,"/",D15,"@V_Unit=",F15))} -> #N/A | F15: mbara | G15: =100*(E15-B15)/B15 -> #N/A | H15: Pressure of flue gas boundry
A16: TA08 | B16: =IFERROR(_xlfn.XLOOKUP(A16,'Appendix A'!A:A,'Appendix A'!G:G),"") -> 52.17 | C16: LeanMEA_inn | D16: LeanMEA_inn:InstructorTemperature | E16: {=_xll.ReadKSpice(_xlfn.CONCAT("/",$B$1,"/",$B$2,"/",D16,"@V_Unit=",F16))} -> #N/A | F16: degC | G16: =100*(E16-B16)/B16 -> #N/A | H16: Temperature Lean Solvent LeanMEA_inn
A17: TA08 | B17: =IFERROR(_xlfn.XLOOKUP(A17,'Appendix A'!A:A,'Appendix A'!G:G),"") -> 52.17 | C17: 02TIC002 | D17: 02TIC002:InternalSetpoint | E17: {=_xll.ReadKSpice(_xlfn.CONCAT("/",$B$1,"/",$B$2,"/",D17,"@V_Unit=",F17))} -> #N/A | F17: degC | G17: =100*(E17-B17)/B17 -> #N/A | H17: Temperature Lean Solvent LeanMEA_ut
A18: HE_04/05/06 | B18: =IFERROR(_xlfn.XLOOKUP(A18,'Appendix A'!A:A,'Appendix A'!G:G),"") -> 10.35 | C18: 02QIC001 | D18: 02QIC001:InternalSetpoint | E18: {=_xll.ReadKSpice(_xlfn.CONCAT("/",$B$1,"/",$B$2,"/",D18,"@V_Unit=",F18))} -> #N/A | F18: kW | G18: =100*(E18-B18)/B18 -> #N/A | H18: Reboiler Duty
A19: TAB | B19: =IFERROR(_xlfn.XLOOKUP(A19,'Appendix A'!A:A,'Appendix A'!G:G),"") -> 44.38 | C19: 00TIC000 | D19: 00TIC000:InternalSetpoint | E19: {=_xll.ReadKSpice(_xlfn.CONCAT("/",$B$1,"/",$B$2,"/",D19,"@V_Unit=",F19))} -> #N/A | F19: degC | G19: =100*(E19-B19)/B19 -> #N/A | H19: Absorber Inlet CO2 Temperature
B20: 0.27 | C20: LAL_IN | D20: LAL_IN:Output | E20: {=_xll.ReadKSpice(_xlfn.CONCAT("/",$B$1,"/",$B$2,"/",D20,"@V_Unit=",F20))} -> #N/A | F20: mol/mol | G20: =100*(E20-B20)/B20 -> #N/A | H20: CO2 Loading Lean input
A21: PI_100 | B21: =IFERROR(_xlfn.XLOOKUP(A21,'Appendix A'!A:A,'Appendix A'!G:G),"") -> 1012.1 | C21: 00PIC002 | D21: 00PIC002:InternalSetpoint | E21: {=_xll.ReadKSpice(_xlfn.CONCAT("/",$B$1,"/",$B$2,"/",D21,"@V_Unit=",F21))} -> #N/A | F21: mbara | G21: =100*(E21-B21)/B21 -> #N/A | H21: Pressure in absorber
A22: PT_02 | B22: =IFERROR(_xlfn.XLOOKUP(A22,'Appendix A'!A:A,'Appendix A'!G:G),"") -> 0.9 | C22: 04PIC001 | D22: 04PIC001:InternalSetpoint | E22: {=_xll.ReadKSpice(_xlfn.CONCAT("/",$B$1,"/",$B$2,"/",D22,"@V_Unit=",F22))} -> #N/A | F22: barg | G22: =100*(E22-B22)/B22 -> #N/A | H22: Pressure in reboiler
A23: TT_01 | B23: =IFERROR(_xlfn.XLOOKUP(A23,'Appendix A'!A:A,'Appendix A'!G:G),"") -> 30.62 | C23: 03TIC001 | D23: 03TIC001:InternalSetpoint | E23: {=_xll.ReadKSpice(_xlfn.CONCAT("/",$B$1,"/",$B$2,"/",D23,"@V_Unit=",F23))} -> #N/A | F23: degC | G23: =100*(E23-B23)/B23 -> #N/A | H23: EX03 cooling loop
A24: TT_02 | B24: =IFERROR(_xlfn.XLOOKUP(A24,'Appendix A'!A:A,'Appendix A'!G:G),"") -> 25.99 | C24: 04TIC001 | D24: 04TIC001:InternalSetpoint | E24: {=_xll.ReadKSpice(_xlfn.CONCAT("/",$B$1,"/",$B$2,"/",D24,"@V_Unit=",F24))} -> #N/A | F24: degC | G24: =100*(E24-B24)/B24 -> #N/A | H24: EX04 cooling loop
A26: FLOW INTO ABSORBER
A27: FT06 | B27: =IFERROR(_xlfn.XLOOKUP(A27,'Appendix A'!A:A,'Appendix A'!G:G),"") -> 125.94 | C27: 00FT001 | D27: 00FT001:MeasuredValue | E27: {=_xll.ReadKSpice(_xlfn.CONCAT("/",$B$1,"/",$B$2,"/",D27,"@V_Unit=",F27))} -> #N/A | F27: m3/h | G27: =100*(E27-B27)/B27 -> #N/A
A28: PI_103 | B28: =IFERROR(_xlfn.XLOOKUP(A28,'Appendix A'!A:A,'Appendix A'!G:G),"") -> 1029 | C28: 00PT001 | D28: 00PT001:MeasuredValue | E28: {=_xll.ReadKSpice(_xlfn.CONCAT("/",$B$1,"/",$B$2,"/",D28,"@V_Unit=",F28))} -> #N/A | F28: mbara | G28: =100*(E28-B28)/B28 -> #N/A
A29: TV5 | B29: =IFERROR(_xlfn.XLOOKUP(A29,'Appendix A'!A:A,'Appendix A'!G:G),"") -> 47.16 | C29: 00TAB000 | D29: 00TAB000:MeasuredValue | E29: {=_xll.ReadKSpice(_xlfn.CONCAT("/",$B$1,"/",$B$2,"/",D29,"@V_Unit=",F29))} -> #N/A | F29: degC | G29: =100*(E29-B29)/B29 -> #N/A
A30: FT_100 | B30: =IFERROR(_xlfn.XLOOKUP(A30,'Appendix A'!A:A,'Appendix A'!G:G),"") -> 240.87 | C30: 00FT003 | D30: 00FT003:MeasuredValue | E30: {=_xll.ReadKSpice(_xlfn.CONCAT("/",$B$1,"/",$B$2,"/",D30,"@V_Unit=",F30))} -> #N/A | F30: kg/h | G30: =100*(E30-B30)/B30 -> #N/A
A31: TA08 | B31: =IFERROR(_xlfn.XLOOKUP(A31,'Appendix A'!A:A,'Appendix A'!G:G),"") -> 52.17 | C31: LeanAmineInput | D31: LeanAmineInput:OutletStream.t | E31: {=_xll.ReadKSpice(_xlfn.CONCAT("/",$B$1,"/",$B$2,"/",D31,"@V_Unit=",F31))} -> #N/A | F31: degC | G31: =100*(E31-B31)/B31 -> #N/A | H31: Temperature Lean Solvent LeanMEA_inn
A32: TA08 | B32: =IFERROR(_xlfn.XLOOKUP(A32,'Appendix A'!A:A,'Appendix A'!G:G),"") -> 52.17 | C32: 02TT002 | D32: 02TT002:MeasuredValue | E32: {=_xll.ReadKSpice(_xlfn.CONCAT("/",$B$1,"/",$B$2,"/",D32,"@V_Unit=",F32))} -> #N/A | F32: degC | G32: =100*(E32-B32)/B32 -> #N/A | H32: Temperature Lean Solvent LeanMEA_ut
A34: ABSORBER
A35: CO2_IN | B35: =IFERROR(_xlfn.XLOOKUP(A35,'Appendix A'!A:A,'Appendix A'!G:G),"") -> 3.9 | C35: GasToAbsorber | D35: GasToAbsorber:OutputCompositionVector[4] | E35: {=_xll.ReadKSpice(_xlfn.CONCAT("/",$B$1,"/",$B$2,"/",D35,"@V_Unit=",F35))} -> #N/A | F35: % | G35: =100*(E35-B35)/B35 -> #N/A | H35: % CO2
A36: CO2_OUT (Gas) | B36: =IFERROR(_xlfn.XLOOKUP(A36,'Appendix A'!A:A,'Appendix A'!D:D),"") | C36: GasFromAbsorber | D36: GasFromAbsorber:OutputCompositionVector[4] | E36: {=_xll.ReadKSpice(_xlfn.CONCAT("/",$B$1,"/",$B$2,"/",D36,"@V_Unit=",F36))} -> #N/A | F36: % | H36: CO2 in gas form
A37: CO2_OUT (In MEA) | B37: =IFERROR(_xlfn.XLOOKUP(A37,'Appendix A'!A:A,'Appendix A'!D:D),"") | C37: GasFromAbsorber | D37: GasFromAbsorber:OutputCompositionVector[2] | E37: {=_xll.ReadKSpice(_xlfn.CONCAT("/",$B$1,"/",$B$2,"/",D37,"@V_Unit=",F37))} -> #N/A | F37: % | H37: CO2 in MEA
A38: CO2_OUT | B38: =IFERROR(_xlfn.XLOOKUP(A38,'Appendix A'!A:A,'Appendix A'!G:G),"") -> 0.44 | C38: GasFromAbsorber | E38: =E37+E36 -> #N/A | F38: % | G38: =100*(E38-B38)/B38 -> #N/A | H38: Combined CO2 % in treated gas
A39: PI_100 | B39: =IFERROR(_xlfn.XLOOKUP(A39,'Appendix A'!A:A,'Appendix A'!G:G),"") -> 1012.1 | C39: 00PI100 | D39: 00PI100:MeasuredValue | E39: {=_xll.ReadKSpice(_xlfn.CONCAT("/",$B$1,"/",$B$2,"/",D39,"@V_Unit=",F39))} -> #N/A | F39: mbara | G39: =100*(E39-B39)/B39 -> #N/A
A40: PI_102 | B40: =IFERROR(_xlfn.XLOOKUP(A40,'Appendix A'!A:A,'Appendix A'!G:G),"") -> 1020.73 | C40: 00PI102 | D40: 00PI102:MeasuredValue | E40: {=_xll.ReadKSpice(_xlfn.CONCAT("/",$B$1,"/",$B$2,"/",D40,"@V_Unit=",F40))} -> #N/A | F40: mbara | G40: =100*(E40-B40)/B40 -> #N/A
A41: TAB | B41: =IFERROR(_xlfn.XLOOKUP(A41,'Appendix A'!A:A,'Appendix A'!G:G),"") -> 44.38 | C41: 00TAB000 | D41: 00TAB000:MeasuredValue | E41: {=_xll.ReadKSpice(_xlfn.CONCAT("/",$B$1,"/",$B$2,"/",D41,"@V_Unit=",F41))} -> #N/A | F41: degC | G41: =100*(E41-B41)/B41 -> #N/A | H41: Lik TV5? Det er samme transpimmer i K-spice
A42: TA00 | B42: =IFERROR(_xlfn.XLOOKUP(A42,'Appendix A'!A:A,'Appendix A'!G:G),"") -> 45.55 | C42: 00TA000 | D42: 00TA000:MeasuredValue | E42: {=_xll.ReadKSpice(_xlfn.CONCAT("/",$B$1,"/",$B$2,"/",D42,"@V_Unit=",F42))} -> #N/A | F42: degC | G42: =100*(E42-B42)/B42 -> #N/A
A43: TA01 | B43: =IFERROR(_xlfn.XLOOKUP(A43,'Appendix A'!A:A,'Appendix A'!G:G),"") -> 47.05 | C43: 00TA001 | D43: 00TA001:MeasuredValue | E43: {=_xll.ReadKSpice(_xlfn.CONCAT("/",$B$1,"/",$B$2,"/",D43,"@V_Unit=",F43))} -> #N/A | F43: degC | G43: =100*(E43-B43)/B43 -> #N/A
A44: TA02 | B44: =IFERROR(_xlfn.XLOOKUP(A44,'Appendix A'!A:A,'Appendix A'!G:G),"") -> 50.02 | C44: 00TA002 | D44: 00TA002:MeasuredValue | E44: {=_xll.ReadKSpice(_xlfn.CONCAT("/",$B$1,"/",$B$2,"/",D44,"@V_Unit=",F44))} -> #N/A | F44: degC | G44: =100*(E44-B44)/B44 -> #N/A
A45: TA03 | B45: =IFERROR(_xlfn.XLOOKUP(A45,'Appendix A'!A:A,'Appendix A'!G:G),"") -> 51.8 | C45: 00TA003 | D45: 00TA003:MeasuredValue | E45: {=_xll.ReadKSpice(_xlfn.CONCAT("/",$B$1,"/",$B$2,"/",D45,"@V_Unit=",F45))} -> #N/A | F45: degC | G45: =100*(E45-B45)/B45 -> #N/A
A46: TA04 | B46: =IFERROR(_xlfn.XLOOKUP(A46,'Appendix A'!A:A,'Appendix A'!G:G),"") -> 53.27 | C46: 00TA004 | D46: 00TA004:MeasuredValue | E46: {=_xll.ReadKSpice(_xlfn.CONCAT("/",$B$1,"/",$B$2,"/",D46,"@V_Unit=",F46))} -> #N/A | F46: degC | G46: =100*(E46-B46)/B46 -> #N/A
A47: TA05 | B47: =IFERROR(_xlfn.XLOOKUP(A47,'Appendix A'!A:A,'Appendix A'!G:G),"") -> 57.25 | C47: 00TA005 | D47: 00TA005:MeasuredValue | E47: {=_xll.ReadKSpice(_xlfn.CONCAT("/",$B$1,"/",$B$2,"/",D47,"@V_Unit=",F47))} -> #N/A | F47: degC | G47: =100*(E47-B47)/B47 -> #N/A
A48: TA06 | B48: =IFERROR(_xlfn.XLOOKUP(A48,'Appendix A'!A:A,'Appendix A'!G:G),"") -> 58.54 | C48: 00TA006 | D48: 00TA006:MeasuredValue | E48: {=_xll.ReadKSpice(_xlfn.CONCAT("/",$B$1,"/",$B$2,"/",D48,"@V_Unit=",F48))} -> #N/A | F48: degC | G48: =100*(E48-B48)/B48 -> #N/A
A49: TA07 | B49: =IFERROR(_xlfn.XLOOKUP(A49,'Appendix A'!A:A,'Appendix A'!G:G),"") -> 58.36 | C49: 00TA007 | D49: 00TA007:MeasuredValue | E49: {=_xll.ReadKSpice(_xlfn.CONCAT("/",$B$1,"/",$B$2,"/",D49,"@V_Unit=",F49))} -> #N/A | F49: degC | G49: =100*(E49-B49)/B49 -> #N/A
A50: TI_15 | B50: =IFERROR(_xlfn.XLOOKUP(A50,'Appendix A'!A:A,'Appendix A'!G:G),"") -> 50.35 | C50: 00TI015 | D50: 00TI015:MeasuredValue | E50: {=_xll.ReadKSpice(_xlfn.CONCAT("/",$B$1,"/",$B$2,"/",D50,"@V_Unit=",F50))} -> #N/A | F50: degC | G50: =100*(E50-B50)/B50 -> #N/A
A51: PT11 | B51: =IFERROR(_xlfn.XLOOKUP(A51,'Appendix A'!A:A,'Appendix A'!G:G),"") -> 6.6 | F51: l
A52: LT_01 | B52: =IFERROR(_xlfn.XLOOKUP(A52,'Appendix A'!A:A,'Appendix A'!G:G),"") -> 11.67 | F52: l | H52: Antar dette er extra column (dp)
A53: PT11 + LT_01 | B53: =B51+B52 -> 18.27 | C53: 00QIT001 | D53: 00QIT001:MeasuredValue | E53: {=_xll.ReadKSpice(_xlfn.CONCAT("/",$B$1,"/",$B$2,"/",D53,"@V_Unit=",F53))} -> #N/A | F53: l | G53: =100*(E53-B53)/B53 -> #N/A | H53: Absorber drum i K-spice = PT11 + LT_01
A55: FLOW OUT OF ABSORBER
A56: FT_101 | B56: =IFERROR(_xlfn.XLOOKUP(A56,'Appendix A'!A:A,'Appendix A'!G:G),"") -> 246.13 | C56: 00FT101 | D56: 00FT101:MeasuredValue | E56: {=_xll.ReadKSpice(_xlfn.CONCAT("/",$B$1,"/",$B$2,"/",D56,"@V_Unit=",F56))} -> #N/A | F56: kg/h | G56: =100*(E56-B56)/B56 -> #N/A
A57: TI_01 | B57: =IFERROR(_xlfn.XLOOKUP(A57,'Appendix A'!A:A,'Appendix A'!G:G),"") -> 45.45 | F57: degC | H57: Denne eksisterer ikke i K-Spice
A58: TI_03 | B58: =IFERROR(_xlfn.XLOOKUP(A58,'Appendix A'!A:A,'Appendix A'!G:G),"") -> 45.92 | C58: 00TI003 | D58: 00TI003:MeasuredValue | E58: {=_xll.ReadKSpice(_xlfn.CONCAT("/",$B$1,"/",$B$2,"/",D58,"@V_Unit=",F58))} -> #N/A | F58: degC | G58: =100*(E58-B58)/B58 -> #N/A
A59: TI_04 | B59: =IFERROR(_xlfn.XLOOKUP(A59,'Appendix A'!A:A,'Appendix A'!G:G),"") -> 44.87 | C59: 00TI004 | D59: 00TI004:MeasuredValue | E59: {=_xll.ReadKSpice(_xlfn.CONCAT("/",$B$1,"/",$B$2,"/",D59,"@V_Unit=",F59))} -> #N/A | F59: degC | G59: =100*(E59-B59)/B59 -> #N/A
A61: DESORBER
A62: TS01 | B62: =IFERROR(_xlfn.XLOOKUP(A62,'Appendix A'!A:A,'Appendix A'!G:G),"") -> 118.29 | C62: 01TS001 | D62: 01TS001:MeasuredValue | E62: {=_xll.ReadKSpice(_xlfn.CONCAT("/",$B$1,"/",$B$2,"/",D62,"@V_Unit=",F62))} -> #N/A | F62: degC | G62: =100*(E62-B62)/B62 -> #N/A
A63: TS02 | B63: =IFERROR(_xlfn.XLOOKUP(A63,'Appendix A'!A:A,'Appendix A'!G:G),"") -> 111.21 | C63: 01TS002 | D63: 01TS002:MeasuredValue | E63: {=_xll.ReadKSpice(_xlfn.CONCAT("/",$B$1,"/",$B$2,"/",D63,"@V_Unit=",F63))} -> #N/A | F63: degC | G63: =100*(E63-B63)/B63 -> #N/A
A64: TS03 | B64: =IFERROR(_xlfn.XLOOKUP(A64,'Appendix A'!A:A,'Appendix A'!G:G),"") -> 109.76 | C64: 01TS003 | D64: 01TS003:MeasuredValue | E64: {=_xll.ReadKSpice(_xlfn.CONCAT("/",$B$1,"/",$B$2,"/",D64,"@V_Unit=",F64))} -> #N/A | F64: degC | G64: =100*(E64-B64)/B64 -> #N/A
A65: TS04 | B65: =IFERROR(_xlfn.XLOOKUP(A65,'Appendix A'!A:A,'Appendix A'!G:G),"") -> 109.46 | C65: 01TS004 | D65: 01TS004:MeasuredValue | E65: {=_xll.ReadKSpice(_xlfn.CONCAT("/",$B$1,"/",$B$2,"/",D65,"@V_Unit=",F65))} -> #N/A | F65: degC | G65: =100*(E65-B65)/B65 -> #N/A
A66: TS05 | B66: =IFERROR(_xlfn.XLOOKUP(A66,'Appendix A'!A:A,'Appendix A'!G:G),"") -> 109.2 | C66: 01TS005 | D66: 01TS005:MeasuredValue | E66: {=_xll.ReadKSpice(_xlfn.CONCAT("/",$B$1,"/",$B$2,"/",D66,"@V_Unit=",F66))} -> #N/A | F66: degC | G66: =100*(E66-B66)/B66 -> #N/A
A67: TI_07 | B67: =IFERROR(_xlfn.XLOOKUP(A67,'Appendix A'!A:A,'Appendix A'!G:G),"") -> 110.1 | C67: 01TI007 | D67: 01TI007:MeasuredValue | E67: {=_xll.ReadKSpice(_xlfn.CONCAT("/",$B$1,"/",$B$2,"/",D67,"@V_Unit=",F67))} -> #N/A | F67: degC | G67: =100*(E67-B67)/B67 -> #N/A
A68: TI_09 | B68: =IFERROR(_xlfn.XLOOKUP(A68,'Appendix A'!A:A,'Appendix A'!G:G),"") -> 114.97 | C68: 01TI009 | D68: 01TI009:MeasuredValue | E68: {=_xll.ReadKSpice(_xlfn.CONCAT("/",$B$1,"/",$B$2,"/",D68,"@V_Unit=",F68))} -> #N/A | F68: degC | G68: =100*(E68-B68)/B68 -> #N/A
A69: TI_11 | B69: =IFERROR(_xlfn.XLOOKUP(A69,'Appendix A'!A:A,'Appendix A'!G:G),"") -> 108.39 | C69: 01TI011 | D69: 01TI011:MeasuredValue | E69: {=_xll.ReadKSpice(_xlfn.CONCAT("/",$B$1,"/",$B$2,"/",D69,"@V_Unit=",F69))} -> #N/A | F69: degC | G69: =100*(E69-B69)/B69 -> #N/A
A71: REBOILER
A72: FT_EH | B72: =IFERROR(_xlfn.XLOOKUP(A72,'Appendix A'!A:A,'Appendix A'!G:G),"") -> 5.56 | C72: 04FT001 | D72: 04FT001:MeasuredValue | E72: {=_xll.ReadKSpice(_xlfn.CONCAT("/",$B$1,"/",$B$2,"/",D72,"@V_Unit=",F72))} -> #N/A | F72: kg/h | G72: =100*(E72-B72)/B72 -> #N/A
A73: HE_04/05/06 | B73: =IFERROR(_xlfn.XLOOKUP(A73,'Appendix A'!A:A,'Appendix A'!G:G),"") -> 10.35 | C73: 02QI001 | D73: 02QI001:MeasuredValue | E73: {=_xll.ReadKSpice(_xlfn.CONCAT("/",$B$1,"/",$B$2,"/",D73,"@V_Unit=",F73))} -> #N/A | F73: kW | G73: =100*(E73-B73)/B73 -> #N/A
A74: LT_02 | B74: =IFERROR(_xlfn.XLOOKUP(A74,'Appendix A'!A:A,'Appendix A'!G:G),"") -> 53.67 | C74: 02QIT001 | D74: 02QIT001:MeasuredValue | E74: {=_xll.ReadKSpice(_xlfn.CONCAT("/",$B$1,"/",$B$2,"/",D74,"@V_Unit=",F74))} -> #N/A | F74: l | G74: =100*(E74-B74)/B74 -> #N/A
A75: PT_02 | B75: =IFERROR(_xlfn.XLOOKUP(A75,'Appendix A'!A:A,'Appendix A'!G:G),"") -> 0.9 | C75: 02PI002 | D75: 02PI002:MeasuredValue | E75: {=_xll.ReadKSpice(_xlfn.CONCAT("/",$B$1,"/",$B$2,"/",D75,"@V_Unit=",F75))} -> #N/A | F75: barg | G75: =100*(E75-B75)/B75 -> #N/A
A76: TI_08 | B76: =IFERROR(_xlfn.XLOOKUP(A76,'Appendix A'!A:A,'Appendix A'!G:G),"") -> 22 | C76: 04TI008 | D76: 04TI008:MeasuredValue | E76: {=_xll.ReadKSpice(_xlfn.CONCAT("/",$B$1,"/",$B$2,"/",D76,"@V_Unit=",F76))} -> #N/A | F76: degC | G76: =100*(E76-B76)/B76 -> #N/A
A77: TI10 | B77: =IFERROR(_xlfn.XLOOKUP(A77,'Appendix A'!A:A,'Appendix A'!G:G),"") -> 118.85 | C77: 02TI010 | D77: 02TI010:MeasuredValue | E77: {=_xll.ReadKSpice(_xlfn.CONCAT("/",$B$1,"/",$B$2,"/",D77,"@V_Unit=",F77))} -> #N/A | F77: degC | G77: =100*(E77-B77)/B77 -> #N/A
A79: CONDENSER
A80: FT_EM | B80: =IFERROR(_xlfn.XLOOKUP(A80,'Appendix A'!A:A,'Appendix A'!G:G),"") -> 7.21 | C80: 04FT004 | D80: 04FT004:MeasuredValue | E80: {=_xll.ReadKSpice(_xlfn.CONCAT("/",$B$1,"/",$B$2,"/",D80,"@V_Unit=",F80))} -> #N/A | F80: kg/h | G80: =100*(E80-B80)/B80 -> #N/A
A81: PT_04 | B81: =IFERROR(_xlfn.XLOOKUP(A81,'Appendix A'!A:A,'Appendix A'!G:G),"") -> 0.88 | C81: 04PT004 | D81: 04PT004:MeasuredValue | E81: {=_xll.ReadKSpice(_xlfn.CONCAT("/",$B$1,"/",$B$2,"/",D81,"@V_Unit=",F81))} -> #N/A | F81: barg | G81: =100*(E81-B81)/B81 -> #N/A
A83: EX01 | B83: =IFERROR(_xlfn.XLOOKUP(A83,'Appendix A'!A:A,'Appendix A'!D:D),"")
A84: TT103 | B84: =IFERROR(_xlfn.XLOOKUP(A84,'Appendix A'!A:A,'Appendix A'!G:G),"") -> 47.98 | C84: 01TT103 | D84: 01TT103:MeasuredValue | E84: {=_xll.ReadKSpice(_xlfn.CONCAT("/",$B$1,"/",$B$2,"/",D84,"@V_Unit=",F84))} -> #N/A | F84: degC | G84: =100*(E84-B84)/B84 -> #N/A
A85: TI_20 | B85: =IFERROR(_xlfn.XLOOKUP(A85,'Appendix A'!A:A,'Appendix A'!G:G),"") | C85: 02TI020 | D85: 02TI020:MeasuredValue | E85: {=_xll.ReadKSpice(_xlfn.CONCAT("/",$B$1,"/",$B$2,"/",D85,"@V_Unit=",F85))} -> #N/A | F85: degC | G85: =100*(E85-B85)/B85 -> #N/A | H85: Finnes ikke i Appendix A
A86: TI_06 | B86: =IFERROR(_xlfn.XLOOKUP(A86,'Appendix A'!A:A,'Appendix A'!G:G),"") -> 112.31 | C86: 01TI006 | D86: 01TI006:MeasuredValue | E86: {=_xll.ReadKSpice(_xlfn.CONCAT("/",$B$1,"/",$B$2,"/",D86,"@V_Unit=",F86))} -> #N/A | F86: degC | G86: =100*(E86-B86)/B86 -> #N/A
A88: EX03
A89: TT_01 | B89: =IFERROR(_xlfn.XLOOKUP(A89,'Appendix A'!A:A,'Appendix A'!G:G),"") -> 30.62 | C89: 03TT001 | D89: 03TT001:MeasuredValue | E89: {=_xll.ReadKSpice(_xlfn.CONCAT("/",$B$1,"/",$B$2,"/",D89,"@V_Unit=",F89))} -> #N/A | F89: degC | G89: =100*(E89-B89)/B89 -> #N/A
A91: EX04
A92: TT_02 | B92: =IFERROR(_xlfn.XLOOKUP(A92,'Appendix A'!A:A,'Appendix A'!G:G),"") -> 25.99 | C92: 04TT002 | D92: 04TT002:MeasuredValue | E92: {=_xll.ReadKSpice(_xlfn.CONCAT("/",$B$1,"/",$B$2,"/",D92,"@V_Unit=",F92))} -> #N/A | F92: degC | G92: =100*(E92-B92)/B92 -> #N/A
A94: UKJENT PLASSERING
A95: FT_VASK | B95: =IFERROR(_xlfn.XLOOKUP(A95,'Appendix A'!A:A,'Appendix A'!G:G),"") -> 264.18 | E95: {=_xll.ReadKSpice(_xlfn.CONCAT("/",$B$1,"/",$B$2,"/",D95,"@V_Unit=",F95))} -> #N/A | F95: kg/h | G95: =100*(E95-B95)/B95 -> #N/A
A96: QT_100 | B96: =IFERROR(_xlfn.XLOOKUP(A96,'Appendix A'!A:A,'Appendix A'!G:G),"") -> 1.069 | E96: {=_xll.ReadKSpice(_xlfn.CONCAT("/",$B$1,"/",$B$2,"/",D96,"@V_Unit=",F96))} -> #N/A | F96: kg/l | G96: =100*(E96-B96)/B96 -> #N/A
A97: QT_101 | B97: =IFERROR(_xlfn.XLOOKUP(A97,'Appendix A'!A:A,'Appendix A'!G:G),"") -> 1.092 | E97: {=_xll.ReadKSpice(_xlfn.CONCAT("/",$B$1,"/",$B$2,"/",D97,"@V_Unit=",F97))} -> #N/A | F97: kg/l | G97: =100*(E97-B97)/B97 -> #N/A
A98: TI_05 | B98: =IFERROR(_xlfn.XLOOKUP(A98,'Appendix A'!A:A,'Appendix A'!G:G),"") -> 38.44 | E98: {=_xll.ReadKSpice(_xlfn.CONCAT("/",$B$1,"/",$B$2,"/",D98,"@V_Unit=",F98))} -> #N/A | F98: degC | G98: =100*(E98-B98)/B98 -> #N/A
A99: TT_03 | B99: =IFERROR(_xlfn.XLOOKUP(A99,'Appendix A'!A:A,'Appendix A'!G:G),"") -> 39.07 | E99: {=_xll.ReadKSpice(_xlfn.CONCAT("/",$B$1,"/",$B$2,"/",D99,"@V_Unit=",F99))} -> #N/A | F99: degC | G99: =100*(E99-B99)/B99 -> #N/A

Sheet SS case 6
A1: Timeline: | B1: Engineering
A2: Model server: | B2: ProcessModel
A4: Case: | B4: 6
A6: Fargevisning:
A7: Grønn: | B7: 0 | C7: 5
A8: Gul: | B8: 5 | C8: 10
A9: Rød: | B9: 10 | C9: 100
A11: TAG in literature | B11: Value from Appendix A | C11: TAG in model | D11: Data-tag in model | E11: SimulatedValue | F11: unit | G11: % deviation | H11: Comment
A12: SETPOINTS SET IN MCL
A13: FT06 | B13: =IFERROR(_xlfn.XLOOKUP(A13,'Appendix A'!A:A,'Appendix A'!H:H),"") -> 118.96 | C13: 00FIC001 | D13: 00FIC001:InternalSetpoint | E13: {=_xll.ReadKSpice(_xlfn.CONCAT("/",$B$1,"/",$B$2,"/",D13,"@V_Unit=",F13))} -> #N/A | F13: m3/h | G13: =100*(E13-B13)/B13 -> #N/A | H13: Gas Flow Rate
A14: FT_100 | B14: =IFERROR(_xlfn.XLOOKUP(A14,'Appendix A'!A:A,'Appendix A'!H:H),"") -> 178.72 | C14: 00FC001 | D14: 00FC001:InternalSetpoint | E14: {=_xll.ReadKSpice(_xlfn.CONCAT("/",$B$1,"/",$B$2,"/",D14,"@V_Unit=",F14))} -> #N/A | F14: kg/h | G14: =100*(E14-B14)/B14 -> #N/A | H14: Solvent Flow Rate Lean input
A15: PI_103 | B15: =IFERROR(_xlfn.XLOOKUP(A15,'Appendix A'!A:A,'Appendix A'!H:H),"") -> 1042.66 | C15: 00PIC001 | D15: 00PIC001:InternalSetpoint | E15: {=_xll.ReadKSpice(_xlfn.CONCAT("/",$B$1,"/",$B$2,"/",D15,"@V_Unit=",F15))} -> #N/A | F15: mbara | G15: =100*(E15-B15)/B15 -> #N/A | H15: Pressure of flue gas boundry
A16: TA08 | B16: =IFERROR(_xlfn.XLOOKUP(A16,'Appendix A'!A:A,'Appendix A'!H:H),"") -> 46.94 | C16: LeanMEA_inn | D16: LeanMEA_inn:InstructorTemperature | E16: {=_xll.ReadKSpice(_xlfn.CONCAT("/",$B$1,"/",$B$2,"/",D16,"@V_Unit=",F16))} -> #N/A | F16: degC | G16: =100*(E16-B16)/B16 -> #N/A | H16: Temperature Lean Solvent LeanMEA_inn
A17: TA08 | B17: =IFERROR(_xlfn.XLOOKUP(A17,'Appendix A'!A:A,'Appendix A'!H:H),"") -> 46.94 | C17: 02TIC002 | D17: 02TIC002:InternalSetpoint | E17: {=_xll.ReadKSpice(_xlfn.CONCAT("/",$B$1,"/",$B$2,"/",D17,"@V_Unit=",F17))} -> #N/A | F17: degC | G17: =100*(E17-B17)/B17 -> #N/A | H17: Temperature Lean Solvent LeanMEA_ut
A18: HE_04/05/06 | B18: =IFERROR(_xlfn.XLOOKUP(A18,'Appendix A'!A:A,'Appendix A'!H:H),"") -> 6.13 | C18: 02QIC001 | D18: 02QIC001:InternalSetpoint | E18: {=_xll.ReadKSpice(_xlfn.CONCAT("/",$B$1,"/",$B$2,"/",D18,"@V_Unit=",F18))} -> #N/A | F18: kW | G18: =100*(E18-B18)/B18 -> #N/A | H18: Reboiler Duty
A19: TAB | B19: =IFERROR(_xlfn.XLOOKUP(A19,'Appendix A'!A:A,'Appendix A'!H:H),"") -> 38.93 | C19: 00TIC000 | D19: 00TIC000:InternalSetpoint | E19: {=_xll.ReadKSpice(_xlfn.CONCAT("/",$B$1,"/",$B$2,"/",D19,"@V_Unit=",F19))} -> #N/A | F19: degC | G19: =100*(E19-B19)/B19 -> #N/A | H19: Absorber Inlet CO2 Temperature
B20: 0.34 | C20: LAL_IN | D20: LAL_IN:Output | E20: {=_xll.ReadKSpice(_xlfn.CONCAT("/",$B$1,"/",$B$2,"/",D20,"@V_Unit=",F20))} -> #N/A | F20: mol/mol | G20: =100*(E20-B20)/B20 -> #N/A | H20: CO2 Loading Lean input
A21: PI_100 | B21: =IFERROR(_xlfn.XLOOKUP(A21,'Appendix A'!A:A,'Appendix A'!H:H),"") -> 1030.53 | C21: 00PIC002 | D21: 00PIC002:InternalSetpoint | E21: {=_xll.ReadKSpice(_xlfn.CONCAT("/",$B$1,"/",$B$2,"/",D21,"@V_Unit=",F21))} -> #N/A | F21: mbara | G21: =100*(E21-B21)/B21 -> #N/A | H21: Pressure in absorber
A22: PT_02 | B22: =IFERROR(_xlfn.XLOOKUP(A22,'Appendix A'!A:A,'Appendix A'!H:H),"") -> 0.7 | C22: 04PIC001 | D22: 04PIC001:InternalSetpoint | E22: {=_xll.ReadKSpice(_xlfn.CONCAT("/",$B$1,"/",$B$2,"/",D22,"@V_Unit=",F22))} -> #N/A | F22: barg | G22: =100*(E22-B22)/B22 -> #N/A | H22: Pressure in reboiler
A23: TT_01 | B23: =IFERROR(_xlfn.XLOOKUP(A23,'Appendix A'!A:A,'Appendix A'!H:H),"") -> 30.63 | C23: 03TIC001 | D23: 03TIC001:InternalSetpoint | E23: {=_xll.ReadKSpice(_xlfn.CONCAT("/",$B$1,"/",$B$2,"/",D23,"@V_Unit=",F23))} -> #N/A | F23: degC | G23: =100*(E23-B23)/B23 -> #N/A | H23: EX03 cooling loop
A24: TT_02 | B24: =IFERROR(_xlfn.XLOOKUP(A24,'Appendix A'!A:A,'Appendix A'!H:H),"") -> 16.98 | C24: 04TIC001 | D24: 04TIC001:InternalSetpoint | E24: {=_xll.ReadKSpice(_xlfn.CONCAT("/",$B$1,"/",$B$2,"/",D24,"@V_Unit=",F24))} -> #N/A | F24: degC | G24: =100*(E24-B24)/B24 -> #N/A | H24: EX04 cooling loop
A26: FLOW INTO ABSORBER
A27: FT06 | B27: =IFERROR(_xlfn.XLOOKUP(A27,'Appendix A'!A:A,'Appendix A'!H:H),"") -> 118.96 | C27: 00FT001 | D27: 00FT001:MeasuredValue | E27: {=_xll.ReadKSpice(_xlfn.CONCAT("/",$B$1,"/",$B$2,"/",D27,"@V_Unit=",F27))} -> #N/A | F27: m3/h | G27: =100*(E27-B27)/B27 -> #N/A
A28: PI_103 | B28: =IFERROR(_xlfn.XLOOKUP(A28,'Appendix A'!A:A,'Appendix A'!H:H),"") -> 1042.66 | C28: 00PT001 | D28: 00PT001:MeasuredValue | E28: {=_xll.ReadKSpice(_xlfn.CONCAT("/",$B$1,"/",$B$2,"/",D28,"@V_Unit=",F28))} -> #N/A | F28: mbara | G28: =100*(E28-B28)/B28 -> #N/A
A29: TV5 | B29: =IFERROR(_xlfn.XLOOKUP(A29,'Appendix A'!A:A,'Appendix A'!H:H),"") -> 40.71 | C29: 00TAB000 | D29: 00TAB000:MeasuredValue | E29: {=_xll.ReadKSpice(_xlfn.CONCAT("/",$B$1,"/",$B$2,"/",D29,"@V_Unit=",F29))} -> #N/A | F29: degC | G29: =100*(E29-B29)/B29 -> #N/A
A30: FT_100 | B30: =IFERROR(_xlfn.XLOOKUP(A30,'Appendix A'!A:A,'Appendix A'!H:H),"") -> 178.72 | C30: 00FT003 | D30: 00FT003:MeasuredValue | E30: {=_xll.ReadKSpice(_xlfn.CONCAT("/",$B$1,"/",$B$2,"/",D30,"@V_Unit=",F30))} -> #N/A | F30: kg/h | G30: =100*(E30-B30)/B30 -> #N/A
A31: TA08 | B31: =IFERROR(_xlfn.XLOOKUP(A31,'Appendix A'!A:A,'Appendix A'!H:H),"") -> 46.94 | C31: LeanAmineInput | D31: LeanAmineInput:OutletStream.t | E31: {=_xll.ReadKSpice(_xlfn.CONCAT("/",$B$1,"/",$B$2,"/",D31,"@V_Unit=",F31))} -> #N/A | F31: degC | G31: =100*(E31-B31)/B31 -> #N/A | H31: Temperature Lean Solvent LeanMEA_inn
A32: TA08 | B32: =IFERROR(_xlfn.XLOOKUP(A32,'Appendix A'!A:A,'Appendix A'!H:H),"") -> 46.94 | C32: 02TT002 | D32: 02TT002:MeasuredValue | E32: {=_xll.ReadKSpice(_xlfn.CONCAT("/",$B$1,"/",$B$2,"/",D32,"@V_Unit=",F32))} -> #N/A | F32: degC | G32: =100*(E32-B32)/B32 -> #N/A | H32: Temperature Lean Solvent LeanMEA_ut
A34: ABSORBER
A35: CO2_IN | B35: =IFERROR(_xlfn.XLOOKUP(A35,'Appendix A'!A:A,'Appendix A'!H:H),"") -> 5.41 | C35: GasToAbsorber | D35: GasToAbsorber:OutputCompositionVector[4] | E35: {=_xll.ReadKSpice(_xlfn.CONCAT("/",$B$1,"/",$B$2,"/",D35,"@V_Unit=",F35))} -> #N/A | F35: % | G35: =100*(E35-B35)/B35 -> #N/A | H35: % CO2
A36: CO2_OUT (Gas) | B36: =IFERROR(_xlfn.XLOOKUP(A36,'Appendix A'!A:A,'Appendix A'!D:D),"") | C36: GasFromAbsorber | D36: GasFromAbsorber:OutputCompositionVector[4] | E36: {=_xll.ReadKSpice(_xlfn.CONCAT("/",$B$1,"/",$B$2,"/",D36,"@V_Unit=",F36))} -> #N/A | F36: % | H36: CO2 in gas form
A37: CO2_OUT (In MEA) | B37: =IFERROR(_xlfn.XLOOKUP(A37,'Appendix A'!A:A,'Appendix A'!D:D),"") | C37: GasFromAbsorber | D37: GasFromAbsorber:OutputCompositionVector[2] | E37: {=_xll.ReadKSpice(_xlfn.CONCAT("/",$B$1,"/",$B$2,"/",D37,"@V_Unit=",F37))} -> #N/A | F37: % | H37: CO2 in MEA
A38: CO2_OUT | B38: =IFERROR(_xlfn.XLOOKUP(A38,'Appendix A'!A:A,'Appendix A'!H:H),"") -> 3.09 | C38: GasFromAbsorber | E38: =E37+E36 -> #N/A | F38: % | G38: =100*(E38-B38)/B38 -> #N/A | H38: Combined CO2 % in treated gas
A39: PI_100 | B39: =IFERROR(_xlfn.XLOOKUP(A39,'Appendix A'!A:A,'Appendix A'!H:H),"") -> 1030.53 | C39: 00PI100 | D39: 00PI100:MeasuredValue | E39: {=_xll.ReadKSpice(_xlfn.CONCAT("/",$B$1,"/",$B$2,"/",D39,"@V_Unit=",F39))} -> #N/A | F39: mbara | G39: =100*(E39-B39)/B39 -> #N/A
A40: PI_102 | B40: =IFERROR(_xlfn.XLOOKUP(A40,'Appendix A'!A:A,'Appendix A'!H:H),"") -> 1038.75 | C40: 00PI102 | D40: 00PI102:MeasuredValue | E40: {=_xll.ReadKSpice(_xlfn.CONCAT("/",$B$1,"/",$B$2,"/",D40,"@V_Unit=",F40))} -> #N/A | F40: mbara | G40: =100*(E40-B40)/B40 -> #N/A
A41: TAB | B41: =IFERROR(_xlfn.XLOOKUP(A41,'Appendix A'!A:A,'Appendix A'!H:H),"") -> 38.93 | C41: 00TAB000 | D41: 00TAB000:MeasuredValue | E41: {=_xll.ReadKSpice(_xlfn.CONCAT("/",$B$1,"/",$B$2,"/",D41,"@V_Unit=",F41))} -> #N/A | F41: degC | G41: =100*(E41-B41)/B41 -> #N/A | H41: Lik TV5? Det er samme transpimmer i K-spice
A42: TA00 | B42: =IFERROR(_xlfn.XLOOKUP(A42,'Appendix A'!A:A,'Appendix A'!H:H),"") -> 35.78 | C42: 00TA000 | D42: 00TA000:MeasuredValue | E42: {=_xll.ReadKSpice(_xlfn.CONCAT("/",$B$1,"/",$B$2,"/",D42,"@V_Unit=",F42))} -> #N/A | F42: degC | G42: =100*(E42-B42)/B42 -> #N/A
A43: TA01 | B43: =IFERROR(_xlfn.XLOOKUP(A43,'Appendix A'!A:A,'Appendix A'!H:H),"") -> 36.56 | C43: 00TA001 | D43: 00TA001:MeasuredValue | E43: {=_xll.ReadKSpice(_xlfn.CONCAT("/",$B$1,"/",$B$2,"/",D43,"@V_Unit=",F43))} -> #N/A | F43: degC | G43: =100*(E43-B43)/B43 -> #N/A
A44: TA02 | B44: =IFERROR(_xlfn.XLOOKUP(A44,'Appendix A'!A:A,'Appendix A'!H:H),"") -> 37.27 | C44: 00TA002 | D44: 00TA002:MeasuredValue | E44: {=_xll.ReadKSpice(_xlfn.CONCAT("/",$B$1,"/",$B$2,"/",D44,"@V_Unit=",F44))} -> #N/A | F44: degC | G44: =100*(E44-B44)/B44 -> #N/A
A45: TA03 | B45: =IFERROR(_xlfn.XLOOKUP(A45,'Appendix A'!A:A,'Appendix A'!H:H),"") -> 37.96 | C45: 00TA003 | D45: 00TA003:MeasuredValue | E45: {=_xll.ReadKSpice(_xlfn.CONCAT("/",$B$1,"/",$B$2,"/",D45,"@V_Unit=",F45))} -> #N/A | F45: degC | G45: =100*(E45-B45)/B45 -> #N/A
A46: TA04 | B46: =IFERROR(_xlfn.XLOOKUP(A46,'Appendix A'!A:A,'Appendix A'!H:H),"") -> 38.75 | C46: 00TA004 | D46: 00TA004:MeasuredValue | E46: {=_xll.ReadKSpice(_xlfn.CONCAT("/",$B$1,"/",$B$2,"/",D46,"@V_Unit=",F46))} -> #N/A | F46: degC | G46: =100*(E46-B46)/B46 -> #N/A
A47: TA05 | B47: =IFERROR(_xlfn.XLOOKUP(A47,'Appendix A'!A:A,'Appendix A'!H:H),"") -> 42.86 | C47: 00TA005 | D47: 00TA005:MeasuredValue | E47: {=_xll.ReadKSpice(_xlfn.CONCAT("/",$B$1,"/",$B$2,"/",D47,"@V_Unit=",F47))} -> #N/A | F47: degC | G47: =100*(E47-B47)/B47 -> #N/A
A48: TA06 | B48: =IFERROR(_xlfn.XLOOKUP(A48,'Appendix A'!A:A,'Appendix A'!H:H),"") -> 48.13 | C48: 00TA006 | D48: 00TA006:MeasuredValue | E48: {=_xll.ReadKSpice(_xlfn.CONCAT("/",$B$1,"/",$B$2,"/",D48,"@V_Unit=",F48))} -> #N/A | F48: degC | G48: =100*(E48-B48)/B48 -> #N/A
A49: TA07 | B49: =IFERROR(_xlfn.XLOOKUP(A49,'Appendix A'!A:A,'Appendix A'!H:H),"") -> 49.21 | C49: 00TA007 | D49: 00TA007:MeasuredValue | E49: {=_xll.ReadKSpice(_xlfn.CONCAT("/",$B$1,"/",$B$2,"/",D49,"@V_Unit=",F49))} -> #N/A | F49: degC | G49: =100*(E49-B49)/B49 -> #N/A
A50: TI_15 | B50: =IFERROR(_xlfn.XLOOKUP(A50,'Appendix A'!A:A,'Appendix A'!H:H),"") -> 45.73 | C50: 00TI015 | D50: 00TI015:MeasuredValue | E50: {=_xll.ReadKSpice(_xlfn.CONCAT("/",$B$1,"/",$B$2,"/",D50,"@V_Unit=",F50))} -> #N/A | F50: degC | G50: =100*(E50-B50)/B50 -> #N/A
A51: PT11 | B51: =IFERROR(_xlfn.XLOOKUP(A51,'Appendix A'!A:A,'Appendix A'!H:H),"") -> 6.49 | F51: l
A52: LT_01 | B52: =IFERROR(_xlfn.XLOOKUP(A52,'Appendix A'!A:A,'Appendix A'!H:H),"") -> 11.95 | F52: l | H52: Antar dette er extra column (dp)
A53: PT11 + LT_01 | B53: =B51+B52 -> 18.44 | C53: 00QIT001 | D53: 00QIT001:MeasuredValue | E53: {=_xll.ReadKSpice(_xlfn.CONCAT("/",$B$1,"/",$B$2,"/",D53,"@V_Unit=",F53))} -> #N/A | F53: l | G53: =100*(E53-B53)/B53 -> #N/A | H53: Absorber drum i K-spice = PT11 + LT_01
A55: FLOW OUT OF ABSORBER
A56: FT_101 | B56: =IFERROR(_xlfn.XLOOKUP(A56,'Appendix A'!A:A,'Appendix A'!H:H),"") -> 180.31 | C56: 00FT101 | D56: 00FT101:MeasuredValue | E56: {=_xll.ReadKSpice(_xlfn.CONCAT("/",$B$1,"/",$B$2,"/",D56,"@V_Unit=",F56))} -> #N/A | F56: kg/h | G56: =100*(E56-B56)/B56 -> #N/A
A57: TI_01 | B57: =IFERROR(_xlfn.XLOOKUP(A57,'Appendix A'!A:A,'Appendix A'!H:H),"") -> 35.76 | F57: degC | H57: Denne eksisterer ikke i K-Spice
A58: TI_03 | B58: =IFERROR(_xlfn.XLOOKUP(A58,'Appendix A'!A:A,'Appendix A'!H:H),"") -> 41.79 | C58: 00TI003 | D58: 00TI003:MeasuredValue | E58: {=_xll.ReadKSpice(_xlfn.CONCAT("/",$B$1,"/",$B$2,"/",D58,"@V_Unit=",F58))} -> #N/A | F58: degC | G58: =100*(E58-B58)/B58 -> #N/A
A59: TI_04 | B59: =IFERROR(_xlfn.XLOOKUP(A59,'Appendix A'!A:A,'Appendix A'!H:H),"") -> 35.14 | C59: 00TI004 | D59: 00TI004:MeasuredValue | E59: {=_xll.ReadKSpice(_xlfn.CONCAT("/",$B$1,"/",$B$2,"/",D59,"@V_Unit=",F59))} -> #N/A | F59: degC | G59: =100*(E59-B59)/B59 -> #N/A
A61: DESORBER
A62: TS01 | B62: =IFERROR(_xlfn.XLOOKUP(A62,'Appendix A'!A:A,'Appendix A'!H:H),"") -> 111.46 | C62: 01TS001 | D62: 01TS001:MeasuredValue | E62: {=_xll.ReadKSpice(_xlfn.CONCAT("/",$B$1,"/",$B$2,"/",D62,"@V_Unit=",F62))} -> #N/A | F62: degC | G62: =100*(E62-B62)/B62 -> #N/A
A63: TS02 | B63: =IFERROR(_xlfn.XLOOKUP(A63,'Appendix A'!A:A,'Appendix A'!H:H),"") -> 98.98 | C63: 01TS002 | D63: 01TS002:MeasuredValue | E63: {=_xll.ReadKSpice(_xlfn.CONCAT("/",$B$1,"/",$B$2,"/",D63,"@V_Unit=",F63))} -> #N/A | F63: degC | G63: =100*(E63-B63)/B63 -> #N/A
A64: TS03 | B64: =IFERROR(_xlfn.XLOOKUP(A64,'Appendix A'!A:A,'Appendix A'!H:H),"") -> 99.03 | C64: 01TS003 | D64: 01TS003:MeasuredValue | E64: {=_xll.ReadKSpice(_xlfn.CONCAT("/",$B$1,"/",$B$2,"/",D64,"@V_Unit=",F64))} -> #N/A | F64: degC | G64: =100*(E64-B64)/B64 -> #N/A
A65: TS04 | B65: =IFERROR(_xlfn.XLOOKUP(A65,'Appendix A'!A:A,'Appendix A'!H:H),"") -> 99.37 | C65: 01TS004 | D65: 01TS004:MeasuredValue | E65: {=_xll.ReadKSpice(_xlfn.CONCAT("/",$B$1,"/",$B$2,"/",D65,"@V_Unit=",F65))} -> #N/A | F65: degC | G65: =100*(E65-B65)/B65 -> #N/A
A66: TS05 | B66: =IFERROR(_xlfn.XLOOKUP(A66,'Appendix A'!A:A,'Appendix A'!H:H),"") -> 99.56 | C66: 01TS005 | D66: 01TS005:MeasuredValue | E66: {=_xll.ReadKSpice(_xlfn.CONCAT("/",$B$1,"/",$B$2,"/",D66,"@V_Unit=",F66))} -> #N/A | F66: degC | G66: =100*(E66-B66)/B66 -> #N/A
A67: TI_07 | B67: =IFERROR(_xlfn.XLOOKUP(A67,'Appendix A'!A:A,'Appendix A'!H:H),"") -> 100.05 | C67: 01TI007 | D67: 01TI007:MeasuredValue | E67: {=_xll.ReadKSpice(_xlfn.CONCAT("/",$B$1,"/",$B$2,"/",D67,"@V_Unit=",F67))} -> #N/A | F67: degC | G67: =100*(E67-B67)/B67 -> #N/A
A68: TI_09 | B68: =IFERROR(_xlfn.XLOOKUP(A68,'Appendix A'!A:A,'Appendix A'!H:H),"") -> 106.07 | C68: 01TI009 | D68: 01TI009:MeasuredValue | E68: {=_xll.ReadKSpice(_xlfn.CONCAT("/",$B$1,"/",$B$2,"/",D68,"@V_Unit=",F68))} -> #N/A | F68: degC | G68: =100*(E68-B68)/B68 -> #N/A
A69: TI_11 | B69: =IFERROR(_xlfn.XLOOKUP(A69,'Appendix A'!A:A,'Appendix A'!H:H),"") -> 97.97 | C69: 01TI011 | D69: 01TI011:MeasuredValue | E69: {=_xll.ReadKSpice(_xlfn.CONCAT("/",$B$1,"/",$B$2,"/",D69,"@V_Unit=",F69))} -> #N/A | F69: degC | G69: =100*(E69-B69)/B69 -> #N/A
A71: REBOILER
A72: FT_EH | B72: =IFERROR(_xlfn.XLOOKUP(A72,'Appendix A'!A:A,'Appendix A'!H:H),"") -> 2.11 | C72: 04FT001 | D72: 04FT001:MeasuredValue | E72: {=_xll.ReadKSpice(_xlfn.CONCAT("/",$B$1,"/",$B$2,"/",D72,"@V_Unit=",F72))} -> #N/A | F72: kg/h | G72: =100*(E72-B72)/B72 -> #N/A
A73: HE_04/05/06 | B73: =IFERROR(_xlfn.XLOOKUP(A73,'Appendix A'!A:A,'Appendix A'!H:H),"") -> 6.13 | C73: 02QI001 | D73: 02QI001:MeasuredValue | E73: {=_xll.ReadKSpice(_xlfn.CONCAT("/",$B$1,"/",$B$2,"/",D73,"@V_Unit=",F73))} -> #N/A | F73: kW | G73: =100*(E73-B73)/B73 -> #N/A
A74: LT_02 | B74: =IFERROR(_xlfn.XLOOKUP(A74,'Appendix A'!A:A,'Appendix A'!H:H),"") -> 54.75 | C74: 02QIT001 | D74: 02QIT001:MeasuredValue | E74: {=_xll.ReadKSpice(_xlfn.CONCAT("/",$B$1,"/",$B$2,"/",D74,"@V_Unit=",F74))} -> #N/A | F74: l | G74: =100*(E74-B74)/B74 -> #N/A
A75: PT_02 | B75: =IFERROR(_xlfn.XLOOKUP(A75,'Appendix A'!A:A,'Appendix A'!H:H),"") -> 0.7 | C75: 02PI002 | D75: 02PI002:MeasuredValue | E75: {=_xll.ReadKSpice(_xlfn.CONCAT("/",$B$1,"/",$B$2,"/",D75,"@V_Unit=",F75))} -> #N/A | F75: barg | G75: =100*(E75-B75)/B75 -> #N/A
A76: TI_08 | B76: =IFERROR(_xlfn.XLOOKUP(A76,'Appendix A'!A:A,'Appendix A'!H:H),"") -> 15.2 | C76: 04TI008 | D76: 04TI008:MeasuredValue | E76: {=_xll.ReadKSpice(_xlfn.CONCAT("/",$B$1,"/",$B$2,"/",D76,"@V_Unit=",F76))} -> #N/A | F76: degC | G76: =100*(E76-B76)/B76 -> #N/A
A77: TI10 | B77: =IFERROR(_xlfn.XLOOKUP(A77,'Appendix A'!A:A,'Appendix A'!H:H),"") -> 113.05 | C77: 02TI010 | D77: 02TI010:MeasuredValue | E77: {=_xll.ReadKSpice(_xlfn.CONCAT("/",$B$1,"/",$B$2,"/",D77,"@V_Unit=",F77))} -> #N/A | F77: degC | G77: =100*(E77-B77)/B77 -> #N/A
A79: CONDENSER
A80: FT_EM | B80: =IFERROR(_xlfn.XLOOKUP(A80,'Appendix A'!A:A,'Appendix A'!H:H),"") -> 4.95 | C80: 04FT004 | D80: 04FT004:MeasuredValue | E80: {=_xll.ReadKSpice(_xlfn.CONCAT("/",$B$1,"/",$B$2,"/",D80,"@V_Unit=",F80))} -> #N/A | F80: kg/h | G80: =100*(E80-B80)/B80 -> #N/A
A81: PT_04 | B81: =IFERROR(_xlfn.XLOOKUP(A81,'Appendix A'!A:A,'Appendix A'!H:H),"") -> 0.69 | C81: 04PT004 | D81: 04PT004:MeasuredValue | E81: {=_xll.ReadKSpice(_xlfn.CONCAT("/",$B$1,"/",$B$2,"/",D81,"@V_Unit=",F81))} -> #N/A | F81: barg | G81: =100*(E81-B81)/B81 -> #N/A
A83: EX01 | B83: =IFERROR(_xlfn.XLOOKUP(A83,'Appendix A'!A:A,'Appendix A'!D:D),"")
A84: TT103 | B84: =IFERROR(_xlfn.XLOOKUP(A84,'Appendix A'!A:A,'Appendix A'!H:H),"") -> 38.06 | C84: 01TT103 | D84: 01TT103:MeasuredValue | E84: {=_xll.ReadKSpice(_xlfn.CONCAT("/",$B$1,"/",$B$2,"/",D84,"@V_Unit=",F84))} -> #N/A | F84: degC | G84: =100*(E84-B84)/B84 -> #N/A
A85: TI_20 | B85: =IFERROR(_xlfn.XLOOKUP(A85,'Appendix A'!A:A,'Appendix A'!E:E),"") | C85: 02TI020 | D85: 02TI020:MeasuredValue | E85: {=_xll.ReadKSpice(_xlfn.CONCAT("/",$B$1,"/",$B$2,"/",D85,"@V_Unit=",F85))} -> #N/A | F85: degC | G85: =100*(E85-B85)/B85 -> #N/A | H85: Finnes ikke i Appendix A
A86: TI_06 | B86: =IFERROR(_xlfn.XLOOKUP(A86,'Appendix A'!A:A,'Appendix A'!H:H),"") -> 103.18 | C86: 01TI006 | D86: 01TI006:MeasuredValue | E86: {=_xll.ReadKSpice(_xlfn.CONCAT("/",$B$1,"/",$B$2,"/",D86,"@V_Unit=",F86))} -> #N/A | F86: degC | G86: =100*(E86-B86)/B86 -> #N/A
A88: EX03
A89: TT_01 | B89: =IFERROR(_xlfn.XLOOKUP(A89,'Appendix A'!A:A,'Appendix A'!H:H),"") -> 30.63 | C89: 03TT001 | D89: 03TT001:MeasuredValue | E89: {=_xll.ReadKSpice(_xlfn.CONCAT("/",$B$1,"/",$B$2,"/",D89,"@V_Unit=",F89))} -> #N/A | F89: degC | G89: =100*(E89-B89)/B89 -> #N/A
A91: EX04
A92: TT_02 | B92: =IFERROR(_xlfn.XLOOKUP(A92,'Appendix A'!A:A,'Appendix A'!H:H),"") -> 16.98 | C92: 04TT002 | D92: 04TT002:MeasuredValue | E92: {=_xll.ReadKSpice(_xlfn.CONCAT("/",$B$1,"/",$B$2,"/",D92,"@V_Unit=",F92))} -> #N/A | F92: degC | G92: =100*(E92-B92)/B92 -> #N/A
A94: UKJENT PLASSERING
A95: FT_VASK | B95: =IFERROR(_xlfn.XLOOKUP(A95,'Appendix A'!A:A,'Appendix A'!H:H),"") -> 196.66 | E95: {=_xll.ReadKSpice(_xlfn.CONCAT("/",$B$1,"/",$B$2,"/",D95,"@V_Unit=",F95))} -> #N/A | F95: kg/h | G95: =100*(E95-B95)/B95 -> #N/A
A96: QT_100 | B96: =IFERROR(_xlfn.XLOOKUP(A96,'Appendix A'!A:A,'Appendix A'!H:H),"") -> 1.075 | E96: {=_xll.ReadKSpice(_xlfn.CONCAT("/",$B$1,"/",$B$2,"/",D96,"@V_Unit=",F96))} -> #N/A | F96: kg/l | G96: =100*(E96-B96)/B96 -> #N/A
A97: QT_101 | B97: =IFERROR(_xlfn.XLOOKUP(A97,'Appendix A'!A:A,'Appendix A'!H:H),"") -> 1.102 | E97: {=_xll.ReadKSpice(_xlfn.CONCAT("/",$B$1,"/",$B$2,"/",D97,"@V_Unit=",F97))} -> #N/A | F97: kg/l | G97: =100*(E97-B97)/B97 -> #N/A
A98: TI_05 | B98: =IFERROR(_xlfn.XLOOKUP(A98,'Appendix A'!A:A,'Appendix A'!H:H),"") -> 36.3 | E98: {=_xll.ReadKSpice(_xlfn.CONCAT("/",$B$1,"/",$B$2,"/",D98,"@V_Unit=",F98))} -> #N/A | F98: degC | G98: =100*(E98-B98)/B98 -> #N/A
A99: TT_03 | B99: =IFERROR(_xlfn.XLOOKUP(A99,'Appendix A'!A:A,'Appendix A'!H:H),"") -> 37.1 | E99: {=_xll.ReadKSpice(_xlfn.CONCAT("/",$B$1,"/",$B$2,"/",D99,"@V_Unit=",F99))} -> #N/A | F99: degC | G99: =100*(E99-B99)/B99 -> #N/A

Sheet SS case 7
A1: Timeline: | B1: Engineering
A2: Model server: | B2: ProcessModel
A4: Case: | B4: 7
A6: Fargevisning:
A7: Grønn: | B7: 0 | C7: 5
A8: Gul: | B8: 5 | C8: 10
A9: Rød: | B9: 10 | C9: 100
A11: TAG in literature | B11: Value from Appendix A | C11: TAG in model | D11: Data-tag in model | E11: SimulatedValue | F11: unit | G11: % deviation | H11: Comment
A12: SETPOINTS SET IN MCL
A13: FT06 | B13: =IFERROR(_xlfn.XLOOKUP(A13,'Appendix A'!A:A,'Appendix A'!I:I),"") -> 118.87 | C13: 00FIC001 | D13: 00FIC001:InternalSetpoint | E13: {=_xll.ReadKSpice(_xlfn.CONCAT("/",$B$1,"/",$B$2,"/",D13,"@V_Unit=",F13))} -> #N/A | F13: m3/h | G13: =100*(E13-B13)/B13 -> #N/A | H13: Gas Flow Rate
A14: FT_100 | B14: =IFERROR(_xlfn.XLOOKUP(A14,'Appendix A'!A:A,'Appendix A'!I:I),"") -> 238.82 | C14: 00FC001 | D14: 00FC001:InternalSetpoint | E14: {=_xll.ReadKSpice(_xlfn.CONCAT("/",$B$1,"/",$B$2,"/",D14,"@V_Unit=",F14))} -> #N/A | F14: kg/h | G14: =100*(E14-B14)/B14 -> #N/A | H14: Solvent Flow Rate Lean input
A15: PI_103 | B15: =IFERROR(_xlfn.XLOOKUP(A15,'Appendix A'!A:A,'Appendix A'!I:I),"") -> 1045.31 | C15: 00PIC001 | D15: 00PIC001:InternalSetpoint | E15: {=_xll.ReadKSpice(_xlfn.CONCAT("/",$B$1,"/",$B$2,"/",D15,"@V_Unit=",F15))} -> #N/A | F15: mbara | G15: =100*(E15-B15)/B15 -> #N/A | H15: Pressure of flue gas boundry
A16: TA08 | B16: =IFERROR(_xlfn.XLOOKUP(A16,'Appendix A'!A:A,'Appendix A'!I:I),"") -> 50.02 | C16: LeanMEA_inn | D16: LeanMEA_inn:InstructorTemperature | E16: {=_xll.ReadKSpice(_xlfn.CONCAT("/",$B$1,"/",$B$2,"/",D16,"@V_Unit=",F16))} -> #N/A | F16: degC | G16: =100*(E16-B16)/B16 -> #N/A | H16: Temperature Lean Solvent LeanMEA_inn
A17: TA08 | B17: =IFERROR(_xlfn.XLOOKUP(A17,'Appendix A'!A:A,'Appendix A'!I:I),"") -> 50.02 | C17: 02TIC002 | D17: 02TIC002:InternalSetpoint | E17: {=_xll.ReadKSpice(_xlfn.CONCAT("/",$B$1,"/",$B$2,"/",D17,"@V_Unit=",F17))} -> #N/A | F17: degC | G17: =100*(E17-B17)/B17 -> #N/A | H17: Temperature Lean Solvent LeanMEA_ut
A18: HE_04/05/06 | B18: =IFERROR(_xlfn.XLOOKUP(A18,'Appendix A'!A:A,'Appendix A'!I:I),"") -> 8.33 | C18: 02QIC001 | D18: 02QIC001:InternalSetpoint | E18: {=_xll.ReadKSpice(_xlfn.CONCAT("/",$B$1,"/",$B$2,"/",D18,"@V_Unit=",F18))} -> #N/A | F18: kW | G18: =100*(E18-B18)/B18 -> #N/A | H18: Reboiler Duty
A19: TAB | B19: =IFERROR(_xlfn.XLOOKUP(A19,'Appendix A'!A:A,'Appendix A'!I:I),"") -> 39.58 | C19: 00TIC000 | D19: 00TIC000:InternalSetpoint | E19: {=_xll.ReadKSpice(_xlfn.CONCAT("/",$B$1,"/",$B$2,"/",D19,"@V_Unit=",F19))} -> #N/A | F19: degC | G19: =100*(E19-B19)/B19 -> #N/A | H19: Absorber Inlet CO2 Temperature
B20: 0.31 | C20: LAL_IN | D20: LAL_IN:Output | E20: {=_xll.ReadKSpice(_xlfn.CONCAT("/",$B$1,"/",$B$2,"/",D20,"@V_Unit=",F20))} -> #N/A | F20: mol/mol | G20: =100*(E20-B20)/B20 -> #N/A | H20: CO2 Loading Lean input
A21: PI_100 | B21: =IFERROR(_xlfn.XLOOKUP(A21,'Appendix A'!A:A,'Appendix A'!I:I),"") -> 1031.27 | C21: 00PIC002 | D21: 00PIC002:InternalSetpoint | E21: {=_xll.ReadKSpice(_xlfn.CONCAT("/",$B$1,"/",$B$2,"/",D21,"@V_Unit=",F21))} -> #N/A | F21: mbara | G21: =100*(E21-B21)/B21 -> #N/A | H21: Pressure in absorber
A22: PT_02 | B22: =IFERROR(_xlfn.XLOOKUP(A22,'Appendix A'!A:A,'Appendix A'!I:I),"") -> 0.7 | C22: 04PIC001 | D22: 04PIC001:InternalSetpoint | E22: {=_xll.ReadKSpice(_xlfn.CONCAT("/",$B$1,"/",$B$2,"/",D22,"@V_Unit=",F22))} -> #N/A | F22: barg | G22: =100*(E22-B22)/B22 -> #N/A | H22: Pressure in reboiler
A23: TT_01 | B23: =IFERROR(_xlfn.XLOOKUP(A23,'Appendix A'!A:A,'Appendix A'!I:I),"") -> 30.6 | C23: 03TIC001 | D23: 03TIC001:InternalSetpoint | E23: {=_xll.ReadKSpice(_xlfn.CONCAT("/",$B$1,"/",$B$2,"/",D23,"@V_Unit=",F23))} -> #N/A | F23: degC | G23: =100*(E23-B23)/B23 -> #N/A | H23: EX03 cooling loop
A24: TT_02 | B24: =IFERROR(_xlfn.XLOOKUP(A24,'Appendix A'!A:A,'Appendix A'!I:I),"") -> 22.26 | C24: 04TIC001 | D24: 04TIC001:InternalSetpoint | E24: {=_xll.ReadKSpice(_xlfn.CONCAT("/",$B$1,"/",$B$2,"/",D24,"@V_Unit=",F24))} -> #N/A | F24: degC | G24: =100*(E24-B24)/B24 -> #N/A | H24: EX04 cooling loop
A26: FLOW INTO ABSORBER
A27: FT06 | B27: =IFERROR(_xlfn.XLOOKUP(A27,'Appendix A'!A:A,'Appendix A'!I:I),"") -> 118.87 | C27: 00FT001 | D27: 00FT001:MeasuredValue | E27: {=_xll.ReadKSpice(_xlfn.CONCAT("/",$B$1,"/",$B$2,"/",D27,"@V_Unit=",F27))} -> #N/A | F27: m3/h | G27: =100*(E27-B27)/B27 -> #N/A
A28: PI_103 | B28: =IFERROR(_xlfn.XLOOKUP(A28,'Appendix A'!A:A,'Appendix A'!I:I),"") -> 1045.31 | C28: 00PT001 | D28: 00PT001:MeasuredValue | E28: {=_xll.ReadKSpice(_xlfn.CONCAT("/",$B$1,"/",$B$2,"/",D28,"@V_Unit=",F28))} -> #N/A | F28: mbara | G28: =100*(E28-B28)/B28 -> #N/A
A29: TV5 | B29: =IFERROR(_xlfn.XLOOKUP(A29,'Appendix A'!A:A,'Appendix A'!I:I),"") -> 41.86 | C29: 00TAB000 | D29: 00TAB000:MeasuredValue | E29: {=_xll.ReadKSpice(_xlfn.CONCAT("/",$B$1,"/",$B$2,"/",D29,"@V_Unit=",F29))} -> #N/A | F29: degC | G29: =100*(E29-B29)/B29 -> #N/A
A30: FT_100 | B30: =IFERROR(_xlfn.XLOOKUP(A30,'Appendix A'!A:A,'Appendix A'!I:I),"") -> 238.82 | C30: 00FT003 | D30: 00FT003:MeasuredValue | E30: {=_xll.ReadKSpice(_xlfn.CONCAT("/",$B$1,"/",$B$2,"/",D30,"@V_Unit=",F30))} -> #N/A | F30: kg/h | G30: =100*(E30-B30)/B30 -> #N/A
A31: TA08 | B31: =IFERROR(_xlfn.XLOOKUP(A31,'Appendix A'!A:A,'Appendix A'!I:I),"") -> 50.02 | C31: LeanAmineInput | D31: LeanAmineInput:OutletStream.t | E31: {=_xll.ReadKSpice(_xlfn.CONCAT("/",$B$1,"/",$B$2,"/",D31,"@V_Unit=",F31))} -> #N/A | F31: degC | G31: =100*(E31-B31)/B31 -> #N/A | H31: Temperature Lean Solvent LeanMEA_inn
A32: TA08 | B32: =IFERROR(_xlfn.XLOOKUP(A32,'Appendix A'!A:A,'Appendix A'!I:I),"") -> 50.02 | C32: 02TT002 | D32: 02TT002:MeasuredValue | E32: {=_xll.ReadKSpice(_xlfn.CONCAT("/",$B$1,"/",$B$2,"/",D32,"@V_Unit=",F32))} -> #N/A | F32: degC | G32: =100*(E32-B32)/B32 -> #N/A | H32: Temperature Lean Solvent LeanMEA_ut
A34: ABSORBER
A35: CO2_IN | B35: =IFERROR(_xlfn.XLOOKUP(A35,'Appendix A'!A:A,'Appendix A'!I:I),"") -> 4.57 | C35: GasToAbsorber | D35: GasToAbsorber:OutputCompositionVector[4] | E35: {=_xll.ReadKSpice(_xlfn.CONCAT("/",$B$1,"/",$B$2,"/",D35,"@V_Unit=",F35))} -> #N/A | F35: % | G35: =100*(E35-B35)/B35 -> #N/A | H35: % CO2
A36: CO2_OUT (Gas) | B36: =IFERROR(_xlfn.XLOOKUP(A36,'Appendix A'!A:A,'Appendix A'!D:D),"") | C36: GasFromAbsorber | D36: GasFromAbsorber:OutputCompositionVector[4] | E36: {=_xll.ReadKSpice(_xlfn.CONCAT("/",$B$1,"/",$B$2,"/",D36,"@V_Unit=",F36))} -> #N/A | F36: % | H36: CO2 in gas form
A37: CO2_OUT (In MEA) | B37: =IFERROR(_xlfn.XLOOKUP(A37,'Appendix A'!A:A,'Appendix A'!D:D),"") | C37: GasFromAbsorber | D37: GasFromAbsorber:OutputCompositionVector[2] | E37: {=_xll.ReadKSpice(_xlfn.CONCAT("/",$B$1,"/",$B$2,"/",D37,"@V_Unit=",F37))} -> #N/A | F37: % | H37: CO2 in MEA
A38: CO2_OUT | B38: =IFERROR(_xlfn.XLOOKUP(A38,'Appendix A'!A:A,'Appendix A'!I:I),"") -> 1.38 | C38: GasFromAbsorber | E38: =E37+E36 -> #N/A | F38: % | G38: =100*(E38-B38)/B38 -> #N/A | H38: Combined CO2 % in treated gas
A39: PI_100 | B39: =IFERROR(_xlfn.XLOOKUP(A39,'Appendix A'!A:A,'Appendix A'!I:I),"") -> 1031.27 | C39: 00PI100 | D39: 00PI100:MeasuredValue | E39: {=_xll.ReadKSpice(_xlfn.CONCAT("/",$B$1,"/",$B$2,"/",D39,"@V_Unit=",F39))} -> #N/A | F39: mbara | G39: =100*(E39-B39)/B39 -> #N/A
A40: PI_102 | B40: =IFERROR(_xlfn.XLOOKUP(A40,'Appendix A'!A:A,'Appendix A'!I:I),"") -> 1041.48 | C40: 00PI102 | D40: 00PI102:MeasuredValue | E40: {=_xll.ReadKSpice(_xlfn.CONCAT("/",$B$1,"/",$B$2,"/",D40,"@V_Unit=",F40))} -> #N/A | F40: mbara | G40: =100*(E40-B40)/B40 -> #N/A
A41: TAB | B41: =IFERROR(_xlfn.XLOOKUP(A41,'Appendix A'!A:A,'Appendix A'!I:I),"") -> 39.58 | C41: 00TAB000 | D41: 00TAB000:MeasuredValue | E41: {=_xll.ReadKSpice(_xlfn.CONCAT("/",$B$1,"/",$B$2,"/",D41,"@V_Unit=",F41))} -> #N/A | F41: degC | G41: =100*(E41-B41)/B41 -> #N/A | H41: Lik TV5? Det er samme transpimmer i K-spice
A42: TA00 | B42: =IFERROR(_xlfn.XLOOKUP(A42,'Appendix A'!A:A,'Appendix A'!I:I),"") -> 39.16 | C42: 00TA000 | D42: 00TA000:MeasuredValue | E42: {=_xll.ReadKSpice(_xlfn.CONCAT("/",$B$1,"/",$B$2,"/",D42,"@V_Unit=",F42))} -> #N/A | F42: degC | G42: =100*(E42-B42)/B42 -> #N/A
A43: TA01 | B43: =IFERROR(_xlfn.XLOOKUP(A43,'Appendix A'!A:A,'Appendix A'!I:I),"") -> 40.79 | C43: 00TA001 | D43: 00TA001:MeasuredValue | E43: {=_xll.ReadKSpice(_xlfn.CONCAT("/",$B$1,"/",$B$2,"/",D43,"@V_Unit=",F43))} -> #N/A | F43: degC | G43: =100*(E43-B43)/B43 -> #N/A
A44: TA02 | B44: =IFERROR(_xlfn.XLOOKUP(A44,'Appendix A'!A:A,'Appendix A'!I:I),"") -> 43.82 | C44: 00TA002 | D44: 00TA002:MeasuredValue | E44: {=_xll.ReadKSpice(_xlfn.CONCAT("/",$B$1,"/",$B$2,"/",D44,"@V_Unit=",F44))} -> #N/A | F44: degC | G44: =100*(E44-B44)/B44 -> #N/A
A45: TA03 | B45: =IFERROR(_xlfn.XLOOKUP(A45,'Appendix A'!A:A,'Appendix A'!I:I),"") -> 45.76 | C45: 00TA003 | D45: 00TA003:MeasuredValue | E45: {=_xll.ReadKSpice(_xlfn.CONCAT("/",$B$1,"/",$B$2,"/",D45,"@V_Unit=",F45))} -> #N/A | F45: degC | G45: =100*(E45-B45)/B45 -> #N/A
A46: TA04 | B46: =IFERROR(_xlfn.XLOOKUP(A46,'Appendix A'!A:A,'Appendix A'!I:I),"") -> 47.36 | C46: 00TA004 | D46: 00TA004:MeasuredValue | E46: {=_xll.ReadKSpice(_xlfn.CONCAT("/",$B$1,"/",$B$2,"/",D46,"@V_Unit=",F46))} -> #N/A | F46: degC | G46: =100*(E46-B46)/B46 -> #N/A
A47: TA05 | B47: =IFERROR(_xlfn.XLOOKUP(A47,'Appendix A'!A:A,'Appendix A'!I:I),"") -> 52.69 | C47: 00TA005 | D47: 00TA005:MeasuredValue | E47: {=_xll.ReadKSpice(_xlfn.CONCAT("/",$B$1,"/",$B$2,"/",D47,"@V_Unit=",F47))} -> #N/A | F47: degC | G47: =100*(E47-B47)/B47 -> #N/A
A48: TA06 | B48: =IFERROR(_xlfn.XLOOKUP(A48,'Appendix A'!A:A,'Appendix A'!I:I),"") -> 55.6 | C48: 00TA006 | D48: 00TA006:MeasuredValue | E48: {=_xll.ReadKSpice(_xlfn.CONCAT("/",$B$1,"/",$B$2,"/",D48,"@V_Unit=",F48))} -> #N/A | F48: degC | G48: =100*(E48-B48)/B48 -> #N/A
A49: TA07 | B49: =IFERROR(_xlfn.XLOOKUP(A49,'Appendix A'!A:A,'Appendix A'!I:I),"") -> 54.88 | C49: 00TA007 | D49: 00TA007:MeasuredValue | E49: {=_xll.ReadKSpice(_xlfn.CONCAT("/",$B$1,"/",$B$2,"/",D49,"@V_Unit=",F49))} -> #N/A | F49: degC | G49: =100*(E49-B49)/B49 -> #N/A
A50: TI_15 | B50: =IFERROR(_xlfn.XLOOKUP(A50,'Appendix A'!A:A,'Appendix A'!I:I),"") -> 47.26 | C50: 00TI015 | D50: 00TI015:MeasuredValue | E50: {=_xll.ReadKSpice(_xlfn.CONCAT("/",$B$1,"/",$B$2,"/",D50,"@V_Unit=",F50))} -> #N/A | F50: degC | G50: =100*(E50-B50)/B50 -> #N/A
A51: PT11 | B51: =IFERROR(_xlfn.XLOOKUP(A51,'Appendix A'!A:A,'Appendix A'!I:I),"") -> 6.78 | F51: l
A52: LT_01 | B52: =IFERROR(_xlfn.XLOOKUP(A52,'Appendix A'!A:A,'Appendix A'!I:I),"") -> 11.95 | F52: l | H52: Antar dette er extra column (dp)
A53: PT11 + LT_01 | B53: =B51+B52 -> 18.73 | C53: 00QIT001 | D53: 00QIT001:MeasuredValue | E53: {=_xll.ReadKSpice(_xlfn.CONCAT("/",$B$1,"/",$B$2,"/",D53,"@V_Unit=",F53))} -> #N/A | F53: l | G53: =100*(E53-B53)/B53 -> #N/A | H53: Absorber drum i K-spice = PT11 + LT_01
A55: FLOW OUT OF ABSORBER
A56: FT_101 | B56: =IFERROR(_xlfn.XLOOKUP(A56,'Appendix A'!A:A,'Appendix A'!I:I),"") -> 241.74 | C56: 00FT101 | D56: 00FT101:MeasuredValue | E56: {=_xll.ReadKSpice(_xlfn.CONCAT("/",$B$1,"/",$B$2,"/",D56,"@V_Unit=",F56))} -> #N/A | F56: kg/h | G56: =100*(E56-B56)/B56 -> #N/A
A57: TI_01 | B57: =IFERROR(_xlfn.XLOOKUP(A57,'Appendix A'!A:A,'Appendix A'!I:I),"") -> 39.16 | F57: degC | H57: Denne eksisterer ikke i K-Spice
A58: TI_03 | B58: =IFERROR(_xlfn.XLOOKUP(A58,'Appendix A'!A:A,'Appendix A'!I:I),"") -> 43.21 | C58: 00TI003 | D58: 00TI003:MeasuredValue | E58: {=_xll.ReadKSpice(_xlfn.CONCAT("/",$B$1,"/",$B$2,"/",D58,"@V_Unit=",F58))} -> #N/A | F58: degC | G58: =100*(E58-B58)/B58 -> #N/A
A59: TI_04 | B59: =IFERROR(_xlfn.XLOOKUP(A59,'Appendix A'!A:A,'Appendix A'!I:I),"") -> 38.56 | C59: 00TI004 | D59: 00TI004:MeasuredValue | E59: {=_xll.ReadKSpice(_xlfn.CONCAT("/",$B$1,"/",$B$2,"/",D59,"@V_Unit=",F59))} -> #N/A | F59: degC | G59: =100*(E59-B59)/B59 -> #N/A
A61: DESORBER
A62: TS01 | B62: =IFERROR(_xlfn.XLOOKUP(A62,'Appendix A'!A:A,'Appendix A'!I:I),"") -> 113.24 | C62: 01TS001 | D62: 01TS001:MeasuredValue | E62: {=_xll.ReadKSpice(_xlfn.CONCAT("/",$B$1,"/",$B$2,"/",D62,"@V_Unit=",F62))} -> #N/A | F62: degC | G62: =100*(E62-B62)/B62 -> #N/A
A63: TS02 | B63: =IFERROR(_xlfn.XLOOKUP(A63,'Appendix A'!A:A,'Appendix A'!I:I),"") -> 101.82 | C63: 01TS002 | D63: 01TS002:MeasuredValue | E63: {=_xll.ReadKSpice(_xlfn.CONCAT("/",$B$1,"/",$B$2,"/",D63,"@V_Unit=",F63))} -> #N/A | F63: degC | G63: =100*(E63-B63)/B63 -> #N/A
A64: TS03 | B64: =IFERROR(_xlfn.XLOOKUP(A64,'Appendix A'!A:A,'Appendix A'!I:I),"") -> 101.69 | C64: 01TS003 | D64: 01TS003:MeasuredValue | E64: {=_xll.ReadKSpice(_xlfn.CONCAT("/",$B$1,"/",$B$2,"/",D64,"@V_Unit=",F64))} -> #N/A | F64: degC | G64: =100*(E64-B64)/B64 -> #N/A
A65: TS04 | B65: =IFERROR(_xlfn.XLOOKUP(A65,'Appendix A'!A:A,'Appendix A'!I:I),"") -> 101.99 | C65: 01TS004 | D65: 01TS004:MeasuredValue | E65: {=_xll.ReadKSpice(_xlfn.CONCAT("/",$B$1,"/",$B$2,"/",D65,"@V_Unit=",F65))} -> #N/A | F65: degC | G65: =100*(E65-B65)/B65 -> #N/A
A66: TS05 | B66: =IFERROR(_xlfn.XLOOKUP(A66,'Appendix A'!A:A,'Appendix A'!I:I),"") -> 102.18 | C66: 01TS005 | D66: 01TS005:MeasuredValue | E66: {=_xll.ReadKSpice(_xlfn.CONCAT("/",$B$1,"/",$B$2,"/",D66,"@V_Unit=",F66))} -> #N/A | F66: degC | G66: =100*(E66-B66)/B66 -> #N/A
A67: TI_07 | B67: =IFERROR(_xlfn.XLOOKUP(A67,'Appendix A'!A:A,'Appendix A'!I:I),"") -> 102.8 | C67: 01TI007 | D67: 01TI007:MeasuredValue | E67: {=_xll.ReadKSpice(_xlfn.CONCAT("/",$B$1,"/",$B$2,"/",D67,"@V_Unit=",F67))} -> #N/A | F67: degC | G67: =100*(E67-B67)/B67 -> #N/A
A68: TI_09 | B68: =IFERROR(_xlfn.XLOOKUP(A68,'Appendix A'!A:A,'Appendix A'!I:I),"") -> 108.57 | C68: 01TI009 | D68: 01TI009:MeasuredValue | E68: {=_xll.ReadKSpice(_xlfn.CONCAT("/",$B$1,"/",$B$2,"/",D68,"@V_Unit=",F68))} -> #N/A | F68: degC | G68: =100*(E68-B68)/B68 -> #N/A
A69: TI_11 | B69: =IFERROR(_xlfn.XLOOKUP(A69,'Appendix A'!A:A,'Appendix A'!I:I),"") -> 101.07 | C69: 01TI011 | D69: 01TI011:MeasuredValue | E69: {=_xll.ReadKSpice(_xlfn.CONCAT("/",$B$1,"/",$B$2,"/",D69,"@V_Unit=",F69))} -> #N/A | F69: degC | G69: =100*(E69-B69)/B69 -> #N/A
A71: REBOILER
A72: FT_EH | B72: =IFERROR(_xlfn.XLOOKUP(A72,'Appendix A'!A:A,'Appendix A'!I:I),"") -> 3.49 | C72: 04FT001 | D72: 04FT001:MeasuredValue | E72: {=_xll.ReadKSpice(_xlfn.CONCAT("/",$B$1,"/",$B$2,"/",D72,"@V_Unit=",F72))} -> #N/A | F72: kg/h | G72: =100*(E72-B72)/B72 -> #N/A
A73: HE_04/05/06 | B73: =IFERROR(_xlfn.XLOOKUP(A73,'Appendix A'!A:A,'Appendix A'!I:I),"") -> 8.33 | C73: 02QI001 | D73: 02QI001:MeasuredValue | E73: {=_xll.ReadKSpice(_xlfn.CONCAT("/",$B$1,"/",$B$2,"/",D73,"@V_Unit=",F73))} -> #N/A | F73: kW | G73: =100*(E73-B73)/B73 -> #N/A
A74: LT_02 | B74: =IFERROR(_xlfn.XLOOKUP(A74,'Appendix A'!A:A,'Appendix A'!I:I),"") -> 54.39 | C74: 02QIT001 | D74: 02QIT001:MeasuredValue | E74: {=_xll.ReadKSpice(_xlfn.CONCAT("/",$B$1,"/",$B$2,"/",D74,"@V_Unit=",F74))} -> #N/A | F74: l | G74: =100*(E74-B74)/B74 -> #N/A
A75: PT_02 | B75: =IFERROR(_xlfn.XLOOKUP(A75,'Appendix A'!A:A,'Appendix A'!I:I),"") -> 0.7 | C75: 02PI002 | D75: 02PI002:MeasuredValue | E75: {=_xll.ReadKSpice(_xlfn.CONCAT("/",$B$1,"/",$B$2,"/",D75,"@V_Unit=",F75))} -> #N/A | F75: barg | G75: =100*(E75-B75)/B75 -> #N/A
A76: TI_08 | B76: =IFERROR(_xlfn.XLOOKUP(A76,'Appendix A'!A:A,'Appendix A'!I:I),"") -> 19.07 | C76: 04TI008 | D76: 04TI008:MeasuredValue | E76: {=_xll.ReadKSpice(_xlfn.CONCAT("/",$B$1,"/",$B$2,"/",D76,"@V_Unit=",F76))} -> #N/A | F76: degC | G76: =100*(E76-B76)/B76 -> #N/A
A77: TI10 | B77: =IFERROR(_xlfn.XLOOKUP(A77,'Appendix A'!A:A,'Appendix A'!I:I),"") -> 113.85 | C77: 02TI010 | D77: 02TI010:MeasuredValue | E77: {=_xll.ReadKSpice(_xlfn.CONCAT("/",$B$1,"/",$B$2,"/",D77,"@V_Unit=",F77))} -> #N/A | F77: degC | G77: =100*(E77-B77)/B77 -> #N/A
A79: CONDENSER
A80: FT_EM | B80: =IFERROR(_xlfn.XLOOKUP(A80,'Appendix A'!A:A,'Appendix A'!I:I),"") -> 6.63 | C80: 04FT004 | D80: 04FT004:MeasuredValue | E80: {=_xll.ReadKSpice(_xlfn.CONCAT("/",$B$1,"/",$B$2,"/",D80,"@V_Unit=",F80))} -> #N/A | F80: kg/h | G80: =100*(E80-B80)/B80 -> #N/A
A81: PT_04 | B81: =IFERROR(_xlfn.XLOOKUP(A81,'Appendix A'!A:A,'Appendix A'!I:I),"") -> 0.68 | C81: 04PT004 | D81: 04PT004:MeasuredValue | E81: {=_xll.ReadKSpice(_xlfn.CONCAT("/",$B$1,"/",$B$2,"/",D81,"@V_Unit=",F81))} -> #N/A | F81: barg | G81: =100*(E81-B81)/B81 -> #N/A
A83: EX01 | B83: =IFERROR(_xlfn.XLOOKUP(A83,'Appendix A'!A:A,'Appendix A'!D:D),"")
A84: TT103 | B84: =IFERROR(_xlfn.XLOOKUP(A84,'Appendix A'!A:A,'Appendix A'!I:I),"") -> 41.48 | C84: 01TT103 | D84: 01TT103:MeasuredValue | E84: {=_xll.ReadKSpice(_xlfn.CONCAT("/",$B$1,"/",$B$2,"/",D84,"@V_Unit=",F84))} -> #N/A | F84: degC | G84: =100*(E84-B84)/B84 -> #N/A
A85: TI_20 | B85: =IFERROR(_xlfn.XLOOKUP(A85,'Appendix A'!A:A,'Appendix A'!I:I),"") | C85: 02TI020 | D85: 02TI020:MeasuredValue | E85: {=_xll.ReadKSpice(_xlfn.CONCAT("/",$B$1,"/",$B$2,"/",D85,"@V_Unit=",F85))} -> #N/A | F85: degC | G85: =100*(E85-B85)/B85 -> #N/A | H85: Finnes ikke i Appendix A
A86: TI_06 | B86: =IFERROR(_xlfn.XLOOKUP(A86,'Appendix A'!A:A,'Appendix A'!I:I),"") -> 105.44 | C86: 01TI006 | D86: 01TI006:MeasuredValue | E86: {=_xll.ReadKSpice(_xlfn.CONCAT("/",$B$1,"/",$B$2,"/",D86,"@V_Unit=",F86))} -> #N/A | F86: degC | G86: =100*(E86-B86)/B86 -> #N/A
A88: EX03
A89: TT_01 | B89: =IFERROR(_xlfn.XLOOKUP(A89,'Appendix A'!A:A,'Appendix A'!I:I),"") -> 30.6 | C89: 03TT001 | D89: 03TT001:MeasuredValue | E89: {=_xll.ReadKSpice(_xlfn.CONCAT("/",$B$1,"/",$B$2,"/",D89,"@V_Unit=",F89))} -> #N/A | F89: degC | G89: =100*(E89-B89)/B89 -> #N/A
A91: EX04
A92: TT_02 | B92: =IFERROR(_xlfn.XLOOKUP(A92,'Appendix A'!A:A,'Appendix A'!I:I),"") -> 22.26 | C92: 04TT002 | D92: 04TT002:MeasuredValue | E92: {=_xll.ReadKSpice(_xlfn.CONCAT("/",$B$1,"/",$B$2,"/",D92,"@V_Unit=",F92))} -> #N/A | F92: degC | G92: =100*(E92-B92)/B92 -> #N/A
A94: UKJENT PLASSERING
A95: FT_VASK | B95: =IFERROR(_xlfn.XLOOKUP(A95,'Appendix A'!A:A,'Appendix A'!I:I),"") -> 228.23 | E95: {=_xll.ReadKSpice(_xlfn.CONCAT("/",$B$1,"/",$B$2,"/",D95,"@V_Unit=",F95))} -> #N/A | F95: kg/h | G95: =100*(E95-B95)/B95 -> #N/A
A96: QT_100 | B96: =IFERROR(_xlfn.XLOOKUP(A96,'Appendix A'!A:A,'Appendix A'!I:I),"") -> 1.071 | E96: {=_xll.ReadKSpice(_xlfn.CONCAT("/",$B$1,"/",$B$2,"/",D96,"@V_Unit=",F96))} -> #N/A | F96: kg/l | G96: =100*(E96-B96)/B96 -> #N/A
A97: QT_101 | B97: =IFERROR(_xlfn.XLOOKUP(A97,'Appendix A'!A:A,'Appendix A'!I:I),"") -> 1.096 | E97: {=_xll.ReadKSpice(_xlfn.CONCAT("/",$B$1,"/",$B$2,"/",D97,"@V_Unit=",F97))} -> #N/A | F97: kg/l | G97: =100*(E97-B97)/B97 -> #N/A
A98: TI_05 | B98: =IFERROR(_xlfn.XLOOKUP(A98,'Appendix A'!A:A,'Appendix A'!I:I),"") -> 36.46 | E98: {=_xll.ReadKSpice(_xlfn.CONCAT("/",$B$1,"/",$B$2,"/",D98,"@V_Unit=",F98))} -> #N/A | F98: degC | G98: =100*(E98-B98)/B98 -> #N/A
A99: TT_03 | B99: =IFERROR(_xlfn.XLOOKUP(A99,'Appendix A'!A:A,'Appendix A'!I:I),"") -> 37.09 | E99: {=_xll.ReadKSpice(_xlfn.CONCAT("/",$B$1,"/",$B$2,"/",D99,"@V_Unit=",F99))} -> #N/A | F99: degC | G99: =100*(E99-B99)/B99 -> #N/A

Sheet SS case 8
A1: Timeline: | B1: Engineering
A2: Model server: | B2: ProcessModel
A4: Case: | B4: 8
A6: Fargevisning:
A7: Grønn: | B7: 0 | C7: 5
A8: Gul: | B8: 5 | C8: 10
A9: Rød: | B9: 10 | C9: 100
A11: TAG in literature | B11: Value from Appendix A | C11: TAG in model | D11: Data-tag in model | E11: SimulatedValue | F11: unit | G11: % deviation | H11: Comment
A12: SETPOINTS SET IN MCL
A13: FT06 | B13: =IFERROR(_xlfn.XLOOKUP(A13,'Appendix A'!A:A,'Appendix A'!J:J),"") -> 118.57 | C13: 00FIC001 | D13: 00FIC001:InternalSetpoint | E13: {=_xll.ReadKSpice(_xlfn.CONCAT("/",$B$1,"/",$B$2,"/",D13,"@V_Unit=",F13))} -> #N/A | F13: m3/h | G13: =100*(E13-B13)/B13 -> #N/A | H13: Gas Flow Rate
A14: FT_100 | B14: =IFERROR(_xlfn.XLOOKUP(A14,'Appendix A'!A:A,'Appendix A'!J:J),"") -> 239.09 | C14: 00FC001 | D14: 00FC001:InternalSetpoint | E14: {=_xll.ReadKSpice(_xlfn.CONCAT("/",$B$1,"/",$B$2,"/",D14,"@V_Unit=",F14))} -> #N/A | F14: kg/h | G14: =100*(E14-B14)/B14 -> #N/A | H14: Solvent Flow Rate Lean input
A15: PI_103 | B15: =IFERROR(_xlfn.XLOOKUP(A15,'Appendix A'!A:A,'Appendix A'!J:J),"") -> 1014.5 | C15: 00PIC001 | D15: 00PIC001:InternalSetpoint | E15: {=_xll.ReadKSpice(_xlfn.CONCAT("/",$B$1,"/",$B$2,"/",D15,"@V_Unit=",F15))} -> #N/A | F15: mbara | G15: =100*(E15-B15)/B15 -> #N/A | H15: Pressure of flue gas boundry
A16: TA08 | B16: =IFERROR(_xlfn.XLOOKUP(A16,'Appendix A'!A:A,'Appendix A'!J:J),"") -> 40.9 | C16: LeanMEA_inn | D16: LeanMEA_inn:InstructorTemperature | E16: {=_xll.ReadKSpice(_xlfn.CONCAT("/",$B$1,"/",$B$2,"/",D16,"@V_Unit=",F16))} -> #N/A | F16: degC | G16: =100*(E16-B16)/B16 -> #N/A | H16: Temperature Lean Solvent LeanMEA_inn
A17: TA08 | B17: =IFERROR(_xlfn.XLOOKUP(A17,'Appendix A'!A:A,'Appendix A'!J:J),"") -> 40.9 | C17: 02TIC002 | D17: 02TIC002:InternalSetpoint | E17: {=_xll.ReadKSpice(_xlfn.CONCAT("/",$B$1,"/",$B$2,"/",D17,"@V_Unit=",F17))} -> #N/A | F17: degC | G17: =100*(E17-B17)/B17 -> #N/A | H17: Temperature Lean Solvent LeanMEA_ut
A18: HE_04/05/06 | B18: =IFERROR(_xlfn.XLOOKUP(A18,'Appendix A'!A:A,'Appendix A'!J:J),"") -> 8.26 | C18: 02QIC001 | D18: 02QIC001:InternalSetpoint | E18: {=_xll.ReadKSpice(_xlfn.CONCAT("/",$B$1,"/",$B$2,"/",D18,"@V_Unit=",F18))} -> #N/A | F18: kW | G18: =100*(E18-B18)/B18 -> #N/A | H18: Reboiler Duty
A19: TAB | B19: =IFERROR(_xlfn.XLOOKUP(A19,'Appendix A'!A:A,'Appendix A'!J:J),"") -> 36.57 | C19: 00TIC000 | D19: 00TIC000:InternalSetpoint | E19: {=_xll.ReadKSpice(_xlfn.CONCAT("/",$B$1,"/",$B$2,"/",D19,"@V_Unit=",F19))} -> #N/A | F19: degC | G19: =100*(E19-B19)/B19 -> #N/A | H19: Absorber Inlet CO2 Temperature
B20: =IFERROR(_xlfn.XLOOKUP(A20,'Appendix A'!A:A,'Appendix A'!J:J),"") -> 0 | C20: LAL_IN | D20: LAL_IN:Output | E20: {=_xll.ReadKSpice(_xlfn.CONCAT("/",$B$1,"/",$B$2,"/",D20,"@V_Unit=",F20))} -> #N/A | F20: mol/mol | G20: =100*(E20-B20)/B20 -> #N/A | H20: CO2 Loading Lean input
A21: PI_100 | B21: =IFERROR(_xlfn.XLOOKUP(A21,'Appendix A'!A:A,'Appendix A'!J:J),"") -> 1001.61 | C21: 00PIC002 | D21: 00PIC002:InternalSetpoint | E21: {=_xll.ReadKSpice(_xlfn.CONCAT("/",$B$1,"/",$B$2,"/",D21,"@V_Unit=",F21))} -> #N/A | F21: mbara | G21: =100*(E21-B21)/B21 -> #N/A | H21: Pressure in absorber
A22: PT_02 | B22: =IFERROR(_xlfn.XLOOKUP(A22,'Appendix A'!A:A,'Appendix A'!J:J),"") -> 0.7 | C22: 04PIC001 | D22: 04PIC001:InternalSetpoint | E22: {=_xll.ReadKSpice(_xlfn.CONCAT("/",$B$1,"/",$B$2,"/",D22,"@V_Unit=",F22))} -> #N/A | F22: barg | G22: =100*(E22-B22)/B22 -> #N/A | H22: Pressure in reboiler
A23: TT_01 | B23: =IFERROR(_xlfn.XLOOKUP(A23,'Appendix A'!A:A,'Appendix A'!J:J),"") -> 30.63 | C23: 03TIC001 | D23: 03TIC001:InternalSetpoint | E23: {=_xll.ReadKSpice(_xlfn.CONCAT("/",$B$1,"/",$B$2,"/",D23,"@V_Unit=",F23))} -> #N/A | F23: degC | G23: =100*(E23-B23)/B23 -> #N/A | H23: EX03 cooling loop
A24: TT_02 | B24: =IFERROR(_xlfn.XLOOKUP(A24,'Appendix A'!A:A,'Appendix A'!J:J),"") -> 18.94 | C24: 04TIC001 | D24: 04TIC001:InternalSetpoint | E24: {=_xll.ReadKSpice(_xlfn.CONCAT("/",$B$1,"/",$B$2,"/",D24,"@V_Unit=",F24))} -> #N/A | F24: degC | G24: =100*(E24-B24)/B24 -> #N/A | H24: EX04 cooling loop
A26: FLOW INTO ABSORBER
A27: FT06 | B27: =IFERROR(_xlfn.XLOOKUP(A27,'Appendix A'!A:A,'Appendix A'!J:J),"") -> 118.57 | C27: 00FT001 | D27: 00FT001:MeasuredValue | E27: {=_xll.ReadKSpice(_xlfn.CONCAT("/",$B$1,"/",$B$2,"/",D27,"@V_Unit=",F27))} -> #N/A | F27: m3/h | G27: =100*(E27-B27)/B27 -> #N/A
A28: PI_103 | B28: =IFERROR(_xlfn.XLOOKUP(A28,'Appendix A'!A:A,'Appendix A'!J:J),"") -> 1014.5 | C28: 00PT001 | D28: 00PT001:MeasuredValue | E28: {=_xll.ReadKSpice(_xlfn.CONCAT("/",$B$1,"/",$B$2,"/",D28,"@V_Unit=",F28))} -> #N/A | F28: mbara | G28: =100*(E28-B28)/B28 -> #N/A
A29: TV5 | B29: =IFERROR(_xlfn.XLOOKUP(A29,'Appendix A'!A:A,'Appendix A'!J:J),"") -> 37.87 | C29: 00TAB000 | D29: 00TAB000:MeasuredValue | E29: {=_xll.ReadKSpice(_xlfn.CONCAT("/",$B$1,"/",$B$2,"/",D29,"@V_Unit=",F29))} -> #N/A | F29: degC | G29: =100*(E29-B29)/B29 -> #N/A
A30: FT_100 | B30: =IFERROR(_xlfn.XLOOKUP(A30,'Appendix A'!A:A,'Appendix A'!J:J),"") -> 239.09 | C30: 00FT003 | D30: 00FT003:MeasuredValue | E30: {=_xll.ReadKSpice(_xlfn.CONCAT("/",$B$1,"/",$B$2,"/",D30,"@V_Unit=",F30))} -> #N/A | F30: kg/h | G30: =100*(E30-B30)/B30 -> #N/A
A31: TA08 | B31: =IFERROR(_xlfn.XLOOKUP(A31,'Appendix A'!A:A,'Appendix A'!J:J),"") -> 40.9 | C31: LeanAmineInput | D31: LeanAmineInput:OutletStream.t | E31: {=_xll.ReadKSpice(_xlfn.CONCAT("/",$B$1,"/",$B$2,"/",D31,"@V_Unit=",F31))} -> #N/A | F31: degC | G31: =100*(E31-B31)/B31 -> #N/A | H31: Temperature Lean Solvent LeanMEA_inn
A32: TA08 | B32: =IFERROR(_xlfn.XLOOKUP(A32,'Appendix A'!A:A,'Appendix A'!J:J),"") -> 40.9 | C32: 02TT002 | D32: 02TT002:MeasuredValue | E32: {=_xll.ReadKSpice(_xlfn.CONCAT("/",$B$1,"/",$B$2,"/",D32,"@V_Unit=",F32))} -> #N/A | F32: degC | G32: =100*(E32-B32)/B32 -> #N/A | H32: Temperature Lean Solvent LeanMEA_ut
A34: ABSORBER
A35: CO2_IN | B35: =IFERROR(_xlfn.XLOOKUP(A35,'Appendix A'!A:A,'Appendix A'!J:J),"") -> 1.55 | C35: GasToAbsorber | D35: GasToAbsorber:OutputCompositionVector[4] | E35: {=_xll.ReadKSpice(_xlfn.CONCAT("/",$B$1,"/",$B$2,"/",D35,"@V_Unit=",F35))} -> #N/A | F35: % | G35: =100*(E35-B35)/B35 -> #N/A | H35: % CO2
A36: CO2_OUT (Gas) | B36: =IFERROR(_xlfn.XLOOKUP(A36,'Appendix A'!A:A,'Appendix A'!D:D),"") | C36: GasFromAbsorber | D36: GasFromAbsorber:OutputCompositionVector[4] | E36: {=_xll.ReadKSpice(_xlfn.CONCAT("/",$B$1,"/",$B$2,"/",D36,"@V_Unit=",F36))} -> #N/A | F36: % | H36: CO2 in gas form
A37: CO2_OUT (In MEA) | B37: =IFERROR(_xlfn.XLOOKUP(A37,'Appendix A'!A:A,'Appendix A'!D:D),"") | C37: GasFromAbsorber | D37: GasFromAbsorber:OutputCompositionVector[2] | E37: {=_xll.ReadKSpice(_xlfn.CONCAT("/",$B$1,"/",$B$2,"/",D37,"@V_Unit=",F37))} -> #N/A | F37: % | H37: CO2 in MEA
A38: CO2_OUT | B38: =IFERROR(_xlfn.XLOOKUP(A38,'Appendix A'!A:A,'Appendix A'!J:J),"") -> 0 | C38: GasFromAbsorber | E38: =E37+E36 -> #N/A | F38: % | G38: =100*(E38-B38)/B38 -> #N/A | H38: Combined CO2 % in treated gas
A39: PI_100 | B39: =IFERROR(_xlfn.XLOOKUP(A39,'Appendix A'!A:A,'Appendix A'!J:J),"") -> 1001.61 | C39: 00PI100 | D39: 00PI100:MeasuredValue | E39: {=_xll.ReadKSpice(_xlfn.CONCAT("/",$B$1,"/",$B$2,"/",D39,"@V_Unit=",F39))} -> #N/A | F39: mbara | G39: =100*(E39-B39)/B39 -> #N/A
A40: PI_102 | B40: =IFERROR(_xlfn.XLOOKUP(A40,'Appendix A'!A:A,'Appendix A'!J:J),"") -> 1010.21 | C40: 00PI102 | D40: 00PI102:MeasuredValue | E40: {=_xll.ReadKSpice(_xlfn.CONCAT("/",$B$1,"/",$B$2,"/",D40,"@V_Unit=",F40))} -> #N/A | F40: mbara | G40: =100*(E40-B40)/B40 -> #N/A
A41: TAB | B41: =IFERROR(_xlfn.XLOOKUP(A41,'Appendix A'!A:A,'Appendix A'!J:J),"") -> 36.57 | C41: 00TAB000 | D41: 00TAB000:MeasuredValue | E41: {=_xll.ReadKSpice(_xlfn.CONCAT("/",$B$1,"/",$B$2,"/",D41,"@V_Unit=",F41))} -> #N/A | F41: degC | G41: =100*(E41-B41)/B41 -> #N/A | H41: Lik TV5? Det er samme transpimmer i K-spice
A42: TA00 | B42: =IFERROR(_xlfn.XLOOKUP(A42,'Appendix A'!A:A,'Appendix A'!J:J),"") -> 35.96 | C42: 00TA000 | D42: 00TA000:MeasuredValue | E42: {=_xll.ReadKSpice(_xlfn.CONCAT("/",$B$1,"/",$B$2,"/",D42,"@V_Unit=",F42))} -> #N/A | F42: degC | G42: =100*(E42-B42)/B42 -> #N/A
A43: TA01 | B43: =IFERROR(_xlfn.XLOOKUP(A43,'Appendix A'!A:A,'Appendix A'!J:J),"") -> 38.52 | C43: 00TA001 | D43: 00TA001:MeasuredValue | E43: {=_xll.ReadKSpice(_xlfn.CONCAT("/",$B$1,"/",$B$2,"/",D43,"@V_Unit=",F43))} -> #N/A | F43: degC | G43: =100*(E43-B43)/B43 -> #N/A
A44: TA02 | B44: =IFERROR(_xlfn.XLOOKUP(A44,'Appendix A'!A:A,'Appendix A'!J:J),"") -> 42.51 | C44: 00TA002 | D44: 00TA002:MeasuredValue | E44: {=_xll.ReadKSpice(_xlfn.CONCAT("/",$B$1,"/",$B$2,"/",D44,"@V_Unit=",F44))} -> #N/A | F44: degC | G44: =100*(E44-B44)/B44 -> #N/A
A45: TA03 | B45: =IFERROR(_xlfn.XLOOKUP(A45,'Appendix A'!A:A,'Appendix A'!J:J),"") -> 44.62 | C45: 00TA003 | D45: 00TA003:MeasuredValue | E45: {=_xll.ReadKSpice(_xlfn.CONCAT("/",$B$1,"/",$B$2,"/",D45,"@V_Unit=",F45))} -> #N/A | F45: degC | G45: =100*(E45-B45)/B45 -> #N/A
A46: TA04 | B46: =IFERROR(_xlfn.XLOOKUP(A46,'Appendix A'!A:A,'Appendix A'!J:J),"") -> 45.99 | C46: 00TA004 | D46: 00TA004:MeasuredValue | E46: {=_xll.ReadKSpice(_xlfn.CONCAT("/",$B$1,"/",$B$2,"/",D46,"@V_Unit=",F46))} -> #N/A | F46: degC | G46: =100*(E46-B46)/B46 -> #N/A
A47: TA05 | B47: =IFERROR(_xlfn.XLOOKUP(A47,'Appendix A'!A:A,'Appendix A'!J:J),"") -> 48.32 | C47: 00TA005 | D47: 00TA005:MeasuredValue | E47: {=_xll.ReadKSpice(_xlfn.CONCAT("/",$B$1,"/",$B$2,"/",D47,"@V_Unit=",F47))} -> #N/A | F47: degC | G47: =100*(E47-B47)/B47 -> #N/A
A48: TA06 | B48: =IFERROR(_xlfn.XLOOKUP(A48,'Appendix A'!A:A,'Appendix A'!J:J),"") -> 46.78 | C48: 00TA006 | D48: 00TA006:MeasuredValue | E48: {=_xll.ReadKSpice(_xlfn.CONCAT("/",$B$1,"/",$B$2,"/",D48,"@V_Unit=",F48))} -> #N/A | F48: degC | G48: =100*(E48-B48)/B48 -> #N/A
A49: TA07 | B49: =IFERROR(_xlfn.XLOOKUP(A49,'Appendix A'!A:A,'Appendix A'!J:J),"") -> 44.16 | C49: 00TA007 | D49: 00TA007:MeasuredValue | E49: {=_xll.ReadKSpice(_xlfn.CONCAT("/",$B$1,"/",$B$2,"/",D49,"@V_Unit=",F49))} -> #N/A | F49: degC | G49: =100*(E49-B49)/B49 -> #N/A
A50: TI_15 | B50: =IFERROR(_xlfn.XLOOKUP(A50,'Appendix A'!A:A,'Appendix A'!J:J),"") -> 39.43 | C50: 00TI015 | D50: 00TI015:MeasuredValue | E50: {=_xll.ReadKSpice(_xlfn.CONCAT("/",$B$1,"/",$B$2,"/",D50,"@V_Unit=",F50))} -> #N/A | F50: degC | G50: =100*(E50-B50)/B50 -> #N/A
A51: PT11 | B51: =IFERROR(_xlfn.XLOOKUP(A51,'Appendix A'!A:A,'Appendix A'!J:J),"") -> 5.67 | F51: l
A52: LT_01 | B52: =IFERROR(_xlfn.XLOOKUP(A52,'Appendix A'!A:A,'Appendix A'!J:J),"") -> 11.95 | F52: l | H52: Antar dette er extra column (dp)
A53: PT11 + LT_01 | B53: =B51+B52 -> 17.62 | C53: 00QIT001 | D53: 00QIT001:MeasuredValue | E53: {=_xll.ReadKSpice(_xlfn.CONCAT("/",$B$1,"/",$B$2,"/",D53,"@V_Unit=",F53))} -> #N/A | F53: l | G53: =100*(E53-B53)/B53 -> #N/A | H53: Absorber drum i K-spice = PT11 + LT_01
A55: FLOW OUT OF ABSORBER
A56: FT_101 | B56: =IFERROR(_xlfn.XLOOKUP(A56,'Appendix A'!A:A,'Appendix A'!J:J),"") -> 240.34 | C56: 00FT101 | D56: 00FT101:MeasuredValue | E56: {=_xll.ReadKSpice(_xlfn.CONCAT("/",$B$1,"/",$B$2,"/",D56,"@V_Unit=",F56))} -> #N/A | F56: kg/h | G56: =100*(E56-B56)/B56 -> #N/A
A57: TI_01 | B57: =IFERROR(_xlfn.XLOOKUP(A57,'Appendix A'!A:A,'Appendix A'!J:J),"") -> 36.01 | F57: degC | H57: Denne eksisterer ikke i K-Spice
A58: TI_03 | B58: =IFERROR(_xlfn.XLOOKUP(A58,'Appendix A'!A:A,'Appendix A'!J:J),"") -> 36.39 | C58: 00TI003 | D58: 00TI003:MeasuredValue | E58: {=_xll.ReadKSpice(_xlfn.CONCAT("/",$B$1,"/",$B$2,"/",D58,"@V_Unit=",F58))} -> #N/A | F58: degC | G58: =100*(E58-B58)/B58 -> #N/A
A59: TI_04 | B59: =IFERROR(_xlfn.XLOOKUP(A59,'Appendix A'!A:A,'Appendix A'!J:J),"") -> 35.58 | C59: 00TI004 | D59: 00TI004:MeasuredValue | E59: {=_xll.ReadKSpice(_xlfn.CONCAT("/",$B$1,"/",$B$2,"/",D59,"@V_Unit=",F59))} -> #N/A | F59: degC | G59: =100*(E59-B59)/B59 -> #N/A
A61: DESORBER
A62: TS01 | B62: =IFERROR(_xlfn.XLOOKUP(A62,'Appendix A'!A:A,'Appendix A'!J:J),"") -> 115.82 | C62: 01TS001 | D62: 01TS001:MeasuredValue | E62: {=_xll.ReadKSpice(_xlfn.CONCAT("/",$B$1,"/",$B$2,"/",D62,"@V_Unit=",F62))} -> #N/A | F62: degC | G62: =100*(E62-B62)/B62 -> #N/A
A63: TS02 | B63: =IFERROR(_xlfn.XLOOKUP(A63,'Appendix A'!A:A,'Appendix A'!J:J),"") -> 111.92 | C63: 01TS002 | D63: 01TS002:MeasuredValue | E63: {=_xll.ReadKSpice(_xlfn.CONCAT("/",$B$1,"/",$B$2,"/",D63,"@V_Unit=",F63))} -> #N/A | F63: degC | G63: =100*(E63-B63)/B63 -> #N/A
A64: TS03 | B64: =IFERROR(_xlfn.XLOOKUP(A64,'Appendix A'!A:A,'Appendix A'!J:J),"") -> 111.39 | C64: 01TS003 | D64: 01TS003:MeasuredValue | E64: {=_xll.ReadKSpice(_xlfn.CONCAT("/",$B$1,"/",$B$2,"/",D64,"@V_Unit=",F64))} -> #N/A | F64: degC | G64: =100*(E64-B64)/B64 -> #N/A
A65: TS04 | B65: =IFERROR(_xlfn.XLOOKUP(A65,'Appendix A'!A:A,'Appendix A'!J:J),"") -> 111.62 | C65: 01TS004 | D65: 01TS004:MeasuredValue | E65: {=_xll.ReadKSpice(_xlfn.CONCAT("/",$B$1,"/",$B$2,"/",D65,"@V_Unit=",F65))} -> #N/A | F65: degC | G65: =100*(E65-B65)/B65 -> #N/A
A66: TS05 | B66: =IFERROR(_xlfn.XLOOKUP(A66,'Appendix A'!A:A,'Appendix A'!J:J),"") -> 111.24 | C66: 01TS005 | D66: 01TS005:MeasuredValue | E66: {=_xll.ReadKSpice(_xlfn.CONCAT("/",$B$1,"/",$B$2,"/",D66,"@V_Unit=",F66))} -> #N/A | F66: degC | G66: =100*(E66-B66)/B66 -> #N/A
A67: TI_07 | B67: =IFERROR(_xlfn.XLOOKUP(A67,'Appendix A'!A:A,'Appendix A'!J:J),"") -> 109.65 | C67: 01TI007 | D67: 01TI007:MeasuredValue | E67: {=_xll.ReadKSpice(_xlfn.CONCAT("/",$B$1,"/",$B$2,"/",D67,"@V_Unit=",F67))} -> #N/A | F67: degC | G67: =100*(E67-B67)/B67 -> #N/A
A68: TI_09 | B68: =IFERROR(_xlfn.XLOOKUP(A68,'Appendix A'!A:A,'Appendix A'!J:J),"") -> 113.87 | C68: 01TI009 | D68: 01TI009:MeasuredValue | E68: {=_xll.ReadKSpice(_xlfn.CONCAT("/",$B$1,"/",$B$2,"/",D68,"@V_Unit=",F68))} -> #N/A | F68: degC | G68: =100*(E68-B68)/B68 -> #N/A
A69: TI_11 | B69: =IFERROR(_xlfn.XLOOKUP(A69,'Appendix A'!A:A,'Appendix A'!J:J),"") -> 110.38 | C69: 01TI011 | D69: 01TI011:MeasuredValue | E69: {=_xll.ReadKSpice(_xlfn.CONCAT("/",$B$1,"/",$B$2,"/",D69,"@V_Unit=",F69))} -> #N/A | F69: degC | G69: =100*(E69-B69)/B69 -> #N/A
A71: REBOILER
A72: FT_EH | B72: =IFERROR(_xlfn.XLOOKUP(A72,'Appendix A'!A:A,'Appendix A'!J:J),"") -> 5.42 | C72: 04FT001 | D72: 04FT001:MeasuredValue | E72: {=_xll.ReadKSpice(_xlfn.CONCAT("/",$B$1,"/",$B$2,"/",D72,"@V_Unit=",F72))} -> #N/A | F72: kg/h | G72: =100*(E72-B72)/B72 -> #N/A
A73: HE_04/05/06 | B73: =IFERROR(_xlfn.XLOOKUP(A73,'Appendix A'!A:A,'Appendix A'!J:J),"") -> 8.26 | C73: 02QI001 | D73: 02QI001:MeasuredValue | E73: {=_xll.ReadKSpice(_xlfn.CONCAT("/",$B$1,"/",$B$2,"/",D73,"@V_Unit=",F73))} -> #N/A | F73: kW | G73: =100*(E73-B73)/B73 -> #N/A
A74: LT_02 | B74: =IFERROR(_xlfn.XLOOKUP(A74,'Appendix A'!A:A,'Appendix A'!J:J),"") -> 54.4 | C74: 02QIT001 | D74: 02QIT001:MeasuredValue | E74: {=_xll.ReadKSpice(_xlfn.CONCAT("/",$B$1,"/",$B$2,"/",D74,"@V_Unit=",F74))} -> #N/A | F74: l | G74: =100*(E74-B74)/B74 -> #N/A
A75: PT_02 | B75: =IFERROR(_xlfn.XLOOKUP(A75,'Appendix A'!A:A,'Appendix A'!J:J),"") -> 0.7 | C75: 02PI002 | D75: 02PI002:MeasuredValue | E75: {=_xll.ReadKSpice(_xlfn.CONCAT("/",$B$1,"/",$B$2,"/",D75,"@V_Unit=",F75))} -> #N/A | F75: barg | G75: =100*(E75-B75)/B75 -> #N/A
A76: TI_08 | B76: =IFERROR(_xlfn.XLOOKUP(A76,'Appendix A'!A:A,'Appendix A'!J:J),"") -> 15.51 | C76: 04TI008 | D76: 04TI008:MeasuredValue | E76: {=_xll.ReadKSpice(_xlfn.CONCAT("/",$B$1,"/",$B$2,"/",D76,"@V_Unit=",F76))} -> #N/A | F76: degC | G76: =100*(E76-B76)/B76 -> #N/A
A77: TI10 | B77: =IFERROR(_xlfn.XLOOKUP(A77,'Appendix A'!A:A,'Appendix A'!J:J),"") -> 116.16 | C77: 02TI010 | D77: 02TI010:MeasuredValue | E77: {=_xll.ReadKSpice(_xlfn.CONCAT("/",$B$1,"/",$B$2,"/",D77,"@V_Unit=",F77))} -> #N/A | F77: degC | G77: =100*(E77-B77)/B77 -> #N/A
A79: CONDENSER
A80: FT_EM | B80: =IFERROR(_xlfn.XLOOKUP(A80,'Appendix A'!A:A,'Appendix A'!J:J),"") -> 3.25 | C80: 04FT004 | D80: 04FT004:MeasuredValue | E80: {=_xll.ReadKSpice(_xlfn.CONCAT("/",$B$1,"/",$B$2,"/",D80,"@V_Unit=",F80))} -> #N/A | F80: kg/h | G80: =100*(E80-B80)/B80 -> #N/A
A81: PT_04 | B81: =IFERROR(_xlfn.XLOOKUP(A81,'Appendix A'!A:A,'Appendix A'!J:J),"") -> 0.7 | C81: 04PT004 | D81: 04PT004:MeasuredValue | E81: {=_xll.ReadKSpice(_xlfn.CONCAT("/",$B$1,"/",$B$2,"/",D81,"@V_Unit=",F81))} -> #N/A | F81: barg | G81: =100*(E81-B81)/B81 -> #N/A
A83: EX01 | B83: =IFERROR(_xlfn.XLOOKUP(A83,'Appendix A'!A:A,'Appendix A'!D:D),"")
A84: TT103 | B84: =IFERROR(_xlfn.XLOOKUP(A84,'Appendix A'!A:A,'Appendix A'!J:J),"") -> 39.77 | C84: 01TT103 | D84: 01TT103:MeasuredValue | E84: {=_xll.ReadKSpice(_xlfn.CONCAT("/",$B$1,"/",$B$2,"/",D84,"@V_Unit=",F84))} -> #N/A | F84: degC | G84: =100*(E84-B84)/B84 -> #N/A
A85: TI_20 | B85: =IFERROR(_xlfn.XLOOKUP(A85,'Appendix A'!A:A,'Appendix A'!J:J),"") | C85: 02TI020 | D85: 02TI020:MeasuredValue | E85: {=_xll.ReadKSpice(_xlfn.CONCAT("/",$B$1,"/",$B$2,"/",D85,"@V_Unit=",F85))} -> #N/A | F85: degC | G85: =100*(E85-B85)/B85 -> #N/A | H85: Finnes ikke i Appendix A
A86: TI_06 | B86: =IFERROR(_xlfn.XLOOKUP(A86,'Appendix A'!A:A,'Appendix A'!J:J),"") -> 110.81 | C86: 01TI006 | D86: 01TI006:MeasuredValue | E86: {=_xll.ReadKSpice(_xlfn.CONCAT("/",$B$1,"/",$B$2,"/",D86,"@V_Unit=",F86))} -> #N/A | F86: degC | G86: =100*(E86-B86)/B86 -> #N/A
A88: EX03
A89: TT_01 | B89: =IFERROR(_xlfn.XLOOKUP(A89,'Appendix A'!A:A,'Appendix A'!J:J),"") -> 30.63 | C89: 03TT001 | D89: 03TT001:MeasuredValue | E89: {=_xll.ReadKSpice(_xlfn.CONCAT("/",$B$1,"/",$B$2,"/",D89,"@V_Unit=",F89))} -> #N/A | F89: degC | G89: =100*(E89-B89)/B89 -> #N/A
A91: EX04
A92: TT_02 | B92: =IFERROR(_xlfn.XLOOKUP(A92,'Appendix A'!A:A,'Appendix A'!J:J),"") -> 18.94 | C92: 04TT002 | D92: 04TT002:MeasuredValue | E92: {=_xll.ReadKSpice(_xlfn.CONCAT("/",$B$1,"/",$B$2,"/",D92,"@V_Unit=",F92))} -> #N/A | F92: degC | G92: =100*(E92-B92)/B92 -> #N/A
A94: UKJENT PLASSERING
A95: FT_VASK | B95: =IFERROR(_xlfn.XLOOKUP(A95,'Appendix A'!A:A,'Appendix A'!J:J),"") -> 251.49 | E95: {=_xll.ReadKSpice(_xlfn.CONCAT("/",$B$1,"/",$B$2,"/",D95,"@V_Unit=",F95))} -> #N/A | F95: kg/h | G95: =100*(E95-B95)/B95 -> #N/A
A96: QT_100 | B96: =IFERROR(_xlfn.XLOOKUP(A96,'Appendix A'!A:A,'Appendix A'!J:J),"") -> 1.059 | E96: {=_xll.ReadKSpice(_xlfn.CONCAT("/",$B$1,"/",$B$2,"/",D96,"@V_Unit=",F96))} -> #N/A | F96: kg/l | G96: =100*(E96-B96)/B96 -> #N/A
A97: QT_101 | B97: =IFERROR(_xlfn.XLOOKUP(A97,'Appendix A'!A:A,'Appendix A'!J:J),"") -> 1.073 | E97: {=_xll.ReadKSpice(_xlfn.CONCAT("/",$B$1,"/",$B$2,"/",D97,"@V_Unit=",F97))} -> #N/A | F97: kg/l | G97: =100*(E97-B97)/B97 -> #N/A
A98: TI_05 | B98: =IFERROR(_xlfn.XLOOKUP(A98,'Appendix A'!A:A,'Appendix A'!J:J),"") -> 36.24 | E98: {=_xll.ReadKSpice(_xlfn.CONCAT("/",$B$1,"/",$B$2,"/",D98,"@V_Unit=",F98))} -> #N/A | F98: degC | G98: =100*(E98-B98)/B98 -> #N/A
A99: TT_03 | B99: =IFERROR(_xlfn.XLOOKUP(A99,'Appendix A'!A:A,'Appendix A'!J:J),"") -> 36.84 | E99: {=_xll.ReadKSpice(_xlfn.CONCAT("/",$B$1,"/",$B$2,"/",D99,"@V_Unit=",F99))} -> #N/A | F99: degC | G99: =100*(E99-B99)/B99 -> #N/A
